Element_GUID,IFC_Type,Floor,Apartment,Trade,Construction_Type,Category,Task_Match_Count,Milestone,Original_MSP_UID,Source,Apartment_Zone,Phase,Status,Trade_Discipline,Percent_Complete,Priority,Weather_Dependent,Duration,Quantity,Responsible_Party,WBS_Code,Task_ID,Predecessor_Task_ID,Successor_Task_ID,Cost_ID,Cost_Code,Cost_Category,Description,Unit_Rate_EUR,Labor_Cost_EUR,Material_Cost_EUR,Budgeted_Cost_EUR,Actual_Cost_EUR,Variance_EUR,Variance_Percent,Committed_Cost_EUR,Forecast_Final_Cost_EUR,Retention_Percent,Retention_Held_EUR,Payment_Status,Currency,Cost_Date,Is_Milestone_Synthetic
3vSAOyJwTEhQMEIJ6D9qRY,IFCBEAM,Foundation,,Structural,Wall,Exterior,4,N,,Original,,UITVOERING,In Progress,Structural,75,High,Y,,,Main Contractor - Structural Crew,,,,130,,STR-0,Subcontract,,,,,,,,,,,5,,,EUR,,
1a49H1hof5wg_s62YvIj$u,IFCBEAM,Foundation,,Structural,Wall,Exterior,4,N,,Original,,UITVOERING,In Progress,Structural,75,High,Y,,,Main Contractor - Structural Crew,,,,130,,STR-0,Subcontract,,,,,,,,,,,5,,,EUR,,
2501ntWb95m8MEJo4qrYny,IFCBEAM,Foundation,,Structural,Wall,Exterior,4,N,,Original,,UITVOERING,In Progress,Structural,75,High,Y,,,Main Contractor - Structural Crew,,,,130,,STR-0,Subcontract,,,,,,,,,,,5,,,EUR,,
1HNUZLqr52MQIS8JLIpeyr,IFCBEAM,Foundation,,Structural,Wall,Exterior,4,N,,Original,,UITVOERING,In Progress,Structural,75,High,Y,,,Main Contractor - Structural Crew,,,,130,,STR-0,Subcontract,,,,,,,,,,,5,,,EUR,,
3yL4PuBWf5GQngGRpOzQj0,IFCBEAM,Foundation,,Structural,Wall,Exterior,4,N,,Original,,UITVOERING,In Progress,Structural,75,High,Y,,,Main Contractor - Structural Crew,,,,130,,STR-0,Subcontract,,,,,,,,,,,5,,,EUR,,
2CVrp1qDn4igzjEOaRy1At,IFCBEAM,Foundation,,Structural,Wall,Exterior,4,N,,Original,,UITVOERING,In Progress,Structural,75,High,Y,,,Main Contractor - Structural Crew,,,,130,,STR-0,Subcontract,,,,,,,,,,,5,,,EUR,,
1c9iYd1ID6_8SdfF0_$1oL,IFCBEAM,Foundation,,Structural,Wall,Exterior,4,N,,Original,,UITVOERING,In Progress,Structural,75,High,Y,,,Main Contractor - Structural Crew,,,,130,,STR-0,Subcontract,,,,,,,,,,,5,,,EUR,,
3rCiBKKhrDwwbew3HLeWaY,IFCBEAM,Foundation,,Structural,Wall,Exterior,4,N,,Original,,UITVOERING,In Progress,Structural,75,High,Y,,,Main Contractor - Structural Crew,,,,130,,STR-0,Subcontract,,,,,,,,,,,5,,,EUR,,
24n0GKaSvFeRV3aNSSwJju,IFCBEAM,Foundation,,Structural,Wall,Exterior,4,N,,Original,,UITVOERING,In Progress,Structural,75,High,Y,,,Main Contractor - Structural Crew,,,,130,,STR-0,Subcontract,,,,,,,,,,,5,,,EUR,,
1OnyTz3nHAl89yfXGn_mxA,IFCBEAM,Foundation,,Structural,Wall,Exterior,4,N,,Original,,UITVOERING,In Progress,Structural,75,High,Y,,,Main Contractor - Structural Crew,,,,130,,STR-0,Subcontract,,,,,,,,,,,5,,,EUR,,
0dG$USXzf0kfosAbNzx0hZ,IFCBEAM,Foundation,,Structural,Wall,Exterior,4,N,,Original,,UITVOERING,In Progress,Structural,75,High,Y,,,Main Contractor - Structural Crew,,,,130,,STR-0,Subcontract,,,,,,,,,,,5,,,EUR,,
2ccM307sn8XeBTwsFKE_pR,IFCBEAM,Foundation,,Structural,Wall,Exterior,4,N,,Original,,UITVOERING,In Progress,Structural,75,High,Y,,,Main Contractor - Structural Crew,,,,130,,STR-0,Subcontract,,,,,,,,,,,5,,,EUR,,
2Ye2fKnjXAEftAAecRMNfV,IFCBEAM,Foundation,,Structural,Wall,Exterior,4,N,,Original,,UITVOERING,In Progress,Structural,75,High,Y,,,Main Contractor - Structural Crew,,,,130,,STR-0,Subcontract,,,,,,,,,,,5,,,EUR,,
2QLBwuZDfEmuESkiT_yymc,IFCBEAM,Foundation,,Structural,Wall,Exterior,4,N,,Original,,UITVOERING,In Progress,Structural,75,High,Y,,,Main Contractor - Structural Crew,,,,130,,STR-0,Subcontract,,,,,,,,,,,5,,,EUR,,
0aWtcM$1j1$wMs6qq3amY0,IFCBEAM,Foundation,,Structural,Wall,Exterior,4,N,,Original,,UITVOERING,In Progress,Structural,75,High,Y,,,Main Contractor - Structural Crew,,,,130,,STR-0,Subcontract,,,,,,,,,,,5,,,EUR,,
21JedoyDf1jg7ixONhPH5B,IFCBEAM,Foundation,,Structural,Wall,Exterior,4,N,,Original,,UITVOERING,In Progress,Structural,75,High,Y,,,Main Contractor - Structural Crew,,,,130,,STR-0,Subcontract,,,,,,,,,,,5,,,EUR,,
1o34KGWg5AnRTiJOhwQVdk,IFCBEAM,Foundation,,Structural,Wall,Exterior,4,N,,Original,,UITVOERING,In Progress,Structural,75,High,Y,,,Main Contractor - Structural Crew,,,,130,,STR-0,Subcontract,,,,,,,,,,,5,,,EUR,,
0m0_V5iFz0993Gy0YjDTTT,IFCBEAM,Foundation,,Structural,Wall,Exterior,4,N,,Original,,UITVOERING,In Progress,Structural,75,High,Y,,,Main Contractor - Structural Crew,,,,130,,STR-0,Subcontract,,,,,,,,,,,5,,,EUR,,
3f3PNjEKnD0vZTIofateh2,IFCBEAM,Foundation,,Structural,Wall,Exterior,4,N,,Original,,UITVOERING,In Progress,Structural,75,High,Y,,,Main Contractor - Structural Crew,,,,130,,STR-0,Subcontract,,,,,,,,,,,5,,,EUR,,
3EDZcM$kn05hoHQ$Z2Vy3d,IFCBEAM,Foundation,,Structural,Wall,Exterior,4,N,,Original,,UITVOERING,In Progress,Structural,75,High,Y,,,Main Contractor - Structural Crew,,,,130,,STR-0,Subcontract,,,,,,,,,,,5,,,EUR,,
1n2fUvkDb5$uMdMN$ImRfp,IFCBEAM,Foundation,,Structural,Wall,Exterior,4,N,,Original,,UITVOERING,In Progress,Structural,75,High,Y,,,Main Contractor - Structural Crew,,,,130,,STR-0,Subcontract,,,,,,,,,,,5,,,EUR,,
2JP$Vh$OrBn8WddLabs41k,IFCBEAM,Foundation,,Structural,Wall,Exterior,4,N,,Original,,UITVOERING,In Progress,Structural,75,High,Y,,,Main Contractor - Structural Crew,,,,130,,STR-0,Subcontract,,,,,,,,,,,5,,,EUR,,
0thyQFjPX45OCdLCm3UMpK,IFCBEAM,Foundation,,Structural,Wall,Exterior,4,N,,Original,,UITVOERING,In Progress,Structural,75,High,Y,,,Main Contractor - Structural Crew,,,,130,,STR-0,Subcontract,,,,,,,,,,,5,,,EUR,,
1Hv1uFMHTCJ9Q$UWKGXCNB,IFCBEAM,Foundation,,Structural,Wall,Exterior,4,N,,Original,,UITVOERING,In Progress,Structural,75,High,Y,,,Main Contractor - Structural Crew,,,,130,,STR-0,Subcontract,,,,,,,,,,,5,,,EUR,,
2i_cekBh9Av8P5LKYyoUPb,IFCBEAM,Foundation,,Structural,Wall,Exterior,4,N,,Original,,UITVOERING,In Progress,Structural,75,High,Y,,,Main Contractor - Structural Crew,,,,130,,STR-0,Subcontract,,,,,,,,,,,5,,,EUR,,
3eiwfebPz6aBJmLNliMSzQ,IFCBEAM,Foundation,,Structural,Wall,Exterior,4,N,,Original,,UITVOERING,In Progress,Structural,75,High,Y,,,Main Contractor - Structural Crew,,,,130,,STR-0,Subcontract,,,,,,,,,,,5,,,EUR,,
1O9Uq4qWPFXx76ALAUin0I,IFCBEAM,Foundation,,Structural,Wall,Exterior,4,N,,Original,,UITVOERING,In Progress,Structural,75,High,Y,,,Main Contractor - Structural Crew,,,,130,,STR-0,Subcontract,,,,,,,,,,,5,,,EUR,,
3Vnlo777D6sear4VnH98Ey,IFCBEAM,Foundation,,Structural,Wall,Exterior,4,N,,Original,,UITVOERING,In Progress,Structural,75,High,Y,,,Main Contractor - Structural Crew,,,,130,,STR-0,Subcontract,,,,,,,,,,,5,,,EUR,,
1PIXKKGbjAhveqygt5d$RV,IFCBEAM,Foundation,,Structural,Wall,Exterior,4,N,,Original,,UITVOERING,In Progress,Structural,75,High,Y,,,Main Contractor - Structural Crew,,,,130,,STR-0,Subcontract,,,,,,,,,,,5,,,EUR,,
1ZKphijRv5aQMN2BPxf7bL,IFCBEAM,Foundation,,Structural,Wall,Exterior,4,N,,Original,,UITVOERING,In Progress,Structural,75,High,Y,,,Main Contractor - Structural Crew,,,,130,,STR-0,Subcontract,,,,,,,,,,,5,,,EUR,,
0zCNOX7Q93$xXgBkmGhGey,IFCBEAM,Foundation,,Structural,Wall,Exterior,4,N,,Original,,UITVOERING,In Progress,Structural,75,High,Y,,,Main Contractor - Structural Crew,,,,130,,STR-0,Subcontract,,,,,,,,,,,5,,,EUR,,
1oISTbKmL9mfZhmsVEb8hJ,IFCBEAM,Foundation,,Structural,Wall,Exterior,4,N,,Original,,UITVOERING,In Progress,Structural,75,High,Y,,,Main Contractor - Structural Crew,,,,130,,STR-0,Subcontract,,,,,,,,,,,5,,,EUR,,
00IbOoI7nFSxfp71ZyLBPm,IFCBEAM,Foundation,,Structural,Wall,Exterior,4,N,,Original,,UITVOERING,In Progress,Structural,75,High,Y,,,Main Contractor - Structural Crew,,,,130,,STR-0,Subcontract,,,,,,,,,,,5,,,EUR,,
1ixfSQr9n76xc3$_jdjyOM,IFCBEAM,Foundation,,Structural,Wall,Exterior,4,N,,Original,,UITVOERING,In Progress,Structural,75,High,Y,,,Main Contractor - Structural Crew,,,,130,,STR-0,Subcontract,,,,,,,,,,,5,,,EUR,,
0j3ypi4UzFcQ6as7zS7nt8,IFCBEAM,Foundation,,Structural,Wall,Exterior,4,N,,Original,,UITVOERING,In Progress,Structural,75,High,Y,,,Main Contractor - Structural Crew,,,,130,,STR-0,Subcontract,,,,,,,,,,,5,,,EUR,,
3ig8lYbDr8gAJsEpAqMubV,IFCBEAM,Foundation,,Structural,Wall,Exterior,4,N,,Original,,UITVOERING,In Progress,Structural,75,High,Y,,,Main Contractor - Structural Crew,,,,130,,STR-0,Subcontract,,,,,,,,,,,5,,,EUR,,
0jNuu$i_rD2eUoRxpITzh5,IFCBEAM,Foundation,,Structural,Wall,Exterior,4,N,,Original,,UITVOERING,In Progress,Structural,75,High,Y,,,Main Contractor - Structural Crew,,,,130,,STR-0,Subcontract,,,,,,,,,,,5,,,EUR,,
0lc$v_NHjC_xBVfczhz9SK,IFCBEAM,Foundation,,Structural,Wall,Exterior,4,N,,Original,,UITVOERING,In Progress,Structural,75,High,Y,,,Main Contractor - Structural Crew,,,,130,,STR-0,Subcontract,,,,,,,,,,,5,,,EUR,,
3oDHF87SD6GB$hBtQMlz7t,IFCBEAM,Foundation,,Structural,Wall,Exterior,4,N,,Original,,UITVOERING,In Progress,Structural,75,High,Y,,,Main Contractor - Structural Crew,,,,130,,STR-0,Subcontract,,,,,,,,,,,5,,,EUR,,
2f0$QVByX6ugBTFoMIOEvG,IFCBEAM,Foundation,,Structural,Wall,Exterior,4,N,,Original,,UITVOERING,In Progress,Structural,75,High,Y,,,Main Contractor - Structural Crew,,,,130,,STR-0,Subcontract,,,,,,,,,,,5,,,EUR,,
37_P0I4rjCSP6yY7b9oPCb,IFCBEAM,Foundation,,Structural,Wall,Exterior,4,N,,Original,,UITVOERING,In Progress,Structural,75,High,Y,,,Main Contractor - Structural Crew,,,,130,,STR-0,Subcontract,,,,,,,,,,,5,,,EUR,,
10MxXhTT99LQ0GlRLBqlO3,IFCBEAM,Foundation,,Structural,Wall,Exterior,4,N,,Original,,UITVOERING,In Progress,Structural,75,High,Y,,,Main Contractor - Structural Crew,,,,130,,STR-0,Subcontract,,,,,,,,,,,5,,,EUR,,
3UqAkIwpHEvuKm0l0k$CKt,IFCBEAM,Foundation,,Structural,Wall,Exterior,4,N,,Original,,UITVOERING,In Progress,Structural,75,High,Y,,,Main Contractor - Structural Crew,,,,130,,STR-0,Subcontract,,,,,,,,,,,5,,,EUR,,
0nMFjIkQb8nO7pDrrZbNb_,IFCBEAM,Foundation,,Structural,Wall,Exterior,4,N,,Original,,UITVOERING,In Progress,Structural,75,High,Y,,,Main Contractor - Structural Crew,,,,130,,STR-0,Subcontract,,,,,,,,,,,5,,,EUR,,
3QJiKD5p93qgcUxHX8_Z7j,IFCBEAM,Foundation,,Structural,Wall,Exterior,4,N,,Original,,UITVOERING,In Progress,Structural,75,High,Y,,,Main Contractor - Structural Crew,,,,130,,STR-0,Subcontract,,,,,,,,,,,5,,,EUR,,
0sN$ROEPr71OXQ86YpsVkj,IFCBEAM,Foundation,,Structural,Wall,Exterior,4,N,,Original,,UITVOERING,In Progress,Structural,75,High,Y,,,Main Contractor - Structural Crew,,,,130,,STR-0,Subcontract,,,,,,,,,,,5,,,EUR,,
3UWW7y9uTD78thZQ1AADnu,IFCBEAM,Foundation,,Structural,Wall,Exterior,4,N,,Original,,UITVOERING,In Progress,Structural,75,High,Y,,,Main Contractor - Structural Crew,,,,130,,STR-0,Subcontract,,,,,,,,,,,5,,,EUR,,
2ON6EcLMD0$O2ZGZgwvXfd,IFCBEAM,Foundation,,Structural,Wall,Exterior,4,N,,Original,,UITVOERING,In Progress,Structural,75,High,Y,,,Main Contractor - Structural Crew,,,,130,,STR-0,Subcontract,,,,,,,,,,,5,,,EUR,,
2K3xEFMCn8Oe$qGTeRQqLG,IFCBEAM,Foundation,,Structural,Wall,Exterior,4,N,,Original,,UITVOERING,In Progress,Structural,75,High,Y,,,Main Contractor - Structural Crew,,,,130,,STR-0,Subcontract,,,,,,,,,,,5,,,EUR,,
00nskTKeH6WOgaqMmwF3pp,IFCBEAM,Foundation,,Structural,Wall,Exterior,4,N,,Original,,UITVOERING,In Progress,Structural,75,High,Y,,,Main Contractor - Structural Crew,,,,130,,STR-0,Subcontract,,,,,,,,,,,5,,,EUR,,
0HQQO2$RT5NxjAYqu6dRxV,IFCBEAM,Foundation,,Structural,Wall,Exterior,4,N,,Original,,UITVOERING,In Progress,Structural,75,High,Y,,,Main Contractor - Structural Crew,,,,130,,STR-0,Subcontract,,,,,,,,,,,5,,,EUR,,
39pO7ncAnD5w5sgzGgcfcf,IFCBEAM,Foundation,,Structural,Wall,Exterior,4,N,,Original,,UITVOERING,In Progress,Structural,75,High,Y,,,Main Contractor - Structural Crew,,,,130,,STR-0,Subcontract,,,,,,,,,,,5,,,EUR,,
2MzOJGCZbCuh2oTKejJas_,IFCBEAM,Foundation,,Structural,Wall,Exterior,4,N,,Original,,UITVOERING,In Progress,Structural,75,High,Y,,,Main Contractor - Structural Crew,,,,130,,STR-0,Subcontract,,,,,,,,,,,5,,,EUR,,
0M6fb3N3rBghp24veh83Nr,IFCBEAM,Foundation,,Structural,Wall,Exterior,4,N,,Original,,UITVOERING,In Progress,Structural,75,High,Y,,,Main Contractor - Structural Crew,,,,130,,STR-0,Subcontract,,,,,,,,,,,5,,,EUR,,
2fMb5HmwrADxi44qQ_8H2J,IFCBEAM,Foundation,,Structural,Wall,Exterior,4,N,,Original,,UITVOERING,In Progress,Structural,75,High,Y,,,Main Contractor - Structural Crew,,,,130,,STR-0,Subcontract,,,,,,,,,,,5,,,EUR,,
1ARCkaiqTCdheZNfSbvLCm,IFCBEAM,Foundation,,Structural,Wall,Exterior,4,N,,Original,,UITVOERING,In Progress,Structural,75,High,Y,,,Main Contractor - Structural Crew,,,,130,,STR-0,Subcontract,,,,,,,,,,,5,,,EUR,,
3MpbjSJ79AF8GSoW6uAzc0,IFCBEAM,Foundation,,Structural,Wall,Exterior,4,N,,Original,,UITVOERING,In Progress,Structural,75,High,Y,,,Main Contractor - Structural Crew,,,,130,,STR-0,Subcontract,,,,,,,,,,,5,,,EUR,,
3aUxcoO_j3tfpBZz8KhVDA,IFCBEAM,Foundation,,Structural,Wall,Exterior,4,N,,Original,,UITVOERING,In Progress,Structural,75,High,Y,,,Main Contractor - Structural Crew,,,,130,,STR-0,Subcontract,,,,,,,,,,,5,,,EUR,,
1ZgIIxjwjBBBxWK2odqmNt,IFCBEAM,Foundation,,Structural,Wall,Exterior,4,N,,Original,,UITVOERING,In Progress,Structural,75,High,Y,,,Main Contractor - Structural Crew,,,,130,,STR-0,Subcontract,,,,,,,,,,,5,,,EUR,,
2FwhScHlD1lf2P0_fxWpdF,IFCBEAM,Foundation,,Structural,Wall,Exterior,4,N,,Original,,UITVOERING,In Progress,Structural,75,High,Y,,,Main Contractor - Structural Crew,,,,130,,STR-0,Subcontract,,,,,,,,,,,5,,,EUR,,
3KZ1A31pLDZgv61Pr5ILuZ,IFCBEAM,Foundation,,Structural,Wall,Exterior,4,N,,Original,,UITVOERING,In Progress,Structural,75,High,Y,,,Main Contractor - Structural Crew,,,,130,,STR-0,Subcontract,,,,,,,,,,,5,,,EUR,,
1AAprqPif3muSW78GUrrAQ,IFCBEAM,Foundation,,Structural,Wall,Exterior,4,N,,Original,,UITVOERING,In Progress,Structural,75,High,Y,,,Main Contractor - Structural Crew,,,,130,,STR-0,Subcontract,,,,,,,,,,,5,,,EUR,,
0CDXLiWLH6_eUKGAQGeEX9,IFCBEAM,Foundation,,Structural,Wall,Exterior,4,N,,Original,,UITVOERING,In Progress,Structural,75,High,Y,,,Main Contractor - Structural Crew,,,,130,,STR-0,Subcontract,,,,,,,,,,,5,,,EUR,,
25jnbRuOH3yR0Vnxbrf4Ey,IFCBEAM,Foundation,,Structural,Wall,Exterior,4,N,,Original,,UITVOERING,In Progress,Structural,75,High,Y,,,Main Contractor - Structural Crew,,,,130,,STR-0,Subcontract,,,,,,,,,,,5,,,EUR,,
2DXRwGxjb2hAD7EnaJghPn,IFCBEAM,Foundation,,Structural,Wall,Exterior,4,N,,Original,,UITVOERING,In Progress,Structural,75,High,Y,,,Main Contractor - Structural Crew,,,,130,,STR-0,Subcontract,,,,,,,,,,,5,,,EUR,,
0vISlVtTXFjgpC$RZewh3J,IFCBEAM,Foundation,,Structural,Wall,Exterior,4,N,,Original,,UITVOERING,In Progress,Structural,75,High,Y,,,Main Contractor - Structural Crew,,,,130,,STR-0,Subcontract,,,,,,,,,,,5,,,EUR,,
1W3I3R2x19bfOBW_WD4sxL,IFCBEAM,Foundation,,Structural,Wall,Exterior,4,N,,Original,,UITVOERING,In Progress,Structural,75,High,Y,,,Main Contractor - Structural Crew,,,,130,,STR-0,Subcontract,,,,,,,,,,,5,,,EUR,,
2onr4hRYf5AOPdEOcMaAGr,IFCBEAM,Foundation,,Structural,Wall,Exterior,4,N,,Original,,UITVOERING,In Progress,Structural,75,High,Y,,,Main Contractor - Structural Crew,,,,130,,STR-0,Subcontract,,,,,,,,,,,5,,,EUR,,
2svKHCTfTCJeS$mVvXojdH,IFCBEAM,Foundation,,Structural,Wall,Exterior,4,N,,Original,,UITVOERING,In Progress,Structural,75,High,Y,,,Main Contractor - Structural Crew,,,,130,,STR-0,Subcontract,,,,,,,,,,,5,,,EUR,,
3whW5kRxz9uPvew6tBRVkS,IFCBEAM,Foundation,,Structural,Wall,Exterior,4,N,,Original,,UITVOERING,In Progress,Structural,75,High,Y,,,Main Contractor - Structural Crew,,,,130,,STR-0,Subcontract,,,,,,,,,,,5,,,EUR,,
1L189paHTCx8_OpSrSK35v,IFCBEAM,Foundation,,Structural,Wall,Exterior,4,N,,Original,,UITVOERING,In Progress,Structural,75,High,Y,,,Main Contractor - Structural Crew,,,,130,,STR-0,Subcontract,,,,,,,,,,,5,,,EUR,,
3LgbXHWjL33wXWkwFrdttj,IFCBEAM,Foundation,,Structural,Wall,Exterior,4,N,,Original,,UITVOERING,In Progress,Structural,75,High,Y,,,Main Contractor - Structural Crew,,,,130,,STR-0,Subcontract,,,,,,,,,,,5,,,EUR,,
033KaR1kL86e6qeKWXcfxF,IFCBEAM,Foundation,,Structural,Wall,Exterior,4,N,,Original,,UITVOERING,In Progress,Structural,75,High,Y,,,Main Contractor - Structural Crew,,,,130,,STR-0,Subcontract,,,,,,,,,,,5,,,EUR,,
2K7JRliz9F8R2WKcFfDhY9,IFCBEAM,Foundation,,Structural,Wall,Exterior,4,N,,Original,,UITVOERING,In Progress,Structural,75,High,Y,,,Main Contractor - Structural Crew,,,,130,,STR-0,Subcontract,,,,,,,,,,,5,,,EUR,,
3pu87UvP13p9E_$8QPMNkM,IFCBEAM,Foundation,,Structural,Wall,Exterior,4,N,,Original,,UITVOERING,In Progress,Structural,75,High,Y,,,Main Contractor - Structural Crew,,,,130,,STR-0,Subcontract,,,,,,,,,,,5,,,EUR,,
0bBhbWDY123eBffCPFwaaU,IFCBEAM,Foundation,,Structural,Wall,Exterior,4,N,,Original,,UITVOERING,In Progress,Structural,75,High,Y,,,Main Contractor - Structural Crew,,,,130,,STR-0,Subcontract,,,,,,,,,,,5,,,EUR,,
3BxVQne458OBfuo$8pV1HD,IFCBEAM,Foundation,,Structural,Wall,Exterior,4,N,,Original,,UITVOERING,In Progress,Structural,75,High,Y,,,Main Contractor - Structural Crew,,,,130,,STR-0,Subcontract,,,,,,,,,,,5,,,EUR,,
3r$IV2dbHAOuD3XJ$Kd92o,IFCBEAM,Foundation,,Structural,Wall,Exterior,4,N,,Original,,UITVOERING,In Progress,Structural,75,High,Y,,,Main Contractor - Structural Crew,,,,130,,STR-0,Subcontract,,,,,,,,,,,5,,,EUR,,
2UtSx95dv3JRuY4Yu9CqPb,IFCBEAM,Foundation,,Structural,Wall,Exterior,4,N,,Original,,UITVOERING,In Progress,Structural,75,High,Y,,,Main Contractor - Structural Crew,,,,130,,STR-0,Subcontract,,,,,,,,,,,5,,,EUR,,
0H6WZKwMz2yfLBeSGHTQGE,IFCBEAM,Foundation,,Structural,Wall,Exterior,4,N,,Original,,UITVOERING,In Progress,Structural,75,High,Y,,,Main Contractor - Structural Crew,,,,130,,STR-0,Subcontract,,,,,,,,,,,5,,,EUR,,
1qbDTWHmL3WOviuiQtPseV,IFCBEAM,Foundation,,Structural,Wall,Exterior,4,N,,Original,,UITVOERING,In Progress,Structural,75,High,Y,,,Main Contractor - Structural Crew,,,,130,,STR-0,Subcontract,,,,,,,,,,,5,,,EUR,,
2SNH8$CzP0tQ4Ndlfu37pR,IFCBEAM,Foundation,,Structural,Wall,Exterior,4,N,,Original,,UITVOERING,In Progress,Structural,75,High,Y,,,Main Contractor - Structural Crew,,,,130,,STR-0,Subcontract,,,,,,,,,,,5,,,EUR,,
27XF91$mX5sw7SxEowD4Bu,IFCBEAM,Ground Floor,,Structural,Wall,Interior,1,N,44,Original,,UITVOERING,Complete,Structural,100,High,N,8 hrs (1 day),5.6,Main Contractor - Structural Crew,1.0036,40,,,40,STR-0,Subcontract,"Surveying / setting out, ground floor slab",176.08,556.88,986.05,1542.93,1658.66,115.73,7.5,1779.47,1658.66,5,82.93,Invoiced,EUR,2015-04-10,
3_sm0$DsvDaRlGqGW8ep4k,IFCBEAM,Ground Floor,,Structural,Wall,Exterior,1,N,44,Original,,UITVOERING,Complete,Structural,100,High,N,8 hrs (1 day),5.6,Main Contractor - Structural Crew,1.0036,40,,,40,STR-0,Subcontract,"Surveying / setting out, ground floor slab",176.08,556.88,986.05,1542.93,1658.66,115.73,7.5,1779.47,1658.66,5,82.93,Invoiced,EUR,2015-04-10,
0KNmVKmh519eKhcfjdm0L1,IFCBEAM,Ground Floor,,Structural,Wall,Exterior,1,N,44,Original,,UITVOERING,Complete,Structural,100,High,N,8 hrs (1 day),5.6,Main Contractor - Structural Crew,1.0036,40,,,40,STR-0,Subcontract,"Surveying / setting out, ground floor slab",176.08,556.88,986.05,1542.93,1658.66,115.73,7.5,1779.47,1658.66,5,82.93,Invoiced,EUR,2015-04-10,
3NdkzhQHz3wxMr0BA5Cn4d,IFCBEAM,Ground Floor,,Structural,Wall,Interior,1,N,44,Original,,UITVOERING,Complete,Structural,100,High,N,8 hrs (1 day),5.6,Main Contractor - Structural Crew,1.0036,40,,,40,STR-0,Subcontract,"Surveying / setting out, ground floor slab",176.08,556.88,986.05,1542.93,1658.66,115.73,7.5,1779.47,1658.66,5,82.93,Invoiced,EUR,2015-04-10,
3$Ql2irJbA8fOlMMiZl_$S,IFCBEAM,Ground Floor,,Structural,Wall,Interior,1,N,44,Original,,UITVOERING,Complete,Structural,100,High,N,8 hrs (1 day),5.6,Main Contractor - Structural Crew,1.0036,40,,,40,STR-0,Subcontract,"Surveying / setting out, ground floor slab",176.08,556.88,986.05,1542.93,1658.66,115.73,7.5,1779.47,1658.66,5,82.93,Invoiced,EUR,2015-04-10,
3gSHfU2iT01OSAG8Jn4wG2,IFCBEAM,Ground Floor,,Structural,Wall,Exterior,1,N,44,Original,,UITVOERING,Complete,Structural,100,High,N,8 hrs (1 day),5.6,Main Contractor - Structural Crew,1.0036,40,,,40,STR-0,Subcontract,"Surveying / setting out, ground floor slab",176.08,556.88,986.05,1542.93,1658.66,115.73,7.5,1779.47,1658.66,5,82.93,Invoiced,EUR,2015-04-10,
3xcFzxVzD9DfEgcbGOMYmH,IFCBEAM,Ground Floor,,Structural,Wall,Exterior,1,N,44,Original,,UITVOERING,Complete,Structural,100,High,N,8 hrs (1 day),5.6,Main Contractor - Structural Crew,1.0036,40,,,40,STR-0,Subcontract,"Surveying / setting out, ground floor slab",176.08,556.88,986.05,1542.93,1658.66,115.73,7.5,1779.47,1658.66,5,82.93,Invoiced,EUR,2015-04-10,
1oot26Inz1pwxngGAk8cuV,IFCBEAM,Ground Floor,,Structural,Wall,Exterior,1,N,44,Original,,UITVOERING,Complete,Structural,100,High,N,8 hrs (1 day),5.6,Main Contractor - Structural Crew,1.0036,40,,,40,STR-0,Subcontract,"Surveying / setting out, ground floor slab",176.08,556.88,986.05,1542.93,1658.66,115.73,7.5,1779.47,1658.66,5,82.93,Invoiced,EUR,2015-04-10,
1AjRY3xPX758SLsUl51028,IFCBEAM,Ground Floor,,Structural,Wall,Exterior,1,N,44,Original,,UITVOERING,Complete,Structural,100,High,N,8 hrs (1 day),5.6,Main Contractor - Structural Crew,1.0036,40,,,40,STR-0,Subcontract,"Surveying / setting out, ground floor slab",176.08,556.88,986.05,1542.93,1658.66,115.73,7.5,1779.47,1658.66,5,82.93,Invoiced,EUR,2015-04-10,
2BhHYCsB186eQstC61zld8,IFCBEAM,Ground Floor,,Structural,Wall,Exterior,1,N,44,Original,,UITVOERING,Complete,Structural,100,High,N,8 hrs (1 day),5.6,Main Contractor - Structural Crew,1.0036,40,,,40,STR-0,Subcontract,"Surveying / setting out, ground floor slab",176.08,556.88,986.05,1542.93,1658.66,115.73,7.5,1779.47,1658.66,5,82.93,Invoiced,EUR,2015-04-10,
21xb5SEvbE4Pw$b8EVOX6N,IFCBEAM,Ground Floor,,Structural,Wall,Exterior,1,N,44,Original,,UITVOERING,Complete,Structural,100,High,N,8 hrs (1 day),5.6,Main Contractor - Structural Crew,1.0036,40,,,40,STR-0,Subcontract,"Surveying / setting out, ground floor slab",176.08,556.88,986.05,1542.93,1658.66,115.73,7.5,1779.47,1658.66,5,82.93,Invoiced,EUR,2015-04-10,
0mG1Qo1Nb4HAfQgPiP4n0Y,IFCBEAM,Ground Floor,,Structural,Wall,Exterior,1,N,44,Original,,UITVOERING,Complete,Structural,100,High,N,8 hrs (1 day),5.6,Main Contractor - Structural Crew,1.0036,40,,,40,STR-0,Subcontract,"Surveying / setting out, ground floor slab",176.08,556.88,986.05,1542.93,1658.66,115.73,7.5,1779.47,1658.66,5,82.93,Invoiced,EUR,2015-04-10,
1eJX_08sL1_ffD$3nbLtpZ,IFCBEAM,Ground Floor,,Structural,Wall,Exterior,1,N,44,Original,,UITVOERING,Complete,Structural,100,High,N,8 hrs (1 day),5.6,Main Contractor - Structural Crew,1.0036,40,,,40,STR-0,Subcontract,"Surveying / setting out, ground floor slab",176.08,556.88,986.05,1542.93,1658.66,115.73,7.5,1779.47,1658.66,5,82.93,Invoiced,EUR,2015-04-10,
3ig3xBquD4c9HixSRyX5yM,IFCBEAM,Ground Floor,,Structural,Wall,Exterior,1,N,44,Original,,UITVOERING,Complete,Structural,100,High,N,8 hrs (1 day),5.6,Main Contractor - Structural Crew,1.0036,40,,,40,STR-0,Subcontract,"Surveying / setting out, ground floor slab",176.08,556.88,986.05,1542.93,1658.66,115.73,7.5,1779.47,1658.66,5,82.93,Invoiced,EUR,2015-04-10,
2tmnKYZKn8sO9BqIuZ6xS0,IFCBEAM,Ground Floor,,Structural,Wall,Exterior,1,N,44,Original,,UITVOERING,Complete,Structural,100,High,N,8 hrs (1 day),5.6,Main Contractor - Structural Crew,1.0036,40,,,40,STR-0,Subcontract,"Surveying / setting out, ground floor slab",176.08,556.88,986.05,1542.93,1658.66,115.73,7.5,1779.47,1658.66,5,82.93,Invoiced,EUR,2015-04-10,
2Z2UMyiwrDsfrq9D0VZ8R7,IFCBEAM,Ground Floor,,Structural,Wall,Exterior,1,N,44,Original,,UITVOERING,Complete,Structural,100,High,N,8 hrs (1 day),5.6,Main Contractor - Structural Crew,1.0036,40,,,40,STR-0,Subcontract,"Surveying / setting out, ground floor slab",176.08,556.88,986.05,1542.93,1658.66,115.73,7.5,1779.47,1658.66,5,82.93,Invoiced,EUR,2015-04-10,
0fpGnSq1XBN9W48n_kM8JD,IFCBEAM,Ground Floor,,Structural,Wall,Exterior,1,N,44,Original,,UITVOERING,Complete,Structural,100,High,N,8 hrs (1 day),5.6,Main Contractor - Structural Crew,1.0036,40,,,40,STR-0,Subcontract,"Surveying / setting out, ground floor slab",176.08,556.88,986.05,1542.93,1658.66,115.73,7.5,1779.47,1658.66,5,82.93,Invoiced,EUR,2015-04-10,
02SVgZJNDEAAHLzfjkFeZE,IFCBEAM,Ground Floor,,Structural,Wall,Exterior,1,N,44,Original,,UITVOERING,Complete,Structural,100,High,N,8 hrs (1 day),5.6,Main Contractor - Structural Crew,1.0036,40,,,40,STR-0,Subcontract,"Surveying / setting out, ground floor slab",176.08,556.88,986.05,1542.93,1658.66,115.73,7.5,1779.47,1658.66,5,82.93,Invoiced,EUR,2015-04-10,
3SKotjzqrBmBNE6BHE$74D,IFCBEAM,Ground Floor,,Structural,Wall,Exterior,1,N,44,Original,,UITVOERING,Complete,Structural,100,High,N,8 hrs (1 day),5.6,Main Contractor - Structural Crew,1.0036,40,,,40,STR-0,Subcontract,"Surveying / setting out, ground floor slab",176.08,556.88,986.05,1542.93,1658.66,115.73,7.5,1779.47,1658.66,5,82.93,Invoiced,EUR,2015-04-10,
3JPq8Lr7j608o_19_tHVwL,IFCBEAM,Ground Floor,,Structural,Wall,Exterior,1,N,44,Original,,UITVOERING,Complete,Structural,100,High,N,8 hrs (1 day),5.6,Main Contractor - Structural Crew,1.0036,40,,,40,STR-0,Subcontract,"Surveying / setting out, ground floor slab",176.08,556.88,986.05,1542.93,1658.66,115.73,7.5,1779.47,1658.66,5,82.93,Invoiced,EUR,2015-04-10,
0PCQYvXN55QugpN5zetDz7,IFCBEAM,Ground Floor,,Structural,Wall,Exterior,1,N,44,Original,,UITVOERING,Complete,Structural,100,High,N,8 hrs (1 day),5.6,Main Contractor - Structural Crew,1.0036,40,,,40,STR-0,Subcontract,"Surveying / setting out, ground floor slab",176.08,556.88,986.05,1542.93,1658.66,115.73,7.5,1779.47,1658.66,5,82.93,Invoiced,EUR,2015-04-10,
2fevyoim92YBjo5MBo7Fcl,IFCBEAM,Ground Floor,,Structural,Wall,Exterior,1,N,44,Original,,UITVOERING,Complete,Structural,100,High,N,8 hrs (1 day),5.6,Main Contractor - Structural Crew,1.0036,40,,,40,STR-0,Subcontract,"Surveying / setting out, ground floor slab",176.08,556.88,986.05,1542.93,1658.66,115.73,7.5,1779.47,1658.66,5,82.93,Invoiced,EUR,2015-04-10,
0a9r_haP52heLpUcxlwVOG,IFCBEAM,Ground Floor,,Structural,Wall,Exterior,1,N,44,Original,,UITVOERING,Complete,Structural,100,High,N,8 hrs (1 day),5.6,Main Contractor - Structural Crew,1.0036,40,,,40,STR-0,Subcontract,"Surveying / setting out, ground floor slab",176.08,556.88,986.05,1542.93,1658.66,115.73,7.5,1779.47,1658.66,5,82.93,Invoiced,EUR,2015-04-10,
2qYBP3OGnE2xwKkdnuHQfu,IFCBEAM,Ground Floor,,Structural,Wall,Exterior,1,N,44,Original,,UITVOERING,Complete,Structural,100,High,N,8 hrs (1 day),5.6,Main Contractor - Structural Crew,1.0036,40,,,40,STR-0,Subcontract,"Surveying / setting out, ground floor slab",176.08,556.88,986.05,1542.93,1658.66,115.73,7.5,1779.47,1658.66,5,82.93,Invoiced,EUR,2015-04-10,
2irhG5txr74Ovsj2V$0kJv,IFCBEAM,First Floor,,Structural,Wall,Interior,36,N,,Original,,UITVOERING,Complete,Structural,100,High,Yes,,,Main Contractor - Structural Crew,,,,,,STR-0,Subcontract,,,,,,,,,,,5,,,EUR,,
2nUaeeTzv6p9Nb2KG4Pvuq,IFCBEAM,First Floor,,Structural,Wall,Interior,36,N,,Original,,UITVOERING,Complete,Structural,100,High,Yes,,,Main Contractor - Structural Crew,,,,,,STR-0,Subcontract,,,,,,,,,,,5,,,EUR,,
3E1lhUjbn6Q83O0eMzicqh,IFCBEAM,First Floor,,Structural,Wall,Interior,36,N,,Original,,UITVOERING,Complete,Structural,100,High,Yes,,,Main Contractor - Structural Crew,,,,,,STR-0,Subcontract,,,,,,,,,,,5,,,EUR,,
0n7b2OZJ50fvlqR00qRqTG,IFCBEAM,First Floor,,Structural,Wall,Exterior,36,N,,Original,,UITVOERING,Complete,Structural,100,High,Yes,,,Main Contractor - Structural Crew,,,,,,STR-0,Subcontract,,,,,,,,,,,5,,,EUR,,
0tgQ0Twpj4Jv0a8yyonSSQ,IFCBEAM,First Floor,,Structural,Wall,Exterior,36,N,,Original,,UITVOERING,Complete,Structural,100,High,Yes,,,Main Contractor - Structural Crew,,,,,,STR-0,Subcontract,,,,,,,,,,,5,,,EUR,,
20_IKygyf04gphsqph2_Is,IFCBEAM,First Floor,,Structural,Wall,Interior,36,N,,Original,,UITVOERING,Complete,Structural,100,High,Yes,,,Main Contractor - Structural Crew,,,,,,STR-0,Subcontract,,,,,,,,,,,5,,,EUR,,
2ua9M0savE3ho4zejCeSAN,IFCBEAM,First Floor,,Structural,Wall,Exterior,36,N,,Original,,UITVOERING,Complete,Structural,100,High,Yes,,,Main Contractor - Structural Crew,,,,,,STR-0,Subcontract,,,,,,,,,,,5,,,EUR,,
2$514k42bBGgy$TBkbUv8z,IFCBEAM,First Floor,,Structural,Wall,Exterior,36,N,,Original,,UITVOERING,Complete,Structural,100,High,Yes,,,Main Contractor - Structural Crew,,,,,,STR-0,Subcontract,,,,,,,,,,,5,,,EUR,,
2BE1_Ywp51qwh9ZUJQKhk8,IFCBEAM,First Floor,,Structural,Wall,Exterior,36,N,,Original,,UITVOERING,Complete,Structural,100,High,Yes,,,Main Contractor - Structural Crew,,,,,,STR-0,Subcontract,,,,,,,,,,,5,,,EUR,,
1b3CGmbon0_g7rIm5ETrHo,IFCBEAM,First Floor,,Structural,Wall,Exterior,36,N,,Original,,UITVOERING,Complete,Structural,100,High,Yes,,,Main Contractor - Structural Crew,,,,,,STR-0,Subcontract,,,,,,,,,,,5,,,EUR,,
0Fsfl1RG1BcRCzgbRibEVF,IFCBEAM,First Floor,,Structural,Wall,Exterior,36,N,,Original,,UITVOERING,Complete,Structural,100,High,Yes,,,Main Contractor - Structural Crew,,,,,,STR-0,Subcontract,,,,,,,,,,,5,,,EUR,,
2Y889Xoon1RAy$xAEV_pJp,IFCBEAM,First Floor,,Structural,Wall,Exterior,36,N,,Original,,UITVOERING,Complete,Structural,100,High,Yes,,,Main Contractor - Structural Crew,,,,,,STR-0,Subcontract,,,,,,,,,,,5,,,EUR,,
3zImRnpR54PhBkXL1xIYVb,IFCBEAM,First Floor,,Structural,Wall,Exterior,36,N,,Original,,UITVOERING,Complete,Structural,100,High,Yes,,,Main Contractor - Structural Crew,,,,,,STR-0,Subcontract,,,,,,,,,,,5,,,EUR,,
1dcFLM2Of1FP3qxcp09zLO,IFCBEAM,First Floor,,Structural,Wall,Exterior,36,N,,Original,,UITVOERING,Complete,Structural,100,High,Yes,,,Main Contractor - Structural Crew,,,,,,STR-0,Subcontract,,,,,,,,,,,5,,,EUR,,
2T99TpgwD5rBgB93z11HfJ,IFCBEAM,First Floor,,Structural,Wall,Exterior,36,N,,Original,,UITVOERING,Complete,Structural,100,High,Yes,,,Main Contractor - Structural Crew,,,,,,STR-0,Subcontract,,,,,,,,,,,5,,,EUR,,
00U31JGej7IPlTAjmADJHO,IFCBEAM,First Floor,,Structural,Wall,Exterior,36,N,,Original,,UITVOERING,Complete,Structural,100,High,Yes,,,Main Contractor - Structural Crew,,,,,,STR-0,Subcontract,,,,,,,,,,,5,,,EUR,,
3NRTYv$p90GxvOjrclI4YP,IFCBEAM,First Floor,,Structural,Wall,Exterior,36,N,,Original,,UITVOERING,Complete,Structural,100,High,Yes,,,Main Contractor - Structural Crew,,,,,,STR-0,Subcontract,,,,,,,,,,,5,,,EUR,,
32CLSoCg14hfE5iozoDGK_,IFCBEAM,First Floor,,Structural,Wall,Exterior,36,N,,Original,,UITVOERING,Complete,Structural,100,High,Yes,,,Main Contractor - Structural Crew,,,,,,STR-0,Subcontract,,,,,,,,,,,5,,,EUR,,
3SKFm8Ymn0Le7ijHCnKAuL,IFCBEAM,First Floor,,Structural,Wall,Exterior,36,N,,Original,,UITVOERING,Complete,Structural,100,High,Yes,,,Main Contractor - Structural Crew,,,,,,STR-0,Subcontract,,,,,,,,,,,5,,,EUR,,
1UZy64a655jeHfotpiaeQv,IFCBEAM,First Floor,,Structural,Wall,Exterior,36,N,,Original,,UITVOERING,Complete,Structural,100,High,Yes,,,Main Contractor - Structural Crew,,,,,,STR-0,Subcontract,,,,,,,,,,,5,,,EUR,,
0oBRFvaAL1LRec1DAUWZXx,IFCBEAM,First Floor,,Structural,Wall,Exterior,36,N,,Original,,UITVOERING,Complete,Structural,100,High,Yes,,,Main Contractor - Structural Crew,,,,,,STR-0,Subcontract,,,,,,,,,,,5,,,EUR,,
13lKJkBNr3Ihzig_2H1hMm,IFCBEAM,First Floor,,Structural,Wall,Interior,36,N,,Original,,UITVOERING,Complete,Structural,100,High,Yes,,,Main Contractor - Structural Crew,,,,,,STR-0,Subcontract,,,,,,,,,,,5,,,EUR,,
3q2cfkujDA4h8rK4udlhjq,IFCBEAM,Second Floor,,Structural,Wall,Interior,1,N,114,Original,,UITVOERING,Complete,Structural,100,High,N,8 hrs (1 day),9.5,Main Contractor - Structural Crew,1.0084,88,,,88,STR-0,Subcontract,"Precast stairs and landings, 2nd floor",197.38,529.36,1875.11,2404.47,2009.94,-394.53,-16.4,2067.1,2009.94,5,100.5,Invoiced,EUR,2015-07-13,
1Jt7say5DBTPG$0$gegcAf,IFCBEAM,Second Floor,,Structural,Wall,Interior,1,N,114,Original,,UITVOERING,Complete,Structural,100,High,N,8 hrs (1 day),9.5,Main Contractor - Structural Crew,1.0084,88,,,88,STR-0,Subcontract,"Precast stairs and landings, 2nd floor",197.38,529.36,1875.11,2404.47,2009.94,-394.53,-16.4,2067.1,2009.94,5,100.5,Invoiced,EUR,2015-07-13,
1ZUt9o17T0mOX7uFuiqqaj,IFCBEAM,Second Floor,,Structural,Wall,Exterior,1,N,114,Original,,UITVOERING,Complete,Structural,100,High,N,8 hrs (1 day),9.5,Main Contractor - Structural Crew,1.0084,88,,,88,STR-0,Subcontract,"Precast stairs and landings, 2nd floor",197.38,529.36,1875.11,2404.47,2009.94,-394.53,-16.4,2067.1,2009.94,5,100.5,Invoiced,EUR,2015-07-13,
3SxHgircbC9hSa_f9YYJJ$,IFCBEAM,Second Floor,,Structural,Wall,Exterior,1,N,114,Original,,UITVOERING,Complete,Structural,100,High,N,8 hrs (1 day),9.5,Main Contractor - Structural Crew,1.0084,88,,,88,STR-0,Subcontract,"Precast stairs and landings, 2nd floor",197.38,529.36,1875.11,2404.47,2009.94,-394.53,-16.4,2067.1,2009.94,5,100.5,Invoiced,EUR,2015-07-13,
0hcpNW0db6X87YuVp_2ciE,IFCBEAM,Second Floor,,Structural,Wall,Exterior,1,N,114,Original,,UITVOERING,Complete,Structural,100,High,N,8 hrs (1 day),9.5,Main Contractor - Structural Crew,1.0084,88,,,88,STR-0,Subcontract,"Precast stairs and landings, 2nd floor",197.38,529.36,1875.11,2404.47,2009.94,-394.53,-16.4,2067.1,2009.94,5,100.5,Invoiced,EUR,2015-07-13,
0k653Rg_z8xQ3HPFizAOCW,IFCBEAM,Second Floor,,Structural,Wall,Exterior,1,N,114,Original,,UITVOERING,Complete,Structural,100,High,N,8 hrs (1 day),9.5,Main Contractor - Structural Crew,1.0084,88,,,88,STR-0,Subcontract,"Precast stairs and landings, 2nd floor",197.38,529.36,1875.11,2404.47,2009.94,-394.53,-16.4,2067.1,2009.94,5,100.5,Invoiced,EUR,2015-07-13,
0sfYqP8DDATxl1u47I11Yd,IFCBEAM,Second Floor,,Structural,Wall,Exterior,1,N,114,Original,,UITVOERING,Complete,Structural,100,High,N,8 hrs (1 day),9.5,Main Contractor - Structural Crew,1.0084,88,,,88,STR-0,Subcontract,"Precast stairs and landings, 2nd floor",197.38,529.36,1875.11,2404.47,2009.94,-394.53,-16.4,2067.1,2009.94,5,100.5,Invoiced,EUR,2015-07-13,
15yxQAL$f43P0u1dI$k5aM,IFCBEAM,Second Floor,,Structural,Wall,Exterior,1,N,114,Original,,UITVOERING,Complete,Structural,100,High,N,8 hrs (1 day),9.5,Main Contractor - Structural Crew,1.0084,88,,,88,STR-0,Subcontract,"Precast stairs and landings, 2nd floor",197.38,529.36,1875.11,2404.47,2009.94,-394.53,-16.4,2067.1,2009.94,5,100.5,Invoiced,EUR,2015-07-13,
130A2mOb118fGCKfA$dOPJ,IFCBEAM,Second Floor,,Structural,Wall,Exterior,1,N,114,Original,,UITVOERING,Complete,Structural,100,High,N,8 hrs (1 day),9.5,Main Contractor - Structural Crew,1.0084,88,,,88,STR-0,Subcontract,"Precast stairs and landings, 2nd floor",197.38,529.36,1875.11,2404.47,2009.94,-394.53,-16.4,2067.1,2009.94,5,100.5,Invoiced,EUR,2015-07-13,
0QRdo0_S52Bf0hGTlrzUF5,IFCBEAM,Second Floor,,Structural,Wall,Exterior,1,N,114,Original,,UITVOERING,Complete,Structural,100,High,N,8 hrs (1 day),9.5,Main Contractor - Structural Crew,1.0084,88,,,88,STR-0,Subcontract,"Precast stairs and landings, 2nd floor",197.38,529.36,1875.11,2404.47,2009.94,-394.53,-16.4,2067.1,2009.94,5,100.5,Invoiced,EUR,2015-07-13,
2HmiD6wm592AAFyz2dr1Pf,IFCBEAM,Second Floor,,Structural,Wall,Exterior,1,N,114,Original,,UITVOERING,Complete,Structural,100,High,N,8 hrs (1 day),9.5,Main Contractor - Structural Crew,1.0084,88,,,88,STR-0,Subcontract,"Precast stairs and landings, 2nd floor",197.38,529.36,1875.11,2404.47,2009.94,-394.53,-16.4,2067.1,2009.94,5,100.5,Invoiced,EUR,2015-07-13,
3k9D1gOuf01OXU2EnmzMAH,IFCBEAM,Second Floor,,Structural,Wall,Exterior,1,N,114,Original,,UITVOERING,Complete,Structural,100,High,N,8 hrs (1 day),9.5,Main Contractor - Structural Crew,1.0084,88,,,88,STR-0,Subcontract,"Precast stairs and landings, 2nd floor",197.38,529.36,1875.11,2404.47,2009.94,-394.53,-16.4,2067.1,2009.94,5,100.5,Invoiced,EUR,2015-07-13,
3eVLh_nMf51BErb6dTmOYv,IFCBEAM,Second Floor,,Structural,Wall,Exterior,1,N,114,Original,,UITVOERING,Complete,Structural,100,High,N,8 hrs (1 day),9.5,Main Contractor - Structural Crew,1.0084,88,,,88,STR-0,Subcontract,"Precast stairs and landings, 2nd floor",197.38,529.36,1875.11,2404.47,2009.94,-394.53,-16.4,2067.1,2009.94,5,100.5,Invoiced,EUR,2015-07-13,
3doFsyD$TAtOoTUzw7BC1v,IFCBEAM,Second Floor,,Structural,Wall,Exterior,1,N,114,Original,,UITVOERING,Complete,Structural,100,High,N,8 hrs (1 day),9.5,Main Contractor - Structural Crew,1.0084,88,,,88,STR-0,Subcontract,"Precast stairs and landings, 2nd floor",197.38,529.36,1875.11,2404.47,2009.94,-394.53,-16.4,2067.1,2009.94,5,100.5,Invoiced,EUR,2015-07-13,
0eFgQlw4j5RQ4lKN7Wx8BF,IFCBEAM,Second Floor,,Structural,Wall,Exterior,1,N,114,Original,,UITVOERING,Complete,Structural,100,High,N,8 hrs (1 day),9.5,Main Contractor - Structural Crew,1.0084,88,,,88,STR-0,Subcontract,"Precast stairs and landings, 2nd floor",197.38,529.36,1875.11,2404.47,2009.94,-394.53,-16.4,2067.1,2009.94,5,100.5,Invoiced,EUR,2015-07-13,
1yOYfHuUPEiObFJrOT7k_r,IFCBEAM,Second Floor,,Structural,Wall,Exterior,1,N,114,Original,,UITVOERING,Complete,Structural,100,High,N,8 hrs (1 day),9.5,Main Contractor - Structural Crew,1.0084,88,,,88,STR-0,Subcontract,"Precast stairs and landings, 2nd floor",197.38,529.36,1875.11,2404.47,2009.94,-394.53,-16.4,2067.1,2009.94,5,100.5,Invoiced,EUR,2015-07-13,
2Ukg0dPlL0Ef04YM$OVBat,IFCBEAM,Second Floor,,Structural,Wall,Exterior,1,N,114,Original,,UITVOERING,Complete,Structural,100,High,N,8 hrs (1 day),9.5,Main Contractor - Structural Crew,1.0084,88,,,88,STR-0,Subcontract,"Precast stairs and landings, 2nd floor",197.38,529.36,1875.11,2404.47,2009.94,-394.53,-16.4,2067.1,2009.94,5,100.5,Invoiced,EUR,2015-07-13,
1Vl5CJOxv3Dfs5Ry_QCti2,IFCBEAM,Second Floor,,Structural,Wall,Exterior,1,N,114,Original,,UITVOERING,Complete,Structural,100,High,N,8 hrs (1 day),9.5,Main Contractor - Structural Crew,1.0084,88,,,88,STR-0,Subcontract,"Precast stairs and landings, 2nd floor",197.38,529.36,1875.11,2404.47,2009.94,-394.53,-16.4,2067.1,2009.94,5,100.5,Invoiced,EUR,2015-07-13,
1nkBTQxQ52TerLh7DOjRh6,IFCBEAM,Second Floor,,Structural,Wall,Exterior,1,N,114,Original,,UITVOERING,Complete,Structural,100,High,N,8 hrs (1 day),9.5,Main Contractor - Structural Crew,1.0084,88,,,88,STR-0,Subcontract,"Precast stairs and landings, 2nd floor",197.38,529.36,1875.11,2404.47,2009.94,-394.53,-16.4,2067.1,2009.94,5,100.5,Invoiced,EUR,2015-07-13,
2hmBGtlFT17AQbvvLa0rD0,IFCBEAM,Second Floor,,Structural,Wall,Exterior,1,N,114,Original,,UITVOERING,Complete,Structural,100,High,N,8 hrs (1 day),9.5,Main Contractor - Structural Crew,1.0084,88,,,88,STR-0,Subcontract,"Precast stairs and landings, 2nd floor",197.38,529.36,1875.11,2404.47,2009.94,-394.53,-16.4,2067.1,2009.94,5,100.5,Invoiced,EUR,2015-07-13,
3S9hlUrjj2EPxgpyC61kto,IFCBEAM,Second Floor,,Structural,Wall,Interior,1,N,114,Original,,UITVOERING,Complete,Structural,100,High,N,8 hrs (1 day),9.5,Main Contractor - Structural Crew,1.0084,88,,,88,STR-0,Subcontract,"Precast stairs and landings, 2nd floor",197.38,529.36,1875.11,2404.47,2009.94,-394.53,-16.4,2067.1,2009.94,5,100.5,Invoiced,EUR,2015-07-13,
0j4QDQjH9A$h43eLDGhXyl,IFCBEAM,Second Floor,,Structural,Wall,Exterior,1,N,114,Original,,UITVOERING,Complete,Structural,100,High,N,8 hrs (1 day),9.5,Main Contractor - Structural Crew,1.0084,88,,,88,STR-0,Subcontract,"Precast stairs and landings, 2nd floor",197.38,529.36,1875.11,2404.47,2009.94,-394.53,-16.4,2067.1,2009.94,5,100.5,Invoiced,EUR,2015-07-13,
1jxOIPWGn7Rfxz4k0FeFEJ,IFCBEAM,Second Floor,,Structural,Wall,Exterior,1,N,114,Original,,UITVOERING,Complete,Structural,100,High,N,8 hrs (1 day),9.5,Main Contractor - Structural Crew,1.0084,88,,,88,STR-0,Subcontract,"Precast stairs and landings, 2nd floor",197.38,529.36,1875.11,2404.47,2009.94,-394.53,-16.4,2067.1,2009.94,5,100.5,Invoiced,EUR,2015-07-13,
0_sNN9JIv40eZPdsuo5N6E,IFCBEAM,Second Floor,,Structural,Wall,Exterior,1,N,114,Original,,UITVOERING,Complete,Structural,100,High,N,8 hrs (1 day),9.5,Main Contractor - Structural Crew,1.0084,88,,,88,STR-0,Subcontract,"Precast stairs and landings, 2nd floor",197.38,529.36,1875.11,2404.47,2009.94,-394.53,-16.4,2067.1,2009.94,5,100.5,Invoiced,EUR,2015-07-13,
1vP2sJ$_v9XRPftfJxtqWr,IFCBEAM,Second Floor,,Structural,Wall,Exterior,1,N,114,Original,,UITVOERING,Complete,Structural,100,High,N,8 hrs (1 day),9.5,Main Contractor - Structural Crew,1.0084,88,,,88,STR-0,Subcontract,"Precast stairs and landings, 2nd floor",197.38,529.36,1875.11,2404.47,2009.94,-394.53,-16.4,2067.1,2009.94,5,100.5,Invoiced,EUR,2015-07-13,
0UxjVg0CTCqAW8uGT8wJjn,IFCBEAM,Second Floor,,Structural,Wall,Exterior,1,N,114,Original,,UITVOERING,Complete,Structural,100,High,N,8 hrs (1 day),9.5,Main Contractor - Structural Crew,1.0084,88,,,88,STR-0,Subcontract,"Precast stairs and landings, 2nd floor",197.38,529.36,1875.11,2404.47,2009.94,-394.53,-16.4,2067.1,2009.94,5,100.5,Invoiced,EUR,2015-07-13,
16VL86SyDCL8gVUYSjW$7s,IFCBEAM,Second Floor,,Structural,Wall,Exterior,1,N,114,Original,,UITVOERING,Complete,Structural,100,High,N,8 hrs (1 day),9.5,Main Contractor - Structural Crew,1.0084,88,,,88,STR-0,Subcontract,"Precast stairs and landings, 2nd floor",197.38,529.36,1875.11,2404.47,2009.94,-394.53,-16.4,2067.1,2009.94,5,100.5,Invoiced,EUR,2015-07-13,
1b$Bo90Lv6aO5ZfZ5bKmrB,IFCBEAM,Second Floor,,Structural,Wall,Exterior,1,N,114,Original,,UITVOERING,Complete,Structural,100,High,N,8 hrs (1 day),9.5,Main Contractor - Structural Crew,1.0084,88,,,88,STR-0,Subcontract,"Precast stairs and landings, 2nd floor",197.38,529.36,1875.11,2404.47,2009.94,-394.53,-16.4,2067.1,2009.94,5,100.5,Invoiced,EUR,2015-07-13,
3Wlz9yohj8ThYG1fG8xA6r,IFCBEAM,Second Floor,,Structural,Wall,Exterior,1,N,114,Original,,UITVOERING,Complete,Structural,100,High,N,8 hrs (1 day),9.5,Main Contractor - Structural Crew,1.0084,88,,,88,STR-0,Subcontract,"Precast stairs and landings, 2nd floor",197.38,529.36,1875.11,2404.47,2009.94,-394.53,-16.4,2067.1,2009.94,5,100.5,Invoiced,EUR,2015-07-13,
0RXteokS174O1MF_ZesSRJ,IFCBEAM,Second Floor,,Structural,Wall,Exterior,1,N,114,Original,,UITVOERING,Complete,Structural,100,High,N,8 hrs (1 day),9.5,Main Contractor - Structural Crew,1.0084,88,,,88,STR-0,Subcontract,"Precast stairs and landings, 2nd floor",197.38,529.36,1875.11,2404.47,2009.94,-394.53,-16.4,2067.1,2009.94,5,100.5,Invoiced,EUR,2015-07-13,
1OSreoxzj3r9gdUen2MmDQ,IFCBEAM,Second Floor,,Structural,Wall,Exterior,1,N,114,Original,,UITVOERING,Complete,Structural,100,High,N,8 hrs (1 day),9.5,Main Contractor - Structural Crew,1.0084,88,,,88,STR-0,Subcontract,"Precast stairs and landings, 2nd floor",197.38,529.36,1875.11,2404.47,2009.94,-394.53,-16.4,2067.1,2009.94,5,100.5,Invoiced,EUR,2015-07-13,
29IOQ3fjb3cBrPW939Umfc,IFCBEAM,Second Floor,,Structural,Wall,Exterior,1,N,114,Original,,UITVOERING,Complete,Structural,100,High,N,8 hrs (1 day),9.5,Main Contractor - Structural Crew,1.0084,88,,,88,STR-0,Subcontract,"Precast stairs and landings, 2nd floor",197.38,529.36,1875.11,2404.47,2009.94,-394.53,-16.4,2067.1,2009.94,5,100.5,Invoiced,EUR,2015-07-13,
0EV1tBRrXBFB54GuiZ9KNi,IFCBEAM,Second Floor,,Structural,Wall,Exterior,1,N,114,Original,,UITVOERING,Complete,Structural,100,High,N,8 hrs (1 day),9.5,Main Contractor - Structural Crew,1.0084,88,,,88,STR-0,Subcontract,"Precast stairs and landings, 2nd floor",197.38,529.36,1875.11,2404.47,2009.94,-394.53,-16.4,2067.1,2009.94,5,100.5,Invoiced,EUR,2015-07-13,
3SXKMDKGbFJ8igoQRlAZ6R,IFCBEAM,Second Floor,,Structural,Wall,Exterior,1,N,114,Original,,UITVOERING,Complete,Structural,100,High,N,8 hrs (1 day),9.5,Main Contractor - Structural Crew,1.0084,88,,,88,STR-0,Subcontract,"Precast stairs and landings, 2nd floor",197.38,529.36,1875.11,2404.47,2009.94,-394.53,-16.4,2067.1,2009.94,5,100.5,Invoiced,EUR,2015-07-13,
04Vz55ZDX70v$sJ1Z2p7ix,IFCBEAM,Second Floor,,Structural,Wall,Exterior,1,N,114,Original,,UITVOERING,Complete,Structural,100,High,N,8 hrs (1 day),9.5,Main Contractor - Structural Crew,1.0084,88,,,88,STR-0,Subcontract,"Precast stairs and landings, 2nd floor",197.38,529.36,1875.11,2404.47,2009.94,-394.53,-16.4,2067.1,2009.94,5,100.5,Invoiced,EUR,2015-07-13,
11gA5Dui92yhHMbdm2nIvn,IFCBEAM,Second Floor,,Structural,Wall,Exterior,1,N,114,Original,,UITVOERING,Complete,Structural,100,High,N,8 hrs (1 day),9.5,Main Contractor - Structural Crew,1.0084,88,,,88,STR-0,Subcontract,"Precast stairs and landings, 2nd floor",197.38,529.36,1875.11,2404.47,2009.94,-394.53,-16.4,2067.1,2009.94,5,100.5,Invoiced,EUR,2015-07-13,
1fm9a1a$DBjRw8D_aKJGAN,IFCBEAM,Third Floor,,Structural,Wall,Interior,36,N,,Original,,UITVOERING,Complete,Structural,100,High,Yes,,,Main Contractor - Structural Crew,,,,,,STR-0,Subcontract,,,,,,,,,,,5,,,EUR,,
1mFLnqgNHBkAV$cfC8mJta,IFCBEAM,Roof,,Structural,Wall,Exterior,36,N,,Original,,UITVOERING,Complete,Structural,100,High,Yes,,,Main Contractor - Structural Crew,,,,,,STR-0,Subcontract,,,,,,,,,,,5,,,EUR,,
2HlSnEsQL1iQ5gLavb9Pta,IFCBEAM,Roof,,Structural,Wall,Exterior,36,N,,Original,,UITVOERING,Complete,Structural,100,High,Yes,,,Main Contractor - Structural Crew,,,,,,STR-0,Subcontract,,,,,,,,,,,5,,,EUR,,
01JdAyGrj26g2fujj4OJW6,IFCBEAM,Roof,,Structural,Wall,Exterior,36,N,,Original,,UITVOERING,Complete,Structural,100,High,Yes,,,Main Contractor - Structural Crew,,,,,,STR-0,Subcontract,,,,,,,,,,,5,,,EUR,,
3S7g662RP9xumMzv4I5k23,IFCBEAM,Roof,,Structural,Wall,Exterior,36,N,,Original,,UITVOERING,Complete,Structural,100,High,Yes,,,Main Contractor - Structural Crew,,,,,,STR-0,Subcontract,,,,,,,,,,,5,,,EUR,,
14yQrUSwr1yPkY2tJYbM7F,IFCBEAM,Roof,,Structural,Wall,Exterior,36,N,,Original,,UITVOERING,Complete,Structural,100,High,Yes,,,Main Contractor - Structural Crew,,,,,,STR-0,Subcontract,,,,,,,,,,,5,,,EUR,,
2id5JruDL6g9P3kQnXGsrB,IFCBEAM,Roof,,Structural,Wall,Exterior,36,N,,Original,,UITVOERING,Complete,Structural,100,High,Yes,,,Main Contractor - Structural Crew,,,,,,STR-0,Subcontract,,,,,,,,,,,5,,,EUR,,
0pwbcyQ8v6mRtN2Pp6uYo8,IFCBEAM,Roof,,Structural,Wall,Exterior,36,N,,Original,,UITVOERING,Complete,Structural,100,High,Yes,,,Main Contractor - Structural Crew,,,,,,STR-0,Subcontract,,,,,,,,,,,5,,,EUR,,
2vZbEEmu532wegCOlbXcov,IFCBEAM,Roof,,Structural,Wall,Exterior,36,N,,Original,,UITVOERING,Complete,Structural,100,High,Yes,,,Main Contractor - Structural Crew,,,,,,STR-0,Subcontract,,,,,,,,,,,5,,,EUR,,
19VI1vhaL4XBgHychoTMot,IFCBEAM,Roof,,Structural,Wall,Exterior,36,N,,Original,,UITVOERING,Complete,Structural,100,High,Yes,,,Main Contractor - Structural Crew,,,,,,STR-0,Subcontract,,,,,,,,,,,5,,,EUR,,
34RnzQjo78q9a_nkPqmuFs,IFCBUILDINGELEMENTPART,,,General/Site,Other,Interior,0,,,,,,,,,,,,,,,,,,,,,,,,,,,,,,,,,,,,
23uCBkBX1OgotbHJjad5qB,IFCBUILDINGELEMENTPART,,,General/Site,Other,Interior,0,,,,,,,,,,,,,,,,,,,,,,,,,,,,,,,,,,,,
1Y6HZlUA6K9eS1kBX9vsSC,IFCBUILDINGELEMENTPART,,,General/Site,Other,Interior,0,,,,,,,,,,,,,,,,,,,,,,,,,,,,,,,,,,,,
1PuyKaDmVgHWp4NO1th780,IFCBUILDINGELEMENTPART,,,General/Site,Other,Interior,0,,,,,,,,,,,,,,,,,,,,,,,,,,,,,,,,,,,,
07BhnDAlpluxhFLT3HVXJx,IFCBUILDINGELEMENTPART,,,General/Site,Other,Interior,0,,,,,,,,,,,,,,,,,,,,,,,,,,,,,,,,,,,,
3PhiSOz3BRjsd4Mz3W2eLt,IFCBUILDINGELEMENTPART,,,General/Site,Other,Interior,0,,,,,,,,,,,,,,,,,,,,,,,,,,,,,,,,,,,,
2mrhxpI1dR0dhKf5xPBRmq,IFCBUILDINGELEMENTPART,,,General/Site,Other,Interior,0,,,,,,,,,,,,,,,,,,,,,,,,,,,,,,,,,,,,
1F8JPBU_xywOMXcbfvpU8I,IFCBUILDINGELEMENTPART,,,General/Site,Other,Interior,0,,,,,,,,,,,,,,,,,,,,,,,,,,,,,,,,,,,,
1DKa1r7TJyn_faqOfhgMfE,IFCBUILDINGELEMENTPART,,,General/Site,Other,Interior,0,,,,,,,,,,,,,,,,,,,,,,,,,,,,,,,,,,,,
3GnRUT9Hd2823326CS$6Wl,IFCBUILDINGELEMENTPART,,,General/Site,Other,Interior,0,,,,,,,,,,,,,,,,,,,,,,,,,,,,,,,,,,,,
0ZPw7Vnf0xeyWjR7mM8GXh,IFCBUILDINGELEMENTPART,,,General/Site,Other,Interior,0,,,,,,,,,,,,,,,,,,,,,,,,,,,,,,,,,,,,
3bj3iol8WXZ_E$IfDiq2iw,IFCBUILDINGELEMENTPART,,,General/Site,Other,Interior,0,,,,,,,,,,,,,,,,,,,,,,,,,,,,,,,,,,,,
30ZfjXcBxYvLviWVoPKaTZ,IFCBUILDINGELEMENTPART,,,General/Site,Other,Interior,0,,,,,,,,,,,,,,,,,,,,,,,,,,,,,,,,,,,,
2cIAKBTC$saVOscKGMtzvK,IFCBUILDINGELEMENTPART,,,General/Site,Other,Interior,0,,,,,,,,,,,,,,,,,,,,,,,,,,,,,,,,,,,,
14XKbgi6lo4sBH4l$_m3dX,IFCBUILDINGELEMENTPART,,,General/Site,Other,Interior,0,,,,,,,,,,,,,,,,,,,,,,,,,,,,,,,,,,,,
0Uaigz52wuv1wvVn01sVyZ,IFCBUILDINGELEMENTPART,,,General/Site,Other,Interior,0,,,,,,,,,,,,,,,,,,,,,,,,,,,,,,,,,,,,
1T0WdnpDorHB3Wb7k0laKx,IFCBUILDINGELEMENTPART,,,General/Site,Other,Interior,0,,,,,,,,,,,,,,,,,,,,,,,,,,,,,,,,,,,,
029nZn9pWbYm6K36N_k9uN,IFCBUILDINGELEMENTPART,,,General/Site,Other,Interior,0,,,,,,,,,,,,,,,,,,,,,,,,,,,,,,,,,,,,
1NsZOuLHAirGHtEWbykqn_,IFCBUILDINGELEMENTPART,,,General/Site,Other,Interior,0,,,,,,,,,,,,,,,,,,,,,,,,,,,,,,,,,,,,
0B0V49K_gbJPJhaFO2XQxP,IFCBUILDINGELEMENTPART,,,General/Site,Other,Interior,0,,,,,,,,,,,,,,,,,,,,,,,,,,,,,,,,,,,,
3pZopONwSLwhwwW7xfHCNn,IFCBUILDINGELEMENTPART,,,General/Site,Other,Interior,0,,,,,,,,,,,,,,,,,,,,,,,,,,,,,,,,,,,,
24wY8D$KWFZM$r9u0uNr5u,IFCBUILDINGELEMENTPART,,,General/Site,Other,Interior,0,,,,,,,,,,,,,,,,,,,,,,,,,,,,,,,,,,,,
2x1LdgE3PZ8IwG$DJaKll6,IFCBUILDINGELEMENTPART,,,General/Site,Other,Interior,0,,,,,,,,,,,,,,,,,,,,,,,,,,,,,,,,,,,,
1pjT2JRDozz1g7jvGWSdvM,IFCBUILDINGELEMENTPART,,,General/Site,Other,Interior,0,,,,,,,,,,,,,,,,,,,,,,,,,,,,,,,,,,,,
1EZlbLnOt0ALoBOSZlFIkC,IFCBUILDINGELEMENTPART,,,General/Site,Other,Interior,0,,,,,,,,,,,,,,,,,,,,,,,,,,,,,,,,,,,,
3T0Ac4tYcnkccnetq5vnIU,IFCBUILDINGELEMENTPART,,,General/Site,Other,Interior,0,,,,,,,,,,,,,,,,,,,,,,,,,,,,,,,,,,,,
1L4tIi2aPIYh74ZuxZjE3J,IFCBUILDINGELEMENTPART,,,General/Site,Other,Interior,0,,,,,,,,,,,,,,,,,,,,,,,,,,,,,,,,,,,,
2Y2FlRwin7bA7a8S2nExbq,IFCBUILDINGELEMENTPART,,,General/Site,Other,Interior,0,,,,,,,,,,,,,,,,,,,,,,,,,,,,,,,,,,,,
2zkVvjLvp0l9zdYu6k1u6j,IFCBUILDINGELEMENTPART,,,General/Site,Other,Interior,0,,,,,,,,,,,,,,,,,,,,,,,,,,,,,,,,,,,,
1Z_aNVZuoYklbxNGrQBKbU,IFCBUILDINGELEMENTPART,,,General/Site,Other,Interior,0,,,,,,,,,,,,,,,,,,,,,,,,,,,,,,,,,,,,
1gGXDdZklWOpI0pSWQBA70,IFCBUILDINGELEMENTPART,,,General/Site,Other,Interior,0,,,,,,,,,,,,,,,,,,,,,,,,,,,,,,,,,,,,
1OmyC6JqQ55MwBYSwI8fiv,IFCBUILDINGELEMENTPART,,,General/Site,Other,Interior,0,,,,,,,,,,,,,,,,,,,,,,,,,,,,,,,,,,,,
1aJ0yx11fT0n0fMX4BFFi_,IFCBUILDINGELEMENTPART,,,General/Site,Other,Interior,0,,,,,,,,,,,,,,,,,,,,,,,,,,,,,,,,,,,,
2j1bbTYKr7be5pGvlQrwGU,IFCBUILDINGELEMENTPART,,,General/Site,Other,Interior,0,,,,,,,,,,,,,,,,,,,,,,,,,,,,,,,,,,,,
09sskEgKOUAjtwNv$SJOOM,IFCBUILDINGELEMENTPART,,,General/Site,Other,Interior,0,,,,,,,,,,,,,,,,,,,,,,,,,,,,,,,,,,,,
3GAx8b1medHp4rF4VUj1Ii,IFCBUILDINGELEMENTPART,,,General/Site,Other,Interior,0,,,,,,,,,,,,,,,,,,,,,,,,,,,,,,,,,,,,
3UdpG9zqKGH6T23Q7Tvuzi,IFCBUILDINGELEMENTPART,,,General/Site,Other,Interior,0,,,,,,,,,,,,,,,,,,,,,,,,,,,,,,,,,,,,
1RDuS5TSLRls1jhj0K09_W,IFCBUILDINGELEMENTPART,,,General/Site,Other,Interior,0,,,,,,,,,,,,,,,,,,,,,,,,,,,,,,,,,,,,
05yIp9Q0yASdKakpVqU9Vn,IFCBUILDINGELEMENTPART,,,General/Site,Other,Interior,0,,,,,,,,,,,,,,,,,,,,,,,,,,,,,,,,,,,,
2zUSP6LPGYK_cd1XpdOraG,IFCBUILDINGELEMENTPART,,,General/Site,Other,Interior,0,,,,,,,,,,,,,,,,,,,,,,,,,,,,,,,,,,,,
32OwYg$u91bvqPhRFa4xgW,IFCBUILDINGELEMENTPART,,,General/Site,Other,Interior,0,,,,,,,,,,,,,,,,,,,,,,,,,,,,,,,,,,,,
1oIBe7Q_4wbL1EMHpytulg,IFCBUILDINGELEMENTPART,,,General/Site,Other,Interior,0,,,,,,,,,,,,,,,,,,,,,,,,,,,,,,,,,,,,
3j45ziZgFw_jLZCfiTufdg,IFCBUILDINGELEMENTPART,,,General/Site,Other,Interior,0,,,,,,,,,,,,,,,,,,,,,,,,,,,,,,,,,,,,
07ciTp5g35un1OzTCfCkmn,IFCBUILDINGELEMENTPART,,,General/Site,Other,Interior,0,,,,,,,,,,,,,,,,,,,,,,,,,,,,,,,,,,,,
0O8bNxMIe3zo48cKKUtyZU,IFCBUILDINGELEMENTPART,,,General/Site,Other,Interior,0,,,,,,,,,,,,,,,,,,,,,,,,,,,,,,,,,,,,
2GG0Ga6sYNZgp60c_8blPw,IFCBUILDINGELEMENTPART,,,General/Site,Other,Interior,0,,,,,,,,,,,,,,,,,,,,,,,,,,,,,,,,,,,,
0ecfGuAg7aD4opEGdV5L8T,IFCBUILDINGELEMENTPART,,,General/Site,Other,Interior,0,,,,,,,,,,,,,,,,,,,,,,,,,,,,,,,,,,,,
1f$QSG2Z9l_yxHSb$9a89g,IFCBUILDINGELEMENTPART,,,General/Site,Other,Interior,0,,,,,,,,,,,,,,,,,,,,,,,,,,,,,,,,,,,,
3_YDY$erOjuXrB2uKXsw7o,IFCBUILDINGELEMENTPART,,,General/Site,Other,Interior,0,,,,,,,,,,,,,,,,,,,,,,,,,,,,,,,,,,,,
0pp$t3OWF63e2PBlmohnmy,IFCBUILDINGELEMENTPART,,,General/Site,Other,Interior,0,,,,,,,,,,,,,,,,,,,,,,,,,,,,,,,,,,,,
2STdQDomybBipWob336Xxj,IFCBUILDINGELEMENTPART,,,General/Site,Other,Interior,0,,,,,,,,,,,,,,,,,,,,,,,,,,,,,,,,,,,,
1jVJMQwAfI$LNNE6vfGZw1,IFCBUILDINGELEMENTPART,,,General/Site,Other,Interior,0,,,,,,,,,,,,,,,,,,,,,,,,,,,,,,,,,,,,
2ttUUrHl6T9aTOHzeOyjsO,IFCBUILDINGELEMENTPART,,,General/Site,Other,Interior,0,,,,,,,,,,,,,,,,,,,,,,,,,,,,,,,,,,,,
0twGO1$Rg590turzq0mpOk,IFCBUILDINGELEMENTPART,,,General/Site,Other,Interior,0,,,,,,,,,,,,,,,,,,,,,,,,,,,,,,,,,,,,
3LR5hU_kzENzec73b9olgz,IFCBUILDINGELEMENTPART,,,General/Site,Other,Interior,0,,,,,,,,,,,,,,,,,,,,,,,,,,,,,,,,,,,,
19sxP40MORD5MBXT7oKH$F,IFCBUILDINGELEMENTPART,,,General/Site,Other,Interior,0,,,,,,,,,,,,,,,,,,,,,,,,,,,,,,,,,,,,
1pinm96QV2Jc$L8t18GZNW,IFCBUILDINGELEMENTPART,,,General/Site,Other,Interior,0,,,,,,,,,,,,,,,,,,,,,,,,,,,,,,,,,,,,
05J7cjSl2xvEyd4USt_xFk,IFCBUILDINGELEMENTPART,,,General/Site,Other,Interior,0,,,,,,,,,,,,,,,,,,,,,,,,,,,,,,,,,,,,
2Q_3iLYecvHrgmPf2ZICrI,IFCBUILDINGELEMENTPART,,,General/Site,Other,Interior,0,,,,,,,,,,,,,,,,,,,,,,,,,,,,,,,,,,,,
3OYNmF9G_aJel$hAklB140,IFCBUILDINGELEMENTPART,,,General/Site,Other,Interior,0,,,,,,,,,,,,,,,,,,,,,,,,,,,,,,,,,,,,
0qBMh4oLdAh0xxpyKuSZJN,IFCBUILDINGELEMENTPART,,,General/Site,Other,Interior,0,,,,,,,,,,,,,,,,,,,,,,,,,,,,,,,,,,,,
0rKbt5sk8u$6Q4VUyZ3kvE,IFCBUILDINGELEMENTPART,,,General/Site,Other,Interior,0,,,,,,,,,,,,,,,,,,,,,,,,,,,,,,,,,,,,
0zAEmrIdxPrXoKR0qMTBRd,IFCBUILDINGELEMENTPART,,,General/Site,Other,Interior,0,,,,,,,,,,,,,,,,,,,,,,,,,,,,,,,,,,,,
2eLe4$5OiF18twvZhRsDi$,IFCBUILDINGELEMENTPART,,,General/Site,Other,Interior,0,,,,,,,,,,,,,,,,,,,,,,,,,,,,,,,,,,,,
11_ICKA2$hzUjUfthgrNLO,IFCBUILDINGELEMENTPART,,,General/Site,Other,Interior,0,,,,,,,,,,,,,,,,,,,,,,,,,,,,,,,,,,,,
1mk5gVwtHj2xjA4CuOMoRh,IFCBUILDINGELEMENTPART,,,General/Site,Other,Interior,0,,,,,,,,,,,,,,,,,,,,,,,,,,,,,,,,,,,,
3pVhgf26VqGJvaMt5LEJIk,IFCBUILDINGELEMENTPART,,,General/Site,Other,Interior,0,,,,,,,,,,,,,,,,,,,,,,,,,,,,,,,,,,,,
1hQLMJ9c3$9F5AIomsD3B6,IFCBUILDINGELEMENTPART,,,General/Site,Other,Interior,0,,,,,,,,,,,,,,,,,,,,,,,,,,,,,,,,,,,,
1c1F_eT8z7azhkU5N1U$u5,IFCBUILDINGELEMENTPART,,,General/Site,Other,Interior,0,,,,,,,,,,,,,,,,,,,,,,,,,,,,,,,,,,,,
3xHpBNnBdP1j0zwjjYYWyq,IFCBUILDINGELEMENTPART,,,General/Site,Other,Interior,0,,,,,,,,,,,,,,,,,,,,,,,,,,,,,,,,,,,,
3MkPbMTNkMW2LwUxAhwVyK,IFCBUILDINGELEMENTPART,,,General/Site,Other,Interior,0,,,,,,,,,,,,,,,,,,,,,,,,,,,,,,,,,,,,
1rDos4xTyos4Hc2n8fqooQ,IFCBUILDINGELEMENTPART,,,General/Site,Other,Interior,0,,,,,,,,,,,,,,,,,,,,,,,,,,,,,,,,,,,,
2phMQo3fr0RkqczaMY3E7l,IFCBUILDINGELEMENTPART,,,General/Site,Other,Interior,0,,,,,,,,,,,,,,,,,,,,,,,,,,,,,,,,,,,,
25qkYE2O_Rovyo97dDWd8E,IFCBUILDINGELEMENTPART,,,General/Site,Other,Interior,0,,,,,,,,,,,,,,,,,,,,,,,,,,,,,,,,,,,,
20QmCtk8QqY6Xmbcx4t3Jp,IFCBUILDINGELEMENTPART,,,General/Site,Other,Interior,0,,,,,,,,,,,,,,,,,,,,,,,,,,,,,,,,,,,,
1NKHO9AJfqODk$wbyvmkR1,IFCBUILDINGELEMENTPART,,,General/Site,Other,Interior,0,,,,,,,,,,,,,,,,,,,,,,,,,,,,,,,,,,,,
0oJGxVH49XTArgpbf6F3tn,IFCBUILDINGELEMENTPART,,,General/Site,Other,Interior,0,,,,,,,,,,,,,,,,,,,,,,,,,,,,,,,,,,,,
33RGzILwnhTVt_EhcVthpe,IFCBUILDINGELEMENTPART,,,General/Site,Other,Interior,0,,,,,,,,,,,,,,,,,,,,,,,,,,,,,,,,,,,,
3qe3foe4oA9MN6j6p_cnWB,IFCBUILDINGELEMENTPART,,,General/Site,Other,Interior,0,,,,,,,,,,,,,,,,,,,,,,,,,,,,,,,,,,,,
1Ws_sHRa98wpC7MnTKGtx7,IFCBUILDINGELEMENTPART,,,General/Site,Other,Interior,0,,,,,,,,,,,,,,,,,,,,,,,,,,,,,,,,,,,,
2alk$os2Qey$erWLCPMxKL,IFCBUILDINGELEMENTPART,,,General/Site,Other,Interior,0,,,,,,,,,,,,,,,,,,,,,,,,,,,,,,,,,,,,
2CITgOJYYFLVryyRV8Appa,IFCBUILDINGELEMENTPART,,,General/Site,Other,Interior,0,,,,,,,,,,,,,,,,,,,,,,,,,,,,,,,,,,,,
2sbJtwuzRI4zFAKhsgU7Yk,IFCBUILDINGELEMENTPART,,,General/Site,Other,Interior,0,,,,,,,,,,,,,,,,,,,,,,,,,,,,,,,,,,,,
2NwEYGlcoQLCPHiWYIs0xx,IFCBUILDINGELEMENTPART,,,General/Site,Other,Interior,0,,,,,,,,,,,,,,,,,,,,,,,,,,,,,,,,,,,,
2CDZUpdG_P_rjoBHyYb1G8,IFCBUILDINGELEMENTPART,,,General/Site,Other,Interior,0,,,,,,,,,,,,,,,,,,,,,,,,,,,,,,,,,,,,
16CdJeN$0C7uOS7CMfSU1L,IFCBUILDINGELEMENTPART,,,General/Site,Other,Interior,0,,,,,,,,,,,,,,,,,,,,,,,,,,,,,,,,,,,,
0B5cXkxxikDfoXXq1yZAKM,IFCBUILDINGELEMENTPART,,,General/Site,Other,Interior,0,,,,,,,,,,,,,,,,,,,,,,,,,,,,,,,,,,,,
02y74GahWjk37OrPzNqoz0,IFCBUILDINGELEMENTPART,,,General/Site,Other,Interior,0,,,,,,,,,,,,,,,,,,,,,,,,,,,,,,,,,,,,
3T7J24ssxjQwoCPg9FnnR4,IFCBUILDINGELEMENTPART,,,General/Site,Other,Interior,0,,,,,,,,,,,,,,,,,,,,,,,,,,,,,,,,,,,,
2izfyAsXF2cbWbWmuD92lq,IFCBUILDINGELEMENTPART,,,General/Site,Other,Interior,0,,,,,,,,,,,,,,,,,,,,,,,,,,,,,,,,,,,,
1iAocGjyJIz6gelkZPsz6g,IFCBUILDINGELEMENTPART,,,General/Site,Other,Interior,0,,,,,,,,,,,,,,,,,,,,,,,,,,,,,,,,,,,,
3$aN4MibAC_8Sd7su4u3NI,IFCBUILDINGELEMENTPART,,,General/Site,Other,Interior,0,,,,,,,,,,,,,,,,,,,,,,,,,,,,,,,,,,,,
2yIi7oLLw5JUxLULjFTdH_,IFCBUILDINGELEMENTPART,,,General/Site,Other,Interior,0,,,,,,,,,,,,,,,,,,,,,,,,,,,,,,,,,,,,
1tNmIpY8h5p3wFAYZUNoU4,IFCBUILDINGELEMENTPART,,,General/Site,Other,Interior,0,,,,,,,,,,,,,,,,,,,,,,,,,,,,,,,,,,,,
3d$HOCkAI92hUpKLm1YS$9,IFCBUILDINGELEMENTPART,,,General/Site,Other,Interior,0,,,,,,,,,,,,,,,,,,,,,,,,,,,,,,,,,,,,
2j4C2gfoH48Lou3nYyI1IX,IFCBUILDINGELEMENTPART,,,General/Site,Other,Interior,0,,,,,,,,,,,,,,,,,,,,,,,,,,,,,,,,,,,,
1QG$NZI_pRC9hnBjgMiuCI,IFCBUILDINGELEMENTPART,,,General/Site,Other,Interior,0,,,,,,,,,,,,,,,,,,,,,,,,,,,,,,,,,,,,
3xk0I6ff9k5XDIKUCmFVBq,IFCBUILDINGELEMENTPART,,,General/Site,Other,Interior,0,,,,,,,,,,,,,,,,,,,,,,,,,,,,,,,,,,,,
1ANHP6RLa$6TWM6lGEZxor,IFCBUILDINGELEMENTPART,,,General/Site,Other,Interior,0,,,,,,,,,,,,,,,,,,,,,,,,,,,,,,,,,,,,
0fd21RNJVb0r5LyQAPzxK6,IFCBUILDINGELEMENTPART,,,General/Site,Other,Interior,0,,,,,,,,,,,,,,,,,,,,,,,,,,,,,,,,,,,,
04AK4lxqKdoEF6pYkUWdq7,IFCBUILDINGELEMENTPART,,,General/Site,Other,Interior,0,,,,,,,,,,,,,,,,,,,,,,,,,,,,,,,,,,,,
16wFKmII3FYvA9Ii8CFRbZ,IFCBUILDINGELEMENTPART,,,General/Site,Other,Interior,0,,,,,,,,,,,,,,,,,,,,,,,,,,,,,,,,,,,,
2ehVH$ybIPz3sGk_E6vMp8,IFCBUILDINGELEMENTPART,,,General/Site,Other,Interior,0,,,,,,,,,,,,,,,,,,,,,,,,,,,,,,,,,,,,
16MKQNhrFR_3aQa9cWDO6M,IFCBUILDINGELEMENTPART,,,General/Site,Other,Interior,0,,,,,,,,,,,,,,,,,,,,,,,,,,,,,,,,,,,,
0uzvBUWE7ztTfNfpc0FRtI,IFCBUILDINGELEMENTPART,,,General/Site,Other,Interior,0,,,,,,,,,,,,,,,,,,,,,,,,,,,,,,,,,,,,
0k9Q8fxLJ8lYQVmCf_4ott,IFCBUILDINGELEMENTPART,,,General/Site,Other,Interior,0,,,,,,,,,,,,,,,,,,,,,,,,,,,,,,,,,,,,
1uWiE0A125yBD4bcwGGZLq,IFCBUILDINGELEMENTPART,,,General/Site,Other,Interior,0,,,,,,,,,,,,,,,,,,,,,,,,,,,,,,,,,,,,
1SrdEbgkBT4cvB_Y$8fKx7,IFCBUILDINGELEMENTPART,,,General/Site,Other,Interior,0,,,,,,,,,,,,,,,,,,,,,,,,,,,,,,,,,,,,
2dmbkqbVGtdxVSE4R86yxh,IFCBUILDINGELEMENTPART,,,General/Site,Other,Interior,0,,,,,,,,,,,,,,,,,,,,,,,,,,,,,,,,,,,,
2fQpid431umFyBWWRKv4z1,IFCBUILDINGELEMENTPART,,,General/Site,Other,Interior,0,,,,,,,,,,,,,,,,,,,,,,,,,,,,,,,,,,,,
1X9sHhMerugCzWWuxSUdLf,IFCBUILDINGELEMENTPART,,,General/Site,Other,Interior,0,,,,,,,,,,,,,,,,,,,,,,,,,,,,,,,,,,,,
3PQb4NZ3RM8C7jEOvUSFzn,IFCBUILDINGELEMENTPART,,,General/Site,Other,Interior,0,,,,,,,,,,,,,,,,,,,,,,,,,,,,,,,,,,,,
2n4BGS2QrdG4V9LUZ$J6$A,IFCBUILDINGELEMENTPART,,,General/Site,Other,Interior,0,,,,,,,,,,,,,,,,,,,,,,,,,,,,,,,,,,,,
1hPd$LyQLap8hsUz1bD6At,IFCBUILDINGELEMENTPART,,,General/Site,Other,Interior,0,,,,,,,,,,,,,,,,,,,,,,,,,,,,,,,,,,,,
2I5lLMycJJpx1gQFOpazGW,IFCBUILDINGELEMENTPART,,,General/Site,Other,Interior,0,,,,,,,,,,,,,,,,,,,,,,,,,,,,,,,,,,,,
3iZAQzYTcB2jl_SOxdH9uN,IFCBUILDINGELEMENTPART,,,General/Site,Other,Interior,0,,,,,,,,,,,,,,,,,,,,,,,,,,,,,,,,,,,,
1pYYQsxBuTA$unMxg3hbRp,IFCBUILDINGELEMENTPART,,,General/Site,Other,Interior,0,,,,,,,,,,,,,,,,,,,,,,,,,,,,,,,,,,,,
3W3XMybgk56LqlJxeyLy2K,IFCBUILDINGELEMENTPART,,,General/Site,Other,Interior,0,,,,,,,,,,,,,,,,,,,,,,,,,,,,,,,,,,,,
0krrSL5sE0QMpG0pB0FlU9,IFCBUILDINGELEMENTPART,,,General/Site,Other,Interior,0,,,,,,,,,,,,,,,,,,,,,,,,,,,,,,,,,,,,
3S966vAVkktCd6ePv5nLIh,IFCBUILDINGELEMENTPART,,,General/Site,Other,Interior,0,,,,,,,,,,,,,,,,,,,,,,,,,,,,,,,,,,,,
2jS$PS1YId9BWrC$etkQI7,IFCBUILDINGELEMENTPART,,,General/Site,Other,Interior,0,,,,,,,,,,,,,,,,,,,,,,,,,,,,,,,,,,,,
1esPqM6wE6oIAoIIjPO0zh,IFCBUILDINGELEMENTPART,,,General/Site,Other,Interior,0,,,,,,,,,,,,,,,,,,,,,,,,,,,,,,,,,,,,
2e4qnow0uKEgJ3TEVp4syl,IFCBUILDINGELEMENTPART,,,General/Site,Other,Interior,0,,,,,,,,,,,,,,,,,,,,,,,,,,,,,,,,,,,,
1$opBhHNmuUuU5xzwOwJTn,IFCBUILDINGELEMENTPART,,,General/Site,Other,Interior,0,,,,,,,,,,,,,,,,,,,,,,,,,,,,,,,,,,,,
0BmpNmwukKJPd8jhXFlbF7,IFCBUILDINGELEMENTPART,,,General/Site,Other,Interior,0,,,,,,,,,,,,,,,,,,,,,,,,,,,,,,,,,,,,
121F3_NrjoQ6dPmfHyyp_I,IFCBUILDINGELEMENTPART,,,General/Site,Other,Interior,0,,,,,,,,,,,,,,,,,,,,,,,,,,,,,,,,,,,,
0Har63Eq8agR6xryIQkTwX,IFCBUILDINGELEMENTPART,,,General/Site,Other,Interior,0,,,,,,,,,,,,,,,,,,,,,,,,,,,,,,,,,,,,
2XEN$w$EDuGb1TPBZ8M0fM,IFCBUILDINGELEMENTPART,,,General/Site,Other,Interior,0,,,,,,,,,,,,,,,,,,,,,,,,,,,,,,,,,,,,
3fNHHxiZLVFzcYMhER$217,IFCBUILDINGELEMENTPART,,,General/Site,Other,Interior,0,,,,,,,,,,,,,,,,,,,,,,,,,,,,,,,,,,,,
2wDZ$fWVOfmq4NIm_hmrXP,IFCBUILDINGELEMENTPART,,,General/Site,Other,Interior,0,,,,,,,,,,,,,,,,,,,,,,,,,,,,,,,,,,,,
0a_7UNQR$vb5zYkUyt$6fB,IFCBUILDINGELEMENTPART,,,General/Site,Other,Interior,0,,,,,,,,,,,,,,,,,,,,,,,,,,,,,,,,,,,,
0DmgQGVEXejKPofddr334h,IFCBUILDINGELEMENTPART,,,General/Site,Other,Interior,0,,,,,,,,,,,,,,,,,,,,,,,,,,,,,,,,,,,,
2PFSoDuaSWNUrIDIDQZcVq,IFCBUILDINGELEMENTPART,,,General/Site,Other,Interior,0,,,,,,,,,,,,,,,,,,,,,,,,,,,,,,,,,,,,
2VB_odRDpVf7Cj40ydy2b_,IFCBUILDINGELEMENTPART,,,General/Site,Other,Interior,0,,,,,,,,,,,,,,,,,,,,,,,,,,,,,,,,,,,,
31LcEJODsZGW4PS2ECY7H3,IFCBUILDINGELEMENTPART,,,General/Site,Other,Interior,0,,,,,,,,,,,,,,,,,,,,,,,,,,,,,,,,,,,,
3YXHEH8xpKhozaX4ZJsCk7,IFCBUILDINGELEMENTPART,,,General/Site,Other,Interior,0,,,,,,,,,,,,,,,,,,,,,,,,,,,,,,,,,,,,
32UthF7rKWMBcBiE9mbYRy,IFCBUILDINGELEMENTPART,,,General/Site,Other,Interior,0,,,,,,,,,,,,,,,,,,,,,,,,,,,,,,,,,,,,
32qJPWsn0FJZ$5cmeSH8ui,IFCBUILDINGELEMENTPART,,,General/Site,Other,Interior,0,,,,,,,,,,,,,,,,,,,,,,,,,,,,,,,,,,,,
0yKYMfD5cevhsdmvUQpAyL,IFCBUILDINGELEMENTPART,,,General/Site,Other,Interior,0,,,,,,,,,,,,,,,,,,,,,,,,,,,,,,,,,,,,
2GAgWJi$iKJ13ASDck7Xpw,IFCBUILDINGELEMENTPART,,,General/Site,Other,Interior,0,,,,,,,,,,,,,,,,,,,,,,,,,,,,,,,,,,,,
1KzHGpkxGGN7aIyB3yQAlS,IFCBUILDINGELEMENTPART,,,General/Site,Other,Interior,0,,,,,,,,,,,,,,,,,,,,,,,,,,,,,,,,,,,,
2R6aacDqxAY4qBzYTx1Ztp,IFCBUILDINGELEMENTPART,,,General/Site,Other,Interior,0,,,,,,,,,,,,,,,,,,,,,,,,,,,,,,,,,,,,
1YAN0i3f3ElcHZNjJtSO_a,IFCBUILDINGELEMENTPART,,,General/Site,Other,Interior,0,,,,,,,,,,,,,,,,,,,,,,,,,,,,,,,,,,,,
1s5AgAVUEve6nXK5I7YnAK,IFCBUILDINGELEMENTPART,,,General/Site,Other,Interior,0,,,,,,,,,,,,,,,,,,,,,,,,,,,,,,,,,,,,
3rzStU6x4NqMPhqJG8i4JY,IFCBUILDINGELEMENTPART,,,General/Site,Other,Interior,0,,,,,,,,,,,,,,,,,,,,,,,,,,,,,,,,,,,,
0M5smZ7ne4sA_Fj7JhVFP7,IFCBUILDINGELEMENTPART,,,General/Site,Other,Interior,0,,,,,,,,,,,,,,,,,,,,,,,,,,,,,,,,,,,,
117W45p4g_rmdt16SvIlE6,IFCBUILDINGELEMENTPART,,,General/Site,Other,Interior,0,,,,,,,,,,,,,,,,,,,,,,,,,,,,,,,,,,,,
0iKX7wrTELHBnET8da7YKF,IFCBUILDINGELEMENTPART,,,General/Site,Other,Interior,0,,,,,,,,,,,,,,,,,,,,,,,,,,,,,,,,,,,,
3LXRZ3PDZ9$k41Tz2teWXf,IFCBUILDINGELEMENTPART,,,General/Site,Other,Interior,0,,,,,,,,,,,,,,,,,,,,,,,,,,,,,,,,,,,,
27HI$FeJFJ_G1aNZKQqnLZ,IFCBUILDINGELEMENTPART,,,General/Site,Other,Interior,0,,,,,,,,,,,,,,,,,,,,,,,,,,,,,,,,,,,,
3eYYBSP3JccT9HZVg9q2e$,IFCBUILDINGELEMENTPART,,,General/Site,Other,Interior,0,,,,,,,,,,,,,,,,,,,,,,,,,,,,,,,,,,,,
0PykvjAF2nnRAlL8DX7hio,IFCBUILDINGELEMENTPART,,,General/Site,Other,Interior,0,,,,,,,,,,,,,,,,,,,,,,,,,,,,,,,,,,,,
1Yl2nwuTyNmfCR5YYrABZ$,IFCBUILDINGELEMENTPART,,,General/Site,Other,Interior,0,,,,,,,,,,,,,,,,,,,,,,,,,,,,,,,,,,,,
3$DVYFiE_2DGd6swaKtHHh,IFCBUILDINGELEMENTPART,,,General/Site,Other,Interior,0,,,,,,,,,,,,,,,,,,,,,,,,,,,,,,,,,,,,
1kAgfoaS3IrPCb6kK09dGe,IFCBUILDINGELEMENTPART,,,General/Site,Other,Interior,0,,,,,,,,,,,,,,,,,,,,,,,,,,,,,,,,,,,,
1rvzb9w048VWKs$fazh$jH,IFCBUILDINGELEMENTPART,,,General/Site,Other,Interior,0,,,,,,,,,,,,,,,,,,,,,,,,,,,,,,,,,,,,
3K7Vajr85AISJA9A9mNvuA,IFCBUILDINGELEMENTPART,,,General/Site,Other,Interior,0,,,,,,,,,,,,,,,,,,,,,,,,,,,,,,,,,,,,
0367gNZN8J6XGpko84gXRH,IFCBUILDINGELEMENTPART,,,General/Site,Other,Interior,0,,,,,,,,,,,,,,,,,,,,,,,,,,,,,,,,,,,,
0ZQs3nc_LFVKKeF7e2QHn3,IFCBUILDINGELEMENTPART,,,General/Site,Other,Interior,0,,,,,,,,,,,,,,,,,,,,,,,,,,,,,,,,,,,,
3bmyajEOHPOwnaL9sydha$,IFCBUILDINGELEMENTPART,,,General/Site,Other,Interior,0,,,,,,,,,,,,,,,,,,,,,,,,,,,,,,,,,,,,
17O25ORY6_PHNbY4o8cipa,IFCBUILDINGELEMENTPART,,,General/Site,Other,Interior,0,,,,,,,,,,,,,,,,,,,,,,,,,,,,,,,,,,,,
1tdA_EPTEwcluJVSGkyUPl,IFCBUILDINGELEMENTPART,,,General/Site,Other,Interior,0,,,,,,,,,,,,,,,,,,,,,,,,,,,,,,,,,,,,
31rKdxEidDN0edWHvtZFL1,IFCBUILDINGELEMENTPART,,,General/Site,Other,Interior,0,,,,,,,,,,,,,,,,,,,,,,,,,,,,,,,,,,,,
1mWq1ZwuC0Qm36y5jJfn4s,IFCBUILDINGELEMENTPART,,,General/Site,Other,Interior,0,,,,,,,,,,,,,,,,,,,,,,,,,,,,,,,,,,,,
3YHv2gkSiv$7TyJDsP7Nqg,IFCBUILDINGELEMENTPART,,,General/Site,Other,Interior,0,,,,,,,,,,,,,,,,,,,,,,,,,,,,,,,,,,,,
2HjONyGuONr_xpOP7OVxW9,IFCBUILDINGELEMENTPART,,,General/Site,Other,Interior,0,,,,,,,,,,,,,,,,,,,,,,,,,,,,,,,,,,,,
1dTbj3mRekp3FJ09QAq2dF,IFCBUILDINGELEMENTPART,,,General/Site,Other,Interior,0,,,,,,,,,,,,,,,,,,,,,,,,,,,,,,,,,,,,
3QJwa8mODZ0miqwtcV5_OR,IFCBUILDINGELEMENTPART,,,General/Site,Other,Interior,0,,,,,,,,,,,,,,,,,,,,,,,,,,,,,,,,,,,,
3dDJsJFO_OZbZEVuFDHe5Y,IFCBUILDINGELEMENTPART,,,General/Site,Other,Interior,0,,,,,,,,,,,,,,,,,,,,,,,,,,,,,,,,,,,,
00NDnS7S4XpPOkRoWOC1Fw,IFCBUILDINGELEMENTPART,,,General/Site,Other,Interior,0,,,,,,,,,,,,,,,,,,,,,,,,,,,,,,,,,,,,
3a1XjPa1TF3vu_tHyeSYZv,IFCBUILDINGELEMENTPART,,,General/Site,Other,Interior,0,,,,,,,,,,,,,,,,,,,,,,,,,,,,,,,,,,,,
3ItkcLc5kuOvUQ5pIcg6gS,IFCBUILDINGELEMENTPART,,,General/Site,Other,Interior,0,,,,,,,,,,,,,,,,,,,,,,,,,,,,,,,,,,,,
0WeZ97whRZvTOL46e0eF$E,IFCBUILDINGELEMENTPART,,,General/Site,Other,Interior,0,,,,,,,,,,,,,,,,,,,,,,,,,,,,,,,,,,,,
3$VTIuFYs2tsQr$pBxygqL,IFCBUILDINGELEMENTPART,,,General/Site,Other,Interior,0,,,,,,,,,,,,,,,,,,,,,,,,,,,,,,,,,,,,
0hJUZyS9wKjo_5z8snKlOP,IFCBUILDINGELEMENTPART,,,General/Site,Other,Interior,0,,,,,,,,,,,,,,,,,,,,,,,,,,,,,,,,,,,,
3UpWH9vT4pKbE$Q1p$K2qi,IFCBUILDINGELEMENTPART,,,General/Site,Other,Interior,0,,,,,,,,,,,,,,,,,,,,,,,,,,,,,,,,,,,,
18mOF3LGLSonZywkOjXdIc,IFCBUILDINGELEMENTPART,,,General/Site,Other,Interior,0,,,,,,,,,,,,,,,,,,,,,,,,,,,,,,,,,,,,
2rXlXcHhAzBlqGl0NV7Q3F,IFCBUILDINGELEMENTPART,,,General/Site,Other,Interior,0,,,,,,,,,,,,,,,,,,,,,,,,,,,,,,,,,,,,
2Fs0q0YBUSeyg13AOWYkaE,IFCBUILDINGELEMENTPART,,,General/Site,Other,Interior,0,,,,,,,,,,,,,,,,,,,,,,,,,,,,,,,,,,,,
2ofjikBVKVKJC2xePQqaNR,IFCBUILDINGELEMENTPART,,,General/Site,Other,Interior,0,,,,,,,,,,,,,,,,,,,,,,,,,,,,,,,,,,,,
2IXekg6nqfinwGMnVEb47i,IFCBUILDINGELEMENTPART,,,General/Site,Other,Interior,0,,,,,,,,,,,,,,,,,,,,,,,,,,,,,,,,,,,,
2iogjXEUnYH2A8rt0evQ18,IFCBUILDINGELEMENTPART,,,General/Site,Other,Interior,0,,,,,,,,,,,,,,,,,,,,,,,,,,,,,,,,,,,,
0YOZZ4F5Yx5u$Brw1Kh53a,IFCBUILDINGELEMENTPART,,,General/Site,Other,Interior,0,,,,,,,,,,,,,,,,,,,,,,,,,,,,,,,,,,,,
2Mh9HbwrcVACK8sCqNp3wB,IFCBUILDINGELEMENTPART,,,General/Site,Other,Interior,0,,,,,,,,,,,,,,,,,,,,,,,,,,,,,,,,,,,,
28sG7FAd3NEMBAs6CBbZl7,IFCBUILDINGELEMENTPART,,,General/Site,Other,Interior,0,,,,,,,,,,,,,,,,,,,,,,,,,,,,,,,,,,,,
2lh7hYzxWgqznLFZfEP4Gn,IFCBUILDINGELEMENTPART,,,General/Site,Other,Interior,0,,,,,,,,,,,,,,,,,,,,,,,,,,,,,,,,,,,,
1u5LcZAk5_IoT8AQc6jbri,IFCBUILDINGELEMENTPART,,,General/Site,Other,Interior,0,,,,,,,,,,,,,,,,,,,,,,,,,,,,,,,,,,,,
07OdeefT1FDAtUXwyB3i3t,IFCBUILDINGELEMENTPART,,,General/Site,Other,Interior,0,,,,,,,,,,,,,,,,,,,,,,,,,,,,,,,,,,,,
0ag9ckb5kGQyUyBo7_pa46,IFCBUILDINGELEMENTPART,,,General/Site,Other,Interior,0,,,,,,,,,,,,,,,,,,,,,,,,,,,,,,,,,,,,
1f3LE27ZEG1QWNN6yq7oEe,IFCBUILDINGELEMENTPART,,,General/Site,Other,Interior,0,,,,,,,,,,,,,,,,,,,,,,,,,,,,,,,,,,,,
0LKrcTbwwSnZlXoCMt_i4v,IFCBUILDINGELEMENTPART,,,General/Site,Other,Interior,0,,,,,,,,,,,,,,,,,,,,,,,,,,,,,,,,,,,,
2otbi1sE71MnsLAoBkuDrh,IFCBUILDINGELEMENTPART,,,General/Site,Other,Interior,0,,,,,,,,,,,,,,,,,,,,,,,,,,,,,,,,,,,,
1cYxlZ_cLXUaohauK8PY7l,IFCBUILDINGELEMENTPART,,,General/Site,Other,Interior,0,,,,,,,,,,,,,,,,,,,,,,,,,,,,,,,,,,,,
1y137bqHDER8Yw8UwltVnx,IFCBUILDINGELEMENTPART,,,General/Site,Other,Interior,0,,,,,,,,,,,,,,,,,,,,,,,,,,,,,,,,,,,,
20OfIMEfyxhknDcV7YT6iK,IFCBUILDINGELEMENTPART,,,General/Site,Other,Interior,0,,,,,,,,,,,,,,,,,,,,,,,,,,,,,,,,,,,,
0gJmLMrXz8vTQUQkJAgFI9,IFCBUILDINGELEMENTPART,,,General/Site,Other,Interior,0,,,,,,,,,,,,,,,,,,,,,,,,,,,,,,,,,,,,
2OZKKdreemYHMrAjDqluWU,IFCBUILDINGELEMENTPART,,,General/Site,Other,Interior,0,,,,,,,,,,,,,,,,,,,,,,,,,,,,,,,,,,,,
0tpyXs70f6Hm21wv41FQwQ,IFCBUILDINGELEMENTPART,,,General/Site,Other,Interior,0,,,,,,,,,,,,,,,,,,,,,,,,,,,,,,,,,,,,
0O2iZKf5CunUxTfRmadCaX,IFCBUILDINGELEMENTPART,,,General/Site,Other,Interior,0,,,,,,,,,,,,,,,,,,,,,,,,,,,,,,,,,,,,
1PYsGh7IFKtNQ7csl0m$m8,IFCBUILDINGELEMENTPART,,,General/Site,Other,Interior,0,,,,,,,,,,,,,,,,,,,,,,,,,,,,,,,,,,,,
3J5FWU4elHDErEK4BNqCIn,IFCBUILDINGELEMENTPART,,,General/Site,Other,Interior,0,,,,,,,,,,,,,,,,,,,,,,,,,,,,,,,,,,,,
2SHvc$8U8cJSnQUCSt4zOj,IFCBUILDINGELEMENTPART,,,General/Site,Other,Interior,0,,,,,,,,,,,,,,,,,,,,,,,,,,,,,,,,,,,,
3cMQfcVmbMHmmIGzFW6KXs,IFCBUILDINGELEMENTPART,,,General/Site,Other,Interior,0,,,,,,,,,,,,,,,,,,,,,,,,,,,,,,,,,,,,
2$WAnIUvSuYSABwr$wMilZ,IFCBUILDINGELEMENTPART,,,General/Site,Other,Interior,0,,,,,,,,,,,,,,,,,,,,,,,,,,,,,,,,,,,,
0piDoyjeO5MD6UbLVtaoqj,IFCBUILDINGELEMENTPART,,,General/Site,Other,Interior,0,,,,,,,,,,,,,,,,,,,,,,,,,,,,,,,,,,,,
0JA5tiqDaMMHJGz7gsAQsI,IFCBUILDINGELEMENTPART,,,General/Site,Other,Interior,0,,,,,,,,,,,,,,,,,,,,,,,,,,,,,,,,,,,,
3$fUwXkP73TyInjVZk78D4,IFCBUILDINGELEMENTPART,,,General/Site,Other,Interior,0,,,,,,,,,,,,,,,,,,,,,,,,,,,,,,,,,,,,
2WBMs31k6sK1DmFcFDJOTE,IFCBUILDINGELEMENTPART,,,General/Site,Other,Interior,0,,,,,,,,,,,,,,,,,,,,,,,,,,,,,,,,,,,,
1ER3lsoq12ZNahd9n5$CrF,IFCBUILDINGELEMENTPART,,,General/Site,Other,Interior,0,,,,,,,,,,,,,,,,,,,,,,,,,,,,,,,,,,,,
3g4neeJkSLeq1OeVmLT4ma,IFCBUILDINGELEMENTPART,,,General/Site,Other,Interior,0,,,,,,,,,,,,,,,,,,,,,,,,,,,,,,,,,,,,
0mCklXgNQgXxyBlAPHx_oN,IFCBUILDINGELEMENTPART,,,General/Site,Other,Interior,0,,,,,,,,,,,,,,,,,,,,,,,,,,,,,,,,,,,,
2q5VX7kPjqCI_S8vB2W7Lw,IFCBUILDINGELEMENTPART,,,General/Site,Other,Interior,0,,,,,,,,,,,,,,,,,,,,,,,,,,,,,,,,,,,,
2sqs_PC_DUNkfahjKhNrVn,IFCBUILDINGELEMENTPART,,,General/Site,Other,Interior,0,,,,,,,,,,,,,,,,,,,,,,,,,,,,,,,,,,,,
2bVS2a5OHqwzTNVPZO_XjO,IFCBUILDINGELEMENTPART,,,General/Site,Other,Interior,0,,,,,,,,,,,,,,,,,,,,,,,,,,,,,,,,,,,,
2GhzLKsnBfWRoIazi9QV9K,IFCBUILDINGELEMENTPART,,,General/Site,Other,Interior,0,,,,,,,,,,,,,,,,,,,,,,,,,,,,,,,,,,,,
0AQYVeJRmaEEN6HaaMIwgQ,IFCBUILDINGELEMENTPART,,,General/Site,Other,Interior,0,,,,,,,,,,,,,,,,,,,,,,,,,,,,,,,,,,,,
1l_iz__psaWP0eu89aSMAb,IFCBUILDINGELEMENTPART,,,General/Site,Other,Interior,0,,,,,,,,,,,,,,,,,,,,,,,,,,,,,,,,,,,,
1SNxIz7qHVNriBXkl1vnvJ,IFCBUILDINGELEMENTPART,,,General/Site,Other,Interior,0,,,,,,,,,,,,,,,,,,,,,,,,,,,,,,,,,,,,
0WwGozUzyX1WMgI$ZqJqWI,IFCBUILDINGELEMENTPART,,,General/Site,Other,Interior,0,,,,,,,,,,,,,,,,,,,,,,,,,,,,,,,,,,,,
0et2DhFnlWYCUJMeeYG9eB,IFCBUILDINGELEMENTPART,,,General/Site,Other,Interior,0,,,,,,,,,,,,,,,,,,,,,,,,,,,,,,,,,,,,
2hIeC$OBG$x6M0wcBA2fSL,IFCBUILDINGELEMENTPART,,,General/Site,Other,Interior,0,,,,,,,,,,,,,,,,,,,,,,,,,,,,,,,,,,,,
1MXEmih1HiYxLInmQ$Brqw,IFCBUILDINGELEMENTPART,,,General/Site,Other,Interior,0,,,,,,,,,,,,,,,,,,,,,,,,,,,,,,,,,,,,
0pOLFg$sxlV8R02BgnpQOp,IFCBUILDINGELEMENTPART,,,General/Site,Other,Interior,0,,,,,,,,,,,,,,,,,,,,,,,,,,,,,,,,,,,,
0_lUiRLEfX5rPQpQF2juDU,IFCBUILDINGELEMENTPART,,,General/Site,Other,Interior,0,,,,,,,,,,,,,,,,,,,,,,,,,,,,,,,,,,,,
3tGEskOtXQZ7VRzJuH0rru,IFCBUILDINGELEMENTPART,,,General/Site,Other,Interior,0,,,,,,,,,,,,,,,,,,,,,,,,,,,,,,,,,,,,
2WdrTQAqFnbxwYMyHKx9Uo,IFCBUILDINGELEMENTPART,,,General/Site,Other,Interior,0,,,,,,,,,,,,,,,,,,,,,,,,,,,,,,,,,,,,
3PlpcHG8InoInlCYdNiNLp,IFCBUILDINGELEMENTPART,,,General/Site,Other,Interior,0,,,,,,,,,,,,,,,,,,,,,,,,,,,,,,,,,,,,
0Z3iroS1TPhMjYZYL0grSb,IFCBUILDINGELEMENTPART,,,General/Site,Other,Interior,0,,,,,,,,,,,,,,,,,,,,,,,,,,,,,,,,,,,,
0G1xDd6ah5loD9GYkzLa9p,IFCBUILDINGELEMENTPART,,,General/Site,Other,Interior,0,,,,,,,,,,,,,,,,,,,,,,,,,,,,,,,,,,,,
2l8iCW95Y9XcTOL6JaxWf9,IFCBUILDINGELEMENTPART,,,General/Site,Other,Interior,0,,,,,,,,,,,,,,,,,,,,,,,,,,,,,,,,,,,,
16wrRvcRZvXFZ8sqA22g$d,IFCBUILDINGELEMENTPART,,,General/Site,Other,Interior,0,,,,,,,,,,,,,,,,,,,,,,,,,,,,,,,,,,,,
0wmJeGlhlhrV4NRs1eYpAP,IFCBUILDINGELEMENTPART,,,General/Site,Other,Interior,0,,,,,,,,,,,,,,,,,,,,,,,,,,,,,,,,,,,,
02htwID3$qG5GnU4vUssTS,IFCBUILDINGELEMENTPART,,,General/Site,Other,Interior,0,,,,,,,,,,,,,,,,,,,,,,,,,,,,,,,,,,,,
2X49HOwvz8I7nPj12uu6Z7,IFCBUILDINGELEMENTPART,,,General/Site,Other,Interior,0,,,,,,,,,,,,,,,,,,,,,,,,,,,,,,,,,,,,
2LNpbHDlhtSyLe4eu6Ejix,IFCBUILDINGELEMENTPART,,,General/Site,Other,Interior,0,,,,,,,,,,,,,,,,,,,,,,,,,,,,,,,,,,,,
1BRLFVhH$xZpZLgctzxArl,IFCBUILDINGELEMENTPART,,,General/Site,Other,Interior,0,,,,,,,,,,,,,,,,,,,,,,,,,,,,,,,,,,,,
3uGiNLp8SptPZN5SlbJ2yy,IFCBUILDINGELEMENTPART,,,General/Site,Other,Interior,0,,,,,,,,,,,,,,,,,,,,,,,,,,,,,,,,,,,,
2nogX_lG7Dc4IFSUSW32EO,IFCBUILDINGELEMENTPART,,,General/Site,Other,Interior,0,,,,,,,,,,,,,,,,,,,,,,,,,,,,,,,,,,,,
3UVOpzaJqHLY8F8cJ7UQmO,IFCBUILDINGELEMENTPART,,,General/Site,Other,Interior,0,,,,,,,,,,,,,,,,,,,,,,,,,,,,,,,,,,,,
1HLwjOEY62yqE3n2S0LNfP,IFCBUILDINGELEMENTPART,,,General/Site,Other,Interior,0,,,,,,,,,,,,,,,,,,,,,,,,,,,,,,,,,,,,
2$Q1Yc_pnWB_ta97sCo5k_,IFCBUILDINGELEMENTPART,,,General/Site,Other,Interior,0,,,,,,,,,,,,,,,,,,,,,,,,,,,,,,,,,,,,
03AaV8WilE56W1UUxh178E,IFCBUILDINGELEMENTPART,,,General/Site,Other,Interior,0,,,,,,,,,,,,,,,,,,,,,,,,,,,,,,,,,,,,
3FzaF6KwvZP4Qh2p8mNpAt,IFCBUILDINGELEMENTPART,,,General/Site,Other,Interior,0,,,,,,,,,,,,,,,,,,,,,,,,,,,,,,,,,,,,
1V0$CnAl$cNdjOxAvcEKXY,IFCBUILDINGELEMENTPART,,,General/Site,Other,Interior,0,,,,,,,,,,,,,,,,,,,,,,,,,,,,,,,,,,,,
1CAOP0SwJEIY3Fvbj7TsKV,IFCBUILDINGELEMENTPART,,,General/Site,Other,Interior,0,,,,,,,,,,,,,,,,,,,,,,,,,,,,,,,,,,,,
25eO2P2MHvEk$4o$gN3g0Z,IFCBUILDINGELEMENTPART,,,General/Site,Other,Interior,0,,,,,,,,,,,,,,,,,,,,,,,,,,,,,,,,,,,,
1HSv11bmtt33hB6fh5Cmdm,IFCBUILDINGELEMENTPART,,,General/Site,Other,Interior,0,,,,,,,,,,,,,,,,,,,,,,,,,,,,,,,,,,,,
3oQLzuKPOWeeBI0ZtY4dKb,IFCBUILDINGELEMENTPART,,,General/Site,Other,Interior,0,,,,,,,,,,,,,,,,,,,,,,,,,,,,,,,,,,,,
3YYC7KhbRMWqV7tV$wJ9D_,IFCBUILDINGELEMENTPART,,,General/Site,Other,Interior,0,,,,,,,,,,,,,,,,,,,,,,,,,,,,,,,,,,,,
1H7OKx8FJ3mrqL2jAFxXCi,IFCBUILDINGELEMENTPART,,,General/Site,Other,Interior,0,,,,,,,,,,,,,,,,,,,,,,,,,,,,,,,,,,,,
1WXSa$kzB5whNvSZdceHqb,IFCBUILDINGELEMENTPART,,,General/Site,Other,Interior,0,,,,,,,,,,,,,,,,,,,,,,,,,,,,,,,,,,,,
2EaL2fu69uFL2V4emrYEZl,IFCBUILDINGELEMENTPART,,,General/Site,Other,Interior,0,,,,,,,,,,,,,,,,,,,,,,,,,,,,,,,,,,,,
3qC5XxtUwn4b0yQh_s8DD7,IFCBUILDINGELEMENTPART,,,General/Site,Other,Interior,0,,,,,,,,,,,,,,,,,,,,,,,,,,,,,,,,,,,,
0nNS2Z1$Qpb1CgpIA5akc$,IFCBUILDINGELEMENTPART,,,General/Site,Other,Interior,0,,,,,,,,,,,,,,,,,,,,,,,,,,,,,,,,,,,,
0MKMg6PeC4vrBpYriQUkvu,IFCBUILDINGELEMENTPART,,,General/Site,Other,Interior,0,,,,,,,,,,,,,,,,,,,,,,,,,,,,,,,,,,,,
2ZzOsFdTouX1hlqaiXDshG,IFCBUILDINGELEMENTPART,,,General/Site,Other,Interior,0,,,,,,,,,,,,,,,,,,,,,,,,,,,,,,,,,,,,
1CkeQx$QxjepOTt$DYK7Yd,IFCBUILDINGELEMENTPART,,,General/Site,Other,Interior,0,,,,,,,,,,,,,,,,,,,,,,,,,,,,,,,,,,,,
0vBfDjxo_YnC0buTWZDnmh,IFCBUILDINGELEMENTPART,,,General/Site,Other,Interior,0,,,,,,,,,,,,,,,,,,,,,,,,,,,,,,,,,,,,
063iSjgHW4qGcye4jHVic0,IFCBUILDINGELEMENTPART,,,General/Site,Other,Interior,0,,,,,,,,,,,,,,,,,,,,,,,,,,,,,,,,,,,,
3GitlOVky8HpLsCgNPDqjw,IFCBUILDINGELEMENTPART,,,General/Site,Other,Interior,0,,,,,,,,,,,,,,,,,,,,,,,,,,,,,,,,,,,,
06lPIuxu504UUSPYpzF22G,IFCBUILDINGELEMENTPART,,,General/Site,Other,Interior,0,,,,,,,,,,,,,,,,,,,,,,,,,,,,,,,,,,,,
2x9nT54ROTbWN83etFe8h5,IFCBUILDINGELEMENTPART,,,General/Site,Other,Interior,0,,,,,,,,,,,,,,,,,,,,,,,,,,,,,,,,,,,,
3pPw$Ov7Nj_yizdko4OJeC,IFCBUILDINGELEMENTPART,,,General/Site,Other,Interior,0,,,,,,,,,,,,,,,,,,,,,,,,,,,,,,,,,,,,
0yIuibAacv$mKmwg_Opb5q,IFCBUILDINGELEMENTPART,,,General/Site,Other,Interior,0,,,,,,,,,,,,,,,,,,,,,,,,,,,,,,,,,,,,
2wpWNyYJCzQYHuiez7jPMy,IFCBUILDINGELEMENTPART,,,General/Site,Other,Interior,0,,,,,,,,,,,,,,,,,,,,,,,,,,,,,,,,,,,,
0XxAX454i8rl8olZKyftFg,IFCBUILDINGELEMENTPART,,,General/Site,Other,Interior,0,,,,,,,,,,,,,,,,,,,,,,,,,,,,,,,,,,,,
05WxPljinrRPusR$K5IzJQ,IFCBUILDINGELEMENTPART,,,General/Site,Other,Interior,0,,,,,,,,,,,,,,,,,,,,,,,,,,,,,,,,,,,,
13vrbEFLPZhvkVt8ICakBz,IFCBUILDINGELEMENTPART,,,General/Site,Other,Interior,0,,,,,,,,,,,,,,,,,,,,,,,,,,,,,,,,,,,,
3w_4Nr3qZzmOMpdUU6L883,IFCBUILDINGELEMENTPART,,,General/Site,Other,Interior,0,,,,,,,,,,,,,,,,,,,,,,,,,,,,,,,,,,,,
39QCUfvE2lRxFvdhJZ_21I,IFCBUILDINGELEMENTPART,,,General/Site,Other,Interior,0,,,,,,,,,,,,,,,,,,,,,,,,,,,,,,,,,,,,
1AYGVmRisrlSWYzis10EIo,IFCBUILDINGELEMENTPART,,,General/Site,Other,Interior,0,,,,,,,,,,,,,,,,,,,,,,,,,,,,,,,,,,,,
12oGX$FFPmcDIJNCurND0g,IFCBUILDINGELEMENTPART,,,General/Site,Other,Interior,0,,,,,,,,,,,,,,,,,,,,,,,,,,,,,,,,,,,,
0AcBr5seiftVMT528mMvOS,IFCBUILDINGELEMENTPART,,,General/Site,Other,Interior,0,,,,,,,,,,,,,,,,,,,,,,,,,,,,,,,,,,,,
0wF7OJTFuyvR15syOeIbP$,IFCBUILDINGELEMENTPART,,,General/Site,Other,Interior,0,,,,,,,,,,,,,,,,,,,,,,,,,,,,,,,,,,,,
3VUYP1sjpXnoI4akvffbMR,IFCBUILDINGELEMENTPART,,,General/Site,Other,Interior,0,,,,,,,,,,,,,,,,,,,,,,,,,,,,,,,,,,,,
27nlhYDWXUPqULKwIMe6fj,IFCBUILDINGELEMENTPART,,,General/Site,Other,Interior,0,,,,,,,,,,,,,,,,,,,,,,,,,,,,,,,,,,,,
1z6qVYSgqwnLAoDR_QS$VU,IFCBUILDINGELEMENTPART,,,General/Site,Other,Interior,0,,,,,,,,,,,,,,,,,,,,,,,,,,,,,,,,,,,,
2sMqdqIU5BOBeQp_S3Hjru,IFCBUILDINGELEMENTPROXY,Ground Floor,,General/Site,Wall,Interior,1,N,39,Original,,UITVOERING,Complete,General/Site,100,Low,N,8 hrs (1 day),1,Main Contractor,1.0031,35,,,35,GEN-0,Subcontract,Install ground floor sealing membrane,130.96,354,130.96,484.96,464.41,-20.55,-4.2,479.6,464.41,5,23.22,Paid,EUR,2015-04-07,
3Oq7ICsmHFn98g7mMSnGid,IFCBUILDINGELEMENTPROXY,Ground Floor,,General/Site,Wall,Interior,1,N,39,Original,,UITVOERING,Complete,General/Site,100,Low,N,8 hrs (1 day),1,Main Contractor,1.0031,35,,,35,GEN-0,Subcontract,Install ground floor sealing membrane,130.96,354,130.96,484.96,464.41,-20.55,-4.2,479.6,464.41,5,23.22,Paid,EUR,2015-04-07,
3pC_5drGr42Q1X5aBf5GMz,IFCBUILDINGELEMENTPROXY,Ground Floor,,General/Site,Wall,Interior,1,N,39,Original,,UITVOERING,Complete,General/Site,100,Low,N,8 hrs (1 day),1,Main Contractor,1.0031,35,,,35,GEN-0,Subcontract,Install ground floor sealing membrane,130.96,354,130.96,484.96,464.41,-20.55,-4.2,479.6,464.41,5,23.22,Paid,EUR,2015-04-07,
0eUzLTQafEoAZ12b$K1jAj,IFCBUILDINGELEMENTPROXY,Ground Floor,,General/Site,Wall,Interior,1,N,39,Original,,UITVOERING,Complete,General/Site,100,Low,N,8 hrs (1 day),1,Main Contractor,1.0031,35,,,35,GEN-0,Subcontract,Install ground floor sealing membrane,130.96,354,130.96,484.96,464.41,-20.55,-4.2,479.6,464.41,5,23.22,Paid,EUR,2015-04-07,
3iKQItSK18sBP6$84WhTuI,IFCBUILDINGELEMENTPROXY,Ground Floor,,General/Site,Wall,Interior,1,N,39,Original,,UITVOERING,Complete,General/Site,100,Low,N,8 hrs (1 day),1,Main Contractor,1.0031,35,,,35,GEN-0,Subcontract,Install ground floor sealing membrane,130.96,354,130.96,484.96,464.41,-20.55,-4.2,479.6,464.41,5,23.22,Paid,EUR,2015-04-07,
2pAADHKkj9xxcmpY8K3NWt,IFCBUILDINGELEMENTPROXY,Ground Floor,,General/Site,Wall,Interior,1,N,39,Original,,UITVOERING,Complete,General/Site,100,Low,N,8 hrs (1 day),1,Main Contractor,1.0031,35,,,35,GEN-0,Subcontract,Install ground floor sealing membrane,130.96,354,130.96,484.96,464.41,-20.55,-4.2,479.6,464.41,5,23.22,Paid,EUR,2015-04-07,
0fp2eCS2X2_vIKqwuLbAyQ,IFCBUILDINGELEMENTPROXY,Ground Floor,,General/Site,Wall,Interior,1,N,39,Original,,UITVOERING,Complete,General/Site,100,Low,N,8 hrs (1 day),1,Main Contractor,1.0031,35,,,35,GEN-0,Subcontract,Install ground floor sealing membrane,130.96,354,130.96,484.96,464.41,-20.55,-4.2,479.6,464.41,5,23.22,Paid,EUR,2015-04-07,
0RPk128JD5W9tp6tu$mafr,IFCBUILDINGELEMENTPROXY,Ground Floor,,General/Site,Wall,Interior,1,N,39,Original,,UITVOERING,Complete,General/Site,100,Low,N,8 hrs (1 day),1,Main Contractor,1.0031,35,,,35,GEN-0,Subcontract,Install ground floor sealing membrane,130.96,354,130.96,484.96,464.41,-20.55,-4.2,479.6,464.41,5,23.22,Paid,EUR,2015-04-07,
3Sw3XZHM98bhUrNSccWOoZ,IFCBUILDINGELEMENTPROXY,Ground Floor,,General/Site,Wall,Interior,1,N,39,Original,,UITVOERING,Complete,General/Site,100,Low,N,8 hrs (1 day),1,Main Contractor,1.0031,35,,,35,GEN-0,Subcontract,Install ground floor sealing membrane,130.96,354,130.96,484.96,464.41,-20.55,-4.2,479.6,464.41,5,23.22,Paid,EUR,2015-04-07,
0Hac0hYyvEsxsjiHfnkCeO,IFCBUILDINGELEMENTPROXY,Ground Floor,,General/Site,Wall,Interior,1,N,39,Original,,UITVOERING,Complete,General/Site,100,Low,N,8 hrs (1 day),1,Main Contractor,1.0031,35,,,35,GEN-0,Subcontract,Install ground floor sealing membrane,130.96,354,130.96,484.96,464.41,-20.55,-4.2,479.6,464.41,5,23.22,Paid,EUR,2015-04-07,
0VDgtdNOL76x6SMVtddXux,IFCBUILDINGELEMENTPROXY,Ground Floor,,General/Site,Wall,Interior,1,N,39,Original,,UITVOERING,Complete,General/Site,100,Low,N,8 hrs (1 day),1,Main Contractor,1.0031,35,,,35,GEN-0,Subcontract,Install ground floor sealing membrane,130.96,354,130.96,484.96,464.41,-20.55,-4.2,479.6,464.41,5,23.22,Paid,EUR,2015-04-07,
1j6lJOCJrBfhwVjXcDrBMU,IFCBUILDINGELEMENTPROXY,Ground Floor,,General/Site,Wall,Interior,1,N,39,Original,,UITVOERING,Complete,General/Site,100,Low,N,8 hrs (1 day),1,Main Contractor,1.0031,35,,,35,GEN-0,Subcontract,Install ground floor sealing membrane,130.96,354,130.96,484.96,464.41,-20.55,-4.2,479.6,464.41,5,23.22,Paid,EUR,2015-04-07,
1hetZOcsr8K8MbT8awwpS9,IFCBUILDINGELEMENTPROXY,,,General/Site,Wall,Interior,0,,,,,,,,,,,,,,,,,,,,,,,,,,,,,,,,,,,,
0VctgvK$r7cwrBnu9fG$cA,IFCBUILDINGELEMENTPROXY,Ground Floor,,General/Site,Wall,Interior,1,N,39,Original,,UITVOERING,Complete,General/Site,100,Low,N,8 hrs (1 day),1,Main Contractor,1.0031,35,,,35,GEN-0,Subcontract,Install ground floor sealing membrane,130.96,354,130.96,484.96,464.41,-20.55,-4.2,479.6,464.41,5,23.22,Paid,EUR,2015-04-07,
1E7L0rbcP3b9T_kO_wpzXM,IFCBUILDINGELEMENTPROXY,Ground Floor,,General/Site,Wall,Interior,1,N,39,Original,,UITVOERING,Complete,General/Site,100,Low,N,8 hrs (1 day),1,Main Contractor,1.0031,35,,,35,GEN-0,Subcontract,Install ground floor sealing membrane,130.96,354,130.96,484.96,464.41,-20.55,-4.2,479.6,464.41,5,23.22,Paid,EUR,2015-04-07,
09R3x3btbEC9NWKCsQ9Ndr,IFCBUILDINGELEMENTPROXY,First Floor,,General/Site,Wall,Interior,0,,,,,,,,,,,,,,,,,,,,,,,,,,,,,,,,,,,,
0bPEvM_fn8SPrU2SioL4bx,IFCBUILDINGELEMENTPROXY,First Floor,,General/Site,Wall,Interior,0,,,,,,,,,,,,,,,,,,,,,,,,,,,,,,,,,,,,
3xum028un7c91eysAw7ToR,IFCBUILDINGELEMENTPROXY,First Floor,,General/Site,Wall,Interior,0,,,,,,,,,,,,,,,,,,,,,,,,,,,,,,,,,,,,
09Jnrvfpz0LhOau2puveUM,IFCBUILDINGELEMENTPROXY,Second Floor,,General/Site,Wall,Interior,0,,,,,,,,,,,,,,,,,,,,,,,,,,,,,,,,,,,,
1tkaVzyOLEHRrk3ZXytZyO,IFCBUILDINGELEMENTPROXY,Second Floor,,General/Site,Wall,Interior,0,,,,,,,,,,,,,,,,,,,,,,,,,,,,,,,,,,,,
3MnNEUKfzDQQIc_AEF94yQ,IFCBUILDINGELEMENTPROXY,Third Floor,,General/Site,Wall,Interior,0,,,,,,,,,,,,,,,,,,,,,,,,,,,,,,,,,,,,
03x61TFn1FxQHXFUNuParm,IFCBUILDINGELEMENTPROXY,Third Floor,,General/Site,Wall,Interior,0,,,,,,,,,,,,,,,,,,,,,,,,,,,,,,,,,,,,
0ZN2GJozT4VxCVh_WHtQyq,IFCBUILDINGELEMENTPROXY,Third Floor,,General/Site,Wall,Interior,0,,,,,,,,,,,,,,,,,,,,,,,,,,,,,,,,,,,,
3CRwhrtRn1UvX9iQV_OTuz,IFCBUILDINGELEMENTPROXY,Third Floor,,General/Site,Wall,Interior,0,,,,,,,,,,,,,,,,,,,,,,,,,,,,,,,,,,,,
1V2qCAZ9rAp8VsEGyWln2v,IFCBUILDINGELEMENTPROXY,Third Floor,,General/Site,Wall,Interior,0,,,,,,,,,,,,,,,,,,,,,,,,,,,,,,,,,,,,
3u3z2zFojEchllTko9vkJ5,IFCBUILDINGELEMENTPROXY,Third Floor,,General/Site,Wall,Interior,0,,,,,,,,,,,,,,,,,,,,,,,,,,,,,,,,,,,,
0yZXVK6wf1RuZHbCnDbIWu,IFCBUILDINGELEMENTPROXY,Third Floor,,General/Site,Wall,Interior,0,,,,,,,,,,,,,,,,,,,,,,,,,,,,,,,,,,,,
0I7LtwbrXFA9_X5BhUfkIk,IFCCOLUMN,Ground Floor,,Structural,Wall,Interior,1,N,44,Original,,UITVOERING,Complete,Structural,100,High,N,8 hrs (1 day),5.6,Main Contractor - Structural Crew,1.0036,40,,,40,STR-0,Subcontract,"Surveying / setting out, ground floor slab",176.08,556.88,986.05,1542.93,1658.66,115.73,7.5,1779.47,1658.66,5,82.93,Invoiced,EUR,2015-04-10,
03akWG6jD5YvV25Iim327M,IFCCOLUMN,Ground Floor,,Structural,Wall,Exterior,1,N,44,Original,,UITVOERING,Complete,Structural,100,High,N,8 hrs (1 day),5.6,Main Contractor - Structural Crew,1.0036,40,,,40,STR-0,Subcontract,"Surveying / setting out, ground floor slab",176.08,556.88,986.05,1542.93,1658.66,115.73,7.5,1779.47,1658.66,5,82.93,Invoiced,EUR,2015-04-10,
1e5jDbsmzDIxa_hKrQ03J4,IFCCOLUMN,Ground Floor,,Structural,Wall,Exterior,1,N,44,Original,,UITVOERING,Complete,Structural,100,High,N,8 hrs (1 day),5.6,Main Contractor - Structural Crew,1.0036,40,,,40,STR-0,Subcontract,"Surveying / setting out, ground floor slab",176.08,556.88,986.05,1542.93,1658.66,115.73,7.5,1779.47,1658.66,5,82.93,Invoiced,EUR,2015-04-10,
2n3hZ9D9H7_hLXKsBS_jtw,IFCCOLUMN,Ground Floor,,Structural,Wall,Exterior,1,N,44,Original,,UITVOERING,Complete,Structural,100,High,N,8 hrs (1 day),5.6,Main Contractor - Structural Crew,1.0036,40,,,40,STR-0,Subcontract,"Surveying / setting out, ground floor slab",176.08,556.88,986.05,1542.93,1658.66,115.73,7.5,1779.47,1658.66,5,82.93,Invoiced,EUR,2015-04-10,
2Ut36uLtj0Jh3lOXK1Cyx8,IFCCOLUMN,Ground Floor,,Structural,Wall,Exterior,1,N,44,Original,,UITVOERING,Complete,Structural,100,High,N,8 hrs (1 day),5.6,Main Contractor - Structural Crew,1.0036,40,,,40,STR-0,Subcontract,"Surveying / setting out, ground floor slab",176.08,556.88,986.05,1542.93,1658.66,115.73,7.5,1779.47,1658.66,5,82.93,Invoiced,EUR,2015-04-10,
3ZRYiyNFH08hTnlj_xBf6i,IFCCOLUMN,First Floor,,Structural,Wall,Exterior,36,N,,Original,,UITVOERING,Complete,Structural,100,High,Yes,,,Main Contractor - Structural Crew,,,,,,STR-0,Subcontract,,,,,,,,,,,5,,,EUR,,
11mo33UpLFjwOcPbSdqngd,IFCCOLUMN,First Floor,,Structural,Wall,Exterior,36,N,,Original,,UITVOERING,Complete,Structural,100,High,Yes,,,Main Contractor - Structural Crew,,,,,,STR-0,Subcontract,,,,,,,,,,,5,,,EUR,,
1CsGhnRaDAb86NCoCwC08x,IFCCOLUMN,First Floor,,Structural,Wall,Exterior,36,N,,Original,,UITVOERING,Complete,Structural,100,High,Yes,,,Main Contractor - Structural Crew,,,,,,STR-0,Subcontract,,,,,,,,,,,5,,,EUR,,
3OrWvPz0L53vVLOcg_Vn3G,IFCCOLUMN,First Floor,,Structural,Wall,Exterior,36,N,,Original,,UITVOERING,Complete,Structural,100,High,Yes,,,Main Contractor - Structural Crew,,,,,,STR-0,Subcontract,,,,,,,,,,,5,,,EUR,,
1NYbVKmtL3YP2AXrmS9FLZ,IFCCOLUMN,First Floor,,Structural,Wall,Exterior,36,N,,Original,,UITVOERING,Complete,Structural,100,High,Yes,,,Main Contractor - Structural Crew,,,,,,STR-0,Subcontract,,,,,,,,,,,5,,,EUR,,
3WwF3ZUyL3_uOcvhLTlqWJ,IFCCOLUMN,Second Floor,,Structural,Wall,Exterior,1,N,114,Original,,UITVOERING,Complete,Structural,100,High,N,8 hrs (1 day),9.5,Main Contractor - Structural Crew,1.0084,88,,,88,STR-0,Subcontract,"Precast stairs and landings, 2nd floor",197.38,529.36,1875.11,2404.47,2009.94,-394.53,-16.4,2067.1,2009.94,5,100.5,Invoiced,EUR,2015-07-13,
1L$7w_vsP2O9IsnEN5d1nZ,IFCCOLUMN,Second Floor,,Structural,Wall,Exterior,1,N,114,Original,,UITVOERING,Complete,Structural,100,High,N,8 hrs (1 day),9.5,Main Contractor - Structural Crew,1.0084,88,,,88,STR-0,Subcontract,"Precast stairs and landings, 2nd floor",197.38,529.36,1875.11,2404.47,2009.94,-394.53,-16.4,2067.1,2009.94,5,100.5,Invoiced,EUR,2015-07-13,
159QrTsQb9zu88XvB88A2Z,IFCCOLUMN,Second Floor,,Structural,Wall,Exterior,1,N,114,Original,,UITVOERING,Complete,Structural,100,High,N,8 hrs (1 day),9.5,Main Contractor - Structural Crew,1.0084,88,,,88,STR-0,Subcontract,"Precast stairs and landings, 2nd floor",197.38,529.36,1875.11,2404.47,2009.94,-394.53,-16.4,2067.1,2009.94,5,100.5,Invoiced,EUR,2015-07-13,
0MManSxITCBR5hqtmVQft$,IFCCOLUMN,Second Floor,,Structural,Wall,Exterior,1,N,114,Original,,UITVOERING,Complete,Structural,100,High,N,8 hrs (1 day),9.5,Main Contractor - Structural Crew,1.0084,88,,,88,STR-0,Subcontract,"Precast stairs and landings, 2nd floor",197.38,529.36,1875.11,2404.47,2009.94,-394.53,-16.4,2067.1,2009.94,5,100.5,Invoiced,EUR,2015-07-13,
0PwN5MKCnENu413RHBr2sB,IFCCOLUMN,Second Floor,,Structural,Wall,Exterior,1,N,114,Original,,UITVOERING,Complete,Structural,100,High,N,8 hrs (1 day),9.5,Main Contractor - Structural Crew,1.0084,88,,,88,STR-0,Subcontract,"Precast stairs and landings, 2nd floor",197.38,529.36,1875.11,2404.47,2009.94,-394.53,-16.4,2067.1,2009.94,5,100.5,Invoiced,EUR,2015-07-13,
3o_mcdn_vDavgeLjgPBtk_,IFCCOLUMN,Second Floor,,Structural,Wall,Exterior,1,N,114,Original,,UITVOERING,Complete,Structural,100,High,N,8 hrs (1 day),9.5,Main Contractor - Structural Crew,1.0084,88,,,88,STR-0,Subcontract,"Precast stairs and landings, 2nd floor",197.38,529.36,1875.11,2404.47,2009.94,-394.53,-16.4,2067.1,2009.94,5,100.5,Invoiced,EUR,2015-07-13,
1C_2jEzdDEK8Xv0nCzYd1Q,IFCCOLUMN,Second Floor,,Structural,Wall,Exterior,1,N,114,Original,,UITVOERING,Complete,Structural,100,High,N,8 hrs (1 day),9.5,Main Contractor - Structural Crew,1.0084,88,,,88,STR-0,Subcontract,"Precast stairs and landings, 2nd floor",197.38,529.36,1875.11,2404.47,2009.94,-394.53,-16.4,2067.1,2009.94,5,100.5,Invoiced,EUR,2015-07-13,
0RXt3SWyX7NQmQgLj8MtLn,IFCCOLUMN,Second Floor,,Structural,Wall,Exterior,1,N,114,Original,,UITVOERING,Complete,Structural,100,High,N,8 hrs (1 day),9.5,Main Contractor - Structural Crew,1.0084,88,,,88,STR-0,Subcontract,"Precast stairs and landings, 2nd floor",197.38,529.36,1875.11,2404.47,2009.94,-394.53,-16.4,2067.1,2009.94,5,100.5,Invoiced,EUR,2015-07-13,
2MZ_55Sir09gB7BB1JSjYM,IFCCOLUMN,Third Floor,,Structural,Wall,Exterior,36,N,,Original,,UITVOERING,Complete,Structural,100,High,Yes,,,Main Contractor - Structural Crew,,,,,,STR-0,Subcontract,,,,,,,,,,,5,,,EUR,,
0_1$ZiaxXBKAoIe0SzFsy4,IFCCOLUMN,Third Floor,,Structural,Wall,Exterior,36,N,,Original,,UITVOERING,Complete,Structural,100,High,Yes,,,Main Contractor - Structural Crew,,,,,,STR-0,Subcontract,,,,,,,,,,,5,,,EUR,,
03LjPhAPb7YwcCfCKjoBp0,IFCCOLUMN,Third Floor,,Structural,Wall,Exterior,36,N,,Original,,UITVOERING,Complete,Structural,100,High,Yes,,,Main Contractor - Structural Crew,,,,,,STR-0,Subcontract,,,,,,,,,,,5,,,EUR,,
0dAofjIyHFM9KgIhqrn1sO,IFCCOLUMN,Third Floor,,Structural,Wall,Exterior,36,N,,Original,,UITVOERING,Complete,Structural,100,High,Yes,,,Main Contractor - Structural Crew,,,,,,STR-0,Subcontract,,,,,,,,,,,5,,,EUR,,
13VGtZxGT04gWQa7ANTKuD,IFCCOLUMN,Third Floor,,Structural,Wall,Exterior,36,N,,Original,,UITVOERING,Complete,Structural,100,High,Yes,,,Main Contractor - Structural Crew,,,,,,STR-0,Subcontract,,,,,,,,,,,5,,,EUR,,
1s0bLlfMz1AuEn18W389Ww,IFCCOVERING,Ground Floor,,General/Site,Roof,Interior,1,N,39,Original,,UITVOERING,Complete,General/Site,100,Low,N,8 hrs (1 day),1,Main Contractor,1.0031,35,,,35,GEN-0,Subcontract,Install ground floor sealing membrane,130.96,354,130.96,484.96,464.41,-20.55,-4.2,479.6,464.41,5,23.22,Paid,EUR,2015-04-07,
0G$_CS3ff1993hK4NzYrfs,IFCCOVERING,Ground Floor,,General/Site,Roof,Interior,1,N,39,Original,,UITVOERING,Complete,General/Site,100,Low,N,8 hrs (1 day),1,Main Contractor,1.0031,35,,,35,GEN-0,Subcontract,Install ground floor sealing membrane,130.96,354,130.96,484.96,464.41,-20.55,-4.2,479.6,464.41,5,23.22,Paid,EUR,2015-04-07,
3zbS9bHsjAMfH79qZjcD$8,IFCCOVERING,Ground Floor,,General/Site,Roof,Interior,1,N,39,Original,,UITVOERING,Complete,General/Site,100,Low,N,8 hrs (1 day),1,Main Contractor,1.0031,35,,,35,GEN-0,Subcontract,Install ground floor sealing membrane,130.96,354,130.96,484.96,464.41,-20.55,-4.2,479.6,464.41,5,23.22,Paid,EUR,2015-04-07,
0rL_PAeinBlf9R_UAL7XxH,IFCCOVERING,Ground Floor,,General/Site,Roof,Interior,1,N,39,Original,,UITVOERING,Complete,General/Site,100,Low,N,8 hrs (1 day),1,Main Contractor,1.0031,35,,,35,GEN-0,Subcontract,Install ground floor sealing membrane,130.96,354,130.96,484.96,464.41,-20.55,-4.2,479.6,464.41,5,23.22,Paid,EUR,2015-04-07,
30hciOxbLDbOzTDF5Vcu1C,IFCCOVERING,Ground Floor,,General/Site,Roof,Interior,1,N,39,Original,,UITVOERING,Complete,General/Site,100,Low,N,8 hrs (1 day),1,Main Contractor,1.0031,35,,,35,GEN-0,Subcontract,Install ground floor sealing membrane,130.96,354,130.96,484.96,464.41,-20.55,-4.2,479.6,464.41,5,23.22,Paid,EUR,2015-04-07,
0ynFSduXr4mhLAjJ0VqVGY,IFCCOVERING,Ground Floor,,General/Site,Roof,Interior,1,N,39,Original,,UITVOERING,Complete,General/Site,100,Low,N,8 hrs (1 day),1,Main Contractor,1.0031,35,,,35,GEN-0,Subcontract,Install ground floor sealing membrane,130.96,354,130.96,484.96,464.41,-20.55,-4.2,479.6,464.41,5,23.22,Paid,EUR,2015-04-07,
2SlwHB_6XAI9Q43fjBKav6,IFCCOVERING,Ground Floor,,General/Site,Roof,Interior,1,N,39,Original,,UITVOERING,Complete,General/Site,100,Low,N,8 hrs (1 day),1,Main Contractor,1.0031,35,,,35,GEN-0,Subcontract,Install ground floor sealing membrane,130.96,354,130.96,484.96,464.41,-20.55,-4.2,479.6,464.41,5,23.22,Paid,EUR,2015-04-07,
1fRZTlBPj8bQbWnOOJ46GY,IFCCOVERING,Ground Floor,,General/Site,Roof,Interior,1,N,39,Original,,UITVOERING,Complete,General/Site,100,Low,N,8 hrs (1 day),1,Main Contractor,1.0031,35,,,35,GEN-0,Subcontract,Install ground floor sealing membrane,130.96,354,130.96,484.96,464.41,-20.55,-4.2,479.6,464.41,5,23.22,Paid,EUR,2015-04-07,
0vQvcXd2L5xvGCyyqliJjE,IFCCOVERING,Ground Floor,,General/Site,Roof,Interior,1,N,39,Original,,UITVOERING,Complete,General/Site,100,Low,N,8 hrs (1 day),1,Main Contractor,1.0031,35,,,35,GEN-0,Subcontract,Install ground floor sealing membrane,130.96,354,130.96,484.96,464.41,-20.55,-4.2,479.6,464.41,5,23.22,Paid,EUR,2015-04-07,
0KSSkhTNb5zfXUtKcJq5dT,IFCCOVERING,Ground Floor,,General/Site,Roof,Interior,1,N,39,Original,,UITVOERING,Complete,General/Site,100,Low,N,8 hrs (1 day),1,Main Contractor,1.0031,35,,,35,GEN-0,Subcontract,Install ground floor sealing membrane,130.96,354,130.96,484.96,464.41,-20.55,-4.2,479.6,464.41,5,23.22,Paid,EUR,2015-04-07,
0Uc$V_B1X3kOau8jzuWFgC,IFCCOVERING,Ground Floor,,General/Site,Roof,Interior,1,N,39,Original,,UITVOERING,Complete,General/Site,100,Low,N,8 hrs (1 day),1,Main Contractor,1.0031,35,,,35,GEN-0,Subcontract,Install ground floor sealing membrane,130.96,354,130.96,484.96,464.41,-20.55,-4.2,479.6,464.41,5,23.22,Paid,EUR,2015-04-07,
2llSAjYczCjRE52HLwA8K0,IFCCOVERING,Ground Floor,,General/Site,Roof,Interior,1,N,39,Original,,UITVOERING,Complete,General/Site,100,Low,N,8 hrs (1 day),1,Main Contractor,1.0031,35,,,35,GEN-0,Subcontract,Install ground floor sealing membrane,130.96,354,130.96,484.96,464.41,-20.55,-4.2,479.6,464.41,5,23.22,Paid,EUR,2015-04-07,
0kcNYdLJTBowvecc423git,IFCCOVERING,Ground Floor,,General/Site,Roof,Interior,1,N,39,Original,,UITVOERING,Complete,General/Site,100,Low,N,8 hrs (1 day),1,Main Contractor,1.0031,35,,,35,GEN-0,Subcontract,Install ground floor sealing membrane,130.96,354,130.96,484.96,464.41,-20.55,-4.2,479.6,464.41,5,23.22,Paid,EUR,2015-04-07,
29QpcFU1HFfhh20QSxwrHH,IFCCOVERING,Ground Floor,,General/Site,Roof,Interior,1,N,39,Original,,UITVOERING,Complete,General/Site,100,Low,N,8 hrs (1 day),1,Main Contractor,1.0031,35,,,35,GEN-0,Subcontract,Install ground floor sealing membrane,130.96,354,130.96,484.96,464.41,-20.55,-4.2,479.6,464.41,5,23.22,Paid,EUR,2015-04-07,
1vTpOKPPD9zAVtor4V5$LT,IFCCOVERING,Ground Floor,,General/Site,Roof,Interior,1,N,39,Original,,UITVOERING,Complete,General/Site,100,Low,N,8 hrs (1 day),1,Main Contractor,1.0031,35,,,35,GEN-0,Subcontract,Install ground floor sealing membrane,130.96,354,130.96,484.96,464.41,-20.55,-4.2,479.6,464.41,5,23.22,Paid,EUR,2015-04-07,
3mZLh0W8r42R$EoPpTN2BR,IFCCOVERING,Ground Floor,,General/Site,Roof,Interior,1,N,39,Original,,UITVOERING,Complete,General/Site,100,Low,N,8 hrs (1 day),1,Main Contractor,1.0031,35,,,35,GEN-0,Subcontract,Install ground floor sealing membrane,130.96,354,130.96,484.96,464.41,-20.55,-4.2,479.6,464.41,5,23.22,Paid,EUR,2015-04-07,
17lqRtVdLFtw5VWzBLIBBH,IFCCOVERING,Ground Floor,,General/Site,Roof,Interior,1,N,39,Original,,UITVOERING,Complete,General/Site,100,Low,N,8 hrs (1 day),1,Main Contractor,1.0031,35,,,35,GEN-0,Subcontract,Install ground floor sealing membrane,130.96,354,130.96,484.96,464.41,-20.55,-4.2,479.6,464.41,5,23.22,Paid,EUR,2015-04-07,
2xXckW8WTDWuV7agM0FAru,IFCCOVERING,Ground Floor,,General/Site,Roof,Interior,1,N,39,Original,,UITVOERING,Complete,General/Site,100,Low,N,8 hrs (1 day),1,Main Contractor,1.0031,35,,,35,GEN-0,Subcontract,Install ground floor sealing membrane,130.96,354,130.96,484.96,464.41,-20.55,-4.2,479.6,464.41,5,23.22,Paid,EUR,2015-04-07,
1rnH4IJMfC9hwWjxLSZbsd,IFCCOVERING,Ground Floor,,General/Site,Roof,Interior,1,N,39,Original,,UITVOERING,Complete,General/Site,100,Low,N,8 hrs (1 day),1,Main Contractor,1.0031,35,,,35,GEN-0,Subcontract,Install ground floor sealing membrane,130.96,354,130.96,484.96,464.41,-20.55,-4.2,479.6,464.41,5,23.22,Paid,EUR,2015-04-07,
0M7fWw8sP7YxxwDH7laqLp,IFCCOVERING,Ground Floor,,General/Site,Roof,Interior,1,N,39,Original,,UITVOERING,Complete,General/Site,100,Low,N,8 hrs (1 day),1,Main Contractor,1.0031,35,,,35,GEN-0,Subcontract,Install ground floor sealing membrane,130.96,354,130.96,484.96,464.41,-20.55,-4.2,479.6,464.41,5,23.22,Paid,EUR,2015-04-07,
1igZ2qJVn7i8mE$95VOSCy,IFCCOVERING,Ground Floor,,General/Site,Roof,Interior,1,N,39,Original,,UITVOERING,Complete,General/Site,100,Low,N,8 hrs (1 day),1,Main Contractor,1.0031,35,,,35,GEN-0,Subcontract,Install ground floor sealing membrane,130.96,354,130.96,484.96,464.41,-20.55,-4.2,479.6,464.41,5,23.22,Paid,EUR,2015-04-07,
3S4_U90onA9gbAV17NeGBS,IFCCOVERING,Ground Floor,,General/Site,Roof,Interior,1,N,39,Original,,UITVOERING,Complete,General/Site,100,Low,N,8 hrs (1 day),1,Main Contractor,1.0031,35,,,35,GEN-0,Subcontract,Install ground floor sealing membrane,130.96,354,130.96,484.96,464.41,-20.55,-4.2,479.6,464.41,5,23.22,Paid,EUR,2015-04-07,
3d_gk9SnnEjfqyesjN79D9,IFCCOVERING,Ground Floor,,General/Site,Roof,Interior,1,N,39,Original,,UITVOERING,Complete,General/Site,100,Low,N,8 hrs (1 day),1,Main Contractor,1.0031,35,,,35,GEN-0,Subcontract,Install ground floor sealing membrane,130.96,354,130.96,484.96,464.41,-20.55,-4.2,479.6,464.41,5,23.22,Paid,EUR,2015-04-07,
34S_dnPE52mvdKFxVWV5$I,IFCCOVERING,Ground Floor,,General/Site,Roof,Interior,1,N,39,Original,,UITVOERING,Complete,General/Site,100,Low,N,8 hrs (1 day),1,Main Contractor,1.0031,35,,,35,GEN-0,Subcontract,Install ground floor sealing membrane,130.96,354,130.96,484.96,464.41,-20.55,-4.2,479.6,464.41,5,23.22,Paid,EUR,2015-04-07,
0V9Jfg5Dz3M8asXFqSBgji,IFCCOVERING,Ground Floor,,General/Site,Roof,Interior,1,N,39,Original,,UITVOERING,Complete,General/Site,100,Low,N,8 hrs (1 day),1,Main Contractor,1.0031,35,,,35,GEN-0,Subcontract,Install ground floor sealing membrane,130.96,354,130.96,484.96,464.41,-20.55,-4.2,479.6,464.41,5,23.22,Paid,EUR,2015-04-07,
3RHm7iL7DDmAeR$SyBSZ4H,IFCCOVERING,Ground Floor,,General/Site,Roof,Interior,1,N,39,Original,,UITVOERING,Complete,General/Site,100,Low,N,8 hrs (1 day),1,Main Contractor,1.0031,35,,,35,GEN-0,Subcontract,Install ground floor sealing membrane,130.96,354,130.96,484.96,464.41,-20.55,-4.2,479.6,464.41,5,23.22,Paid,EUR,2015-04-07,
2nPFaQ45z8U9f2_BAmUCyJ,IFCCOVERING,Ground Floor,,General/Site,Roof,Interior,1,N,39,Original,,UITVOERING,Complete,General/Site,100,Low,N,8 hrs (1 day),1,Main Contractor,1.0031,35,,,35,GEN-0,Subcontract,Install ground floor sealing membrane,130.96,354,130.96,484.96,464.41,-20.55,-4.2,479.6,464.41,5,23.22,Paid,EUR,2015-04-07,
3LEHOX6Y97iAwUIvLUq9F1,IFCCOVERING,Ground Floor,,General/Site,Roof,Interior,1,N,39,Original,,UITVOERING,Complete,General/Site,100,Low,N,8 hrs (1 day),1,Main Contractor,1.0031,35,,,35,GEN-0,Subcontract,Install ground floor sealing membrane,130.96,354,130.96,484.96,464.41,-20.55,-4.2,479.6,464.41,5,23.22,Paid,EUR,2015-04-07,
0y3k0EYnX7BB$02HiA7MYw,IFCCOVERING,Ground Floor,,General/Site,Roof,Interior,1,N,39,Original,,UITVOERING,Complete,General/Site,100,Low,N,8 hrs (1 day),1,Main Contractor,1.0031,35,,,35,GEN-0,Subcontract,Install ground floor sealing membrane,130.96,354,130.96,484.96,464.41,-20.55,-4.2,479.6,464.41,5,23.22,Paid,EUR,2015-04-07,
0GTxLT9yPEGfDRJATbVq1u,IFCCOVERING,Ground Floor,,General/Site,Roof,Interior,1,N,39,Original,,UITVOERING,Complete,General/Site,100,Low,N,8 hrs (1 day),1,Main Contractor,1.0031,35,,,35,GEN-0,Subcontract,Install ground floor sealing membrane,130.96,354,130.96,484.96,464.41,-20.55,-4.2,479.6,464.41,5,23.22,Paid,EUR,2015-04-07,
3KK_D5_Dj4euIiBkx9JfyI,IFCCOVERING,Ground Floor,,General/Site,Roof,Interior,1,N,39,Original,,UITVOERING,Complete,General/Site,100,Low,N,8 hrs (1 day),1,Main Contractor,1.0031,35,,,35,GEN-0,Subcontract,Install ground floor sealing membrane,130.96,354,130.96,484.96,464.41,-20.55,-4.2,479.6,464.41,5,23.22,Paid,EUR,2015-04-07,
2dIXpknb9ECBQC8AnftmzZ,IFCCOVERING,Ground Floor,,General/Site,Roof,Interior,1,N,39,Original,,UITVOERING,Complete,General/Site,100,Low,N,8 hrs (1 day),1,Main Contractor,1.0031,35,,,35,GEN-0,Subcontract,Install ground floor sealing membrane,130.96,354,130.96,484.96,464.41,-20.55,-4.2,479.6,464.41,5,23.22,Paid,EUR,2015-04-07,
2S3Jg7tFD85Oqf$4HmpqBr,IFCCOVERING,Ground Floor,Apartment 1,General/Site,Roof,Interior,1,N,39,Original,,UITVOERING,Complete,General/Site,100,Low,N,8 hrs (1 day),1,Main Contractor,1.0031,35,,,35,GEN-0,Subcontract,Install ground floor sealing membrane,130.96,354,130.96,484.96,464.41,-20.55,-4.2,479.6,464.41,5,23.22,Paid,EUR,2015-04-07,
0XGDRxCMj6_Q_l6FbzXgmD,IFCCOVERING,Ground Floor,,General/Site,Roof,Interior,1,N,39,Original,,UITVOERING,Complete,General/Site,100,Low,N,8 hrs (1 day),1,Main Contractor,1.0031,35,,,35,GEN-0,Subcontract,Install ground floor sealing membrane,130.96,354,130.96,484.96,464.41,-20.55,-4.2,479.6,464.41,5,23.22,Paid,EUR,2015-04-07,
3Oxic1E6P5iwS0HVdOFxyZ,IFCCOVERING,Ground Floor,,General/Site,Roof,Interior,1,N,39,Original,,UITVOERING,Complete,General/Site,100,Low,N,8 hrs (1 day),1,Main Contractor,1.0031,35,,,35,GEN-0,Subcontract,Install ground floor sealing membrane,130.96,354,130.96,484.96,464.41,-20.55,-4.2,479.6,464.41,5,23.22,Paid,EUR,2015-04-07,
3CKMIRK_D0XOt$X9d5zXr_,IFCCOVERING,Ground Floor,,General/Site,Roof,Interior,1,N,39,Original,,UITVOERING,Complete,General/Site,100,Low,N,8 hrs (1 day),1,Main Contractor,1.0031,35,,,35,GEN-0,Subcontract,Install ground floor sealing membrane,130.96,354,130.96,484.96,464.41,-20.55,-4.2,479.6,464.41,5,23.22,Paid,EUR,2015-04-07,
2GD7u1bjzDxgoFVz0HuMW1,IFCCOVERING,Ground Floor,,General/Site,Roof,Interior,1,N,39,Original,,UITVOERING,Complete,General/Site,100,Low,N,8 hrs (1 day),1,Main Contractor,1.0031,35,,,35,GEN-0,Subcontract,Install ground floor sealing membrane,130.96,354,130.96,484.96,464.41,-20.55,-4.2,479.6,464.41,5,23.22,Paid,EUR,2015-04-07,
1hDMOvxNzB$86ZriwVGwd3,IFCCOVERING,Ground Floor,,General/Site,Roof,Interior,1,N,39,Original,,UITVOERING,Complete,General/Site,100,Low,N,8 hrs (1 day),1,Main Contractor,1.0031,35,,,35,GEN-0,Subcontract,Install ground floor sealing membrane,130.96,354,130.96,484.96,464.41,-20.55,-4.2,479.6,464.41,5,23.22,Paid,EUR,2015-04-07,
0AOylXdrr4jwoCsKxWObAF,IFCCOVERING,Ground Floor,,General/Site,Roof,Interior,1,N,39,Original,,UITVOERING,Complete,General/Site,100,Low,N,8 hrs (1 day),1,Main Contractor,1.0031,35,,,35,GEN-0,Subcontract,Install ground floor sealing membrane,130.96,354,130.96,484.96,464.41,-20.55,-4.2,479.6,464.41,5,23.22,Paid,EUR,2015-04-07,
32v$BB8AH4tvH9Gx3KiQgU,IFCCOVERING,Ground Floor,,General/Site,Roof,Interior,1,N,39,Original,,UITVOERING,Complete,General/Site,100,Low,N,8 hrs (1 day),1,Main Contractor,1.0031,35,,,35,GEN-0,Subcontract,Install ground floor sealing membrane,130.96,354,130.96,484.96,464.41,-20.55,-4.2,479.6,464.41,5,23.22,Paid,EUR,2015-04-07,
2LIlUfMgTCb9mHFfcE3FMU,IFCCOVERING,Ground Floor,,General/Site,Roof,Interior,1,N,39,Original,,UITVOERING,Complete,General/Site,100,Low,N,8 hrs (1 day),1,Main Contractor,1.0031,35,,,35,GEN-0,Subcontract,Install ground floor sealing membrane,130.96,354,130.96,484.96,464.41,-20.55,-4.2,479.6,464.41,5,23.22,Paid,EUR,2015-04-07,
34ZmxuLFjCn9_8MIgw1fuF,IFCCOVERING,Ground Floor,,General/Site,Roof,Interior,1,N,39,Original,,UITVOERING,Complete,General/Site,100,Low,N,8 hrs (1 day),1,Main Contractor,1.0031,35,,,35,GEN-0,Subcontract,Install ground floor sealing membrane,130.96,354,130.96,484.96,464.41,-20.55,-4.2,479.6,464.41,5,23.22,Paid,EUR,2015-04-07,
14FYxPYsD7j8rGZ6UeZ2jx,IFCCOVERING,Ground Floor,,General/Site,Roof,Interior,1,N,39,Original,,UITVOERING,Complete,General/Site,100,Low,N,8 hrs (1 day),1,Main Contractor,1.0031,35,,,35,GEN-0,Subcontract,Install ground floor sealing membrane,130.96,354,130.96,484.96,464.41,-20.55,-4.2,479.6,464.41,5,23.22,Paid,EUR,2015-04-07,
2Bc7$ULoT7RRiIct1Cq7UF,IFCCOVERING,Ground Floor,,General/Site,Roof,Interior,1,N,39,Original,,UITVOERING,Complete,General/Site,100,Low,N,8 hrs (1 day),1,Main Contractor,1.0031,35,,,35,GEN-0,Subcontract,Install ground floor sealing membrane,130.96,354,130.96,484.96,464.41,-20.55,-4.2,479.6,464.41,5,23.22,Paid,EUR,2015-04-07,
0t8NeZqKj1l9pRCG11HWeK,IFCCOVERING,Ground Floor,,General/Site,Roof,Interior,1,N,39,Original,,UITVOERING,Complete,General/Site,100,Low,N,8 hrs (1 day),1,Main Contractor,1.0031,35,,,35,GEN-0,Subcontract,Install ground floor sealing membrane,130.96,354,130.96,484.96,464.41,-20.55,-4.2,479.6,464.41,5,23.22,Paid,EUR,2015-04-07,
2jZ278N555W9scD32_AuI5,IFCCOVERING,Ground Floor,,General/Site,Roof,Interior,1,N,39,Original,,UITVOERING,Complete,General/Site,100,Low,N,8 hrs (1 day),1,Main Contractor,1.0031,35,,,35,GEN-0,Subcontract,Install ground floor sealing membrane,130.96,354,130.96,484.96,464.41,-20.55,-4.2,479.6,464.41,5,23.22,Paid,EUR,2015-04-07,
2ba5vStMz3F9hyP4U74I$6,IFCCOVERING,Ground Floor,,General/Site,Roof,Interior,1,N,39,Original,,UITVOERING,Complete,General/Site,100,Low,N,8 hrs (1 day),1,Main Contractor,1.0031,35,,,35,GEN-0,Subcontract,Install ground floor sealing membrane,130.96,354,130.96,484.96,464.41,-20.55,-4.2,479.6,464.41,5,23.22,Paid,EUR,2015-04-07,
3eu$9vdhj6xujIHzZ2dBlK,IFCCOVERING,Ground Floor,,General/Site,Roof,Interior,1,N,39,Original,,UITVOERING,Complete,General/Site,100,Low,N,8 hrs (1 day),1,Main Contractor,1.0031,35,,,35,GEN-0,Subcontract,Install ground floor sealing membrane,130.96,354,130.96,484.96,464.41,-20.55,-4.2,479.6,464.41,5,23.22,Paid,EUR,2015-04-07,
2KZbRJsnn7_RaMxyTFvuKO,IFCCOVERING,Ground Floor,,General/Site,Roof,Interior,1,N,39,Original,,UITVOERING,Complete,General/Site,100,Low,N,8 hrs (1 day),1,Main Contractor,1.0031,35,,,35,GEN-0,Subcontract,Install ground floor sealing membrane,130.96,354,130.96,484.96,464.41,-20.55,-4.2,479.6,464.41,5,23.22,Paid,EUR,2015-04-07,
07uBTjVEb1hOPRF99Da2PG,IFCCOVERING,Ground Floor,,General/Site,Roof,Interior,1,N,39,Original,,UITVOERING,Complete,General/Site,100,Low,N,8 hrs (1 day),1,Main Contractor,1.0031,35,,,35,GEN-0,Subcontract,Install ground floor sealing membrane,130.96,354,130.96,484.96,464.41,-20.55,-4.2,479.6,464.41,5,23.22,Paid,EUR,2015-04-07,
1ZBNC0YsT6mealAthsdPjr,IFCCOVERING,Ground Floor,,General/Site,Roof,Interior,1,N,39,Original,,UITVOERING,Complete,General/Site,100,Low,N,8 hrs (1 day),1,Main Contractor,1.0031,35,,,35,GEN-0,Subcontract,Install ground floor sealing membrane,130.96,354,130.96,484.96,464.41,-20.55,-4.2,479.6,464.41,5,23.22,Paid,EUR,2015-04-07,
3QNYLB7BzBoB$QOIFhPtSi,IFCCOVERING,Ground Floor,,General/Site,Roof,Interior,1,N,39,Original,,UITVOERING,Complete,General/Site,100,Low,N,8 hrs (1 day),1,Main Contractor,1.0031,35,,,35,GEN-0,Subcontract,Install ground floor sealing membrane,130.96,354,130.96,484.96,464.41,-20.55,-4.2,479.6,464.41,5,23.22,Paid,EUR,2015-04-07,
0dILtvsQjA_8uaAbNe4Gzh,IFCCOVERING,Ground Floor,,General/Site,Roof,Interior,1,N,39,Original,,UITVOERING,Complete,General/Site,100,Low,N,8 hrs (1 day),1,Main Contractor,1.0031,35,,,35,GEN-0,Subcontract,Install ground floor sealing membrane,130.96,354,130.96,484.96,464.41,-20.55,-4.2,479.6,464.41,5,23.22,Paid,EUR,2015-04-07,
23cudkUkXFffl$X$dw0jcL,IFCCOVERING,Ground Floor,,General/Site,Roof,Interior,1,N,39,Original,,UITVOERING,Complete,General/Site,100,Low,N,8 hrs (1 day),1,Main Contractor,1.0031,35,,,35,GEN-0,Subcontract,Install ground floor sealing membrane,130.96,354,130.96,484.96,464.41,-20.55,-4.2,479.6,464.41,5,23.22,Paid,EUR,2015-04-07,
2jUzI$UaD3AwBo4eAGuYDN,IFCCOVERING,Ground Floor,,General/Site,Roof,Interior,1,N,39,Original,,UITVOERING,Complete,General/Site,100,Low,N,8 hrs (1 day),1,Main Contractor,1.0031,35,,,35,GEN-0,Subcontract,Install ground floor sealing membrane,130.96,354,130.96,484.96,464.41,-20.55,-4.2,479.6,464.41,5,23.22,Paid,EUR,2015-04-07,
1TXL3A1nPEK8idavWAAGCn,IFCCOVERING,Ground Floor,,General/Site,Roof,Interior,1,N,39,Original,,UITVOERING,Complete,General/Site,100,Low,N,8 hrs (1 day),1,Main Contractor,1.0031,35,,,35,GEN-0,Subcontract,Install ground floor sealing membrane,130.96,354,130.96,484.96,464.41,-20.55,-4.2,479.6,464.41,5,23.22,Paid,EUR,2015-04-07,
1_QnClz8X4GO7TH_ldI$hB,IFCCOVERING,Ground Floor,,General/Site,Roof,Interior,1,N,39,Original,,UITVOERING,Complete,General/Site,100,Low,N,8 hrs (1 day),1,Main Contractor,1.0031,35,,,35,GEN-0,Subcontract,Install ground floor sealing membrane,130.96,354,130.96,484.96,464.41,-20.55,-4.2,479.6,464.41,5,23.22,Paid,EUR,2015-04-07,
22U_TxaV59QBFggdSA$$Ue,IFCCOVERING,Ground Floor,,General/Site,Roof,Interior,1,N,39,Original,,UITVOERING,Complete,General/Site,100,Low,N,8 hrs (1 day),1,Main Contractor,1.0031,35,,,35,GEN-0,Subcontract,Install ground floor sealing membrane,130.96,354,130.96,484.96,464.41,-20.55,-4.2,479.6,464.41,5,23.22,Paid,EUR,2015-04-07,
2l15bxeHLDH9C39old5nja,IFCCOVERING,Ground Floor,,General/Site,Roof,Interior,1,N,39,Original,,UITVOERING,Complete,General/Site,100,Low,N,8 hrs (1 day),1,Main Contractor,1.0031,35,,,35,GEN-0,Subcontract,Install ground floor sealing membrane,130.96,354,130.96,484.96,464.41,-20.55,-4.2,479.6,464.41,5,23.22,Paid,EUR,2015-04-07,
3EXNknm5b92B4qqbe$TV8N,IFCCOVERING,Ground Floor,,General/Site,Roof,Interior,1,N,39,Original,,UITVOERING,Complete,General/Site,100,Low,N,8 hrs (1 day),1,Main Contractor,1.0031,35,,,35,GEN-0,Subcontract,Install ground floor sealing membrane,130.96,354,130.96,484.96,464.41,-20.55,-4.2,479.6,464.41,5,23.22,Paid,EUR,2015-04-07,
1DprL969PEsgetwjtT0i7r,IFCCOVERING,Ground Floor,,General/Site,Roof,Interior,1,N,39,Original,,UITVOERING,Complete,General/Site,100,Low,N,8 hrs (1 day),1,Main Contractor,1.0031,35,,,35,GEN-0,Subcontract,Install ground floor sealing membrane,130.96,354,130.96,484.96,464.41,-20.55,-4.2,479.6,464.41,5,23.22,Paid,EUR,2015-04-07,
0LamN3hmjFKOBJw7zOi2Y0,IFCCOVERING,Ground Floor,,General/Site,Roof,Interior,1,N,39,Original,,UITVOERING,Complete,General/Site,100,Low,N,8 hrs (1 day),1,Main Contractor,1.0031,35,,,35,GEN-0,Subcontract,Install ground floor sealing membrane,130.96,354,130.96,484.96,464.41,-20.55,-4.2,479.6,464.41,5,23.22,Paid,EUR,2015-04-07,
35K039Te582hh144CIxcYO,IFCCOVERING,Ground Floor,,General/Site,Roof,Interior,1,N,39,Original,,UITVOERING,Complete,General/Site,100,Low,N,8 hrs (1 day),1,Main Contractor,1.0031,35,,,35,GEN-0,Subcontract,Install ground floor sealing membrane,130.96,354,130.96,484.96,464.41,-20.55,-4.2,479.6,464.41,5,23.22,Paid,EUR,2015-04-07,
0s391xkdDB5fuxawF9Qjr1,IFCCOVERING,Ground Floor,,General/Site,Roof,Interior,1,N,39,Original,,UITVOERING,Complete,General/Site,100,Low,N,8 hrs (1 day),1,Main Contractor,1.0031,35,,,35,GEN-0,Subcontract,Install ground floor sealing membrane,130.96,354,130.96,484.96,464.41,-20.55,-4.2,479.6,464.41,5,23.22,Paid,EUR,2015-04-07,
0auFC5Z7D69uLvTOOFswsW,IFCCOVERING,Ground Floor,,General/Site,Roof,Interior,1,N,39,Original,,UITVOERING,Complete,General/Site,100,Low,N,8 hrs (1 day),1,Main Contractor,1.0031,35,,,35,GEN-0,Subcontract,Install ground floor sealing membrane,130.96,354,130.96,484.96,464.41,-20.55,-4.2,479.6,464.41,5,23.22,Paid,EUR,2015-04-07,
3X6mvbfjT71hnZKhTJn2Mb,IFCCOVERING,Ground Floor,,General/Site,Roof,Interior,1,N,39,Original,,UITVOERING,Complete,General/Site,100,Low,N,8 hrs (1 day),1,Main Contractor,1.0031,35,,,35,GEN-0,Subcontract,Install ground floor sealing membrane,130.96,354,130.96,484.96,464.41,-20.55,-4.2,479.6,464.41,5,23.22,Paid,EUR,2015-04-07,
1o9bZ18p5228EGy0f_qkKC,IFCCOVERING,Ground Floor,,General/Site,Roof,Interior,1,N,39,Original,,UITVOERING,Complete,General/Site,100,Low,N,8 hrs (1 day),1,Main Contractor,1.0031,35,,,35,GEN-0,Subcontract,Install ground floor sealing membrane,130.96,354,130.96,484.96,464.41,-20.55,-4.2,479.6,464.41,5,23.22,Paid,EUR,2015-04-07,
3JIGBWlDHEdA7K7Vzu0awc,IFCCOVERING,Ground Floor,,General/Site,Roof,Interior,1,N,39,Original,,UITVOERING,Complete,General/Site,100,Low,N,8 hrs (1 day),1,Main Contractor,1.0031,35,,,35,GEN-0,Subcontract,Install ground floor sealing membrane,130.96,354,130.96,484.96,464.41,-20.55,-4.2,479.6,464.41,5,23.22,Paid,EUR,2015-04-07,
0DCRcrsiT6_PajQXhAP56e,IFCCOVERING,Ground Floor,,General/Site,Roof,Interior,1,N,39,Original,,UITVOERING,Complete,General/Site,100,Low,N,8 hrs (1 day),1,Main Contractor,1.0031,35,,,35,GEN-0,Subcontract,Install ground floor sealing membrane,130.96,354,130.96,484.96,464.41,-20.55,-4.2,479.6,464.41,5,23.22,Paid,EUR,2015-04-07,
0Us_zuuAXA1BFJgFFKN_rM,IFCCOVERING,Ground Floor,,General/Site,Roof,Interior,1,N,39,Original,,UITVOERING,Complete,General/Site,100,Low,N,8 hrs (1 day),1,Main Contractor,1.0031,35,,,35,GEN-0,Subcontract,Install ground floor sealing membrane,130.96,354,130.96,484.96,464.41,-20.55,-4.2,479.6,464.41,5,23.22,Paid,EUR,2015-04-07,
273QYHjKP5fOpth7AUKmM4,IFCCOVERING,Ground Floor,,General/Site,Roof,Interior,1,N,39,Original,,UITVOERING,Complete,General/Site,100,Low,N,8 hrs (1 day),1,Main Contractor,1.0031,35,,,35,GEN-0,Subcontract,Install ground floor sealing membrane,130.96,354,130.96,484.96,464.41,-20.55,-4.2,479.6,464.41,5,23.22,Paid,EUR,2015-04-07,
0ayCQE0On4Rggt$PYU$EId,IFCCOVERING,Ground Floor,,General/Site,Roof,Interior,1,N,39,Original,,UITVOERING,Complete,General/Site,100,Low,N,8 hrs (1 day),1,Main Contractor,1.0031,35,,,35,GEN-0,Subcontract,Install ground floor sealing membrane,130.96,354,130.96,484.96,464.41,-20.55,-4.2,479.6,464.41,5,23.22,Paid,EUR,2015-04-07,
0ftvjZTyn8GA0hp$NZbH3s,IFCCOVERING,Ground Floor,,General/Site,Roof,Interior,1,N,39,Original,,UITVOERING,Complete,General/Site,100,Low,N,8 hrs (1 day),1,Main Contractor,1.0031,35,,,35,GEN-0,Subcontract,Install ground floor sealing membrane,130.96,354,130.96,484.96,464.41,-20.55,-4.2,479.6,464.41,5,23.22,Paid,EUR,2015-04-07,
2IclHp53L4ABMUAnQ0F3ag,IFCCOVERING,Ground Floor,,General/Site,Roof,Interior,1,N,39,Original,,UITVOERING,Complete,General/Site,100,Low,N,8 hrs (1 day),1,Main Contractor,1.0031,35,,,35,GEN-0,Subcontract,Install ground floor sealing membrane,130.96,354,130.96,484.96,464.41,-20.55,-4.2,479.6,464.41,5,23.22,Paid,EUR,2015-04-07,
22oHPn4Bb7HhmA9TVk5L0x,IFCCOVERING,Ground Floor,,General/Site,Roof,Interior,1,N,39,Original,,UITVOERING,Complete,General/Site,100,Low,N,8 hrs (1 day),1,Main Contractor,1.0031,35,,,35,GEN-0,Subcontract,Install ground floor sealing membrane,130.96,354,130.96,484.96,464.41,-20.55,-4.2,479.6,464.41,5,23.22,Paid,EUR,2015-04-07,
3Cck409H5EkA4FI_9Hm2ap,IFCCOVERING,Ground Floor,,General/Site,Roof,Interior,1,N,39,Original,,UITVOERING,Complete,General/Site,100,Low,N,8 hrs (1 day),1,Main Contractor,1.0031,35,,,35,GEN-0,Subcontract,Install ground floor sealing membrane,130.96,354,130.96,484.96,464.41,-20.55,-4.2,479.6,464.41,5,23.22,Paid,EUR,2015-04-07,
3nioIw4b1FNQTnxvGq973W,IFCCOVERING,Ground Floor,,General/Site,Roof,Interior,1,N,39,Original,,UITVOERING,Complete,General/Site,100,Low,N,8 hrs (1 day),1,Main Contractor,1.0031,35,,,35,GEN-0,Subcontract,Install ground floor sealing membrane,130.96,354,130.96,484.96,464.41,-20.55,-4.2,479.6,464.41,5,23.22,Paid,EUR,2015-04-07,
05IJdASX96BgTG_zRhASdr,IFCCOVERING,Ground Floor,,General/Site,Roof,Interior,1,N,39,Original,,UITVOERING,Complete,General/Site,100,Low,N,8 hrs (1 day),1,Main Contractor,1.0031,35,,,35,GEN-0,Subcontract,Install ground floor sealing membrane,130.96,354,130.96,484.96,464.41,-20.55,-4.2,479.6,464.41,5,23.22,Paid,EUR,2015-04-07,
0Bno6zpULAkh2OhvYOKhwG,IFCCOVERING,Ground Floor,,General/Site,Roof,Interior,1,N,39,Original,,UITVOERING,Complete,General/Site,100,Low,N,8 hrs (1 day),1,Main Contractor,1.0031,35,,,35,GEN-0,Subcontract,Install ground floor sealing membrane,130.96,354,130.96,484.96,464.41,-20.55,-4.2,479.6,464.41,5,23.22,Paid,EUR,2015-04-07,
1N4DpvbvP7XuGihTjYwJXP,IFCCOVERING,Ground Floor,,General/Site,Roof,Interior,1,N,39,Original,,UITVOERING,Complete,General/Site,100,Low,N,8 hrs (1 day),1,Main Contractor,1.0031,35,,,35,GEN-0,Subcontract,Install ground floor sealing membrane,130.96,354,130.96,484.96,464.41,-20.55,-4.2,479.6,464.41,5,23.22,Paid,EUR,2015-04-07,
0$ABYASOzC7ehJIMHTS4Wj,IFCCOVERING,Ground Floor,,General/Site,Roof,Interior,1,N,39,Original,,UITVOERING,Complete,General/Site,100,Low,N,8 hrs (1 day),1,Main Contractor,1.0031,35,,,35,GEN-0,Subcontract,Install ground floor sealing membrane,130.96,354,130.96,484.96,464.41,-20.55,-4.2,479.6,464.41,5,23.22,Paid,EUR,2015-04-07,
2ieoJ$iDf5RgC_59APvtre,IFCCOVERING,Ground Floor,,General/Site,Roof,Interior,1,N,39,Original,,UITVOERING,Complete,General/Site,100,Low,N,8 hrs (1 day),1,Main Contractor,1.0031,35,,,35,GEN-0,Subcontract,Install ground floor sealing membrane,130.96,354,130.96,484.96,464.41,-20.55,-4.2,479.6,464.41,5,23.22,Paid,EUR,2015-04-07,
02t9uNa$99ux5VdxLVmjqD,IFCCOVERING,Ground Floor,,General/Site,Roof,Interior,1,N,39,Original,,UITVOERING,Complete,General/Site,100,Low,N,8 hrs (1 day),1,Main Contractor,1.0031,35,,,35,GEN-0,Subcontract,Install ground floor sealing membrane,130.96,354,130.96,484.96,464.41,-20.55,-4.2,479.6,464.41,5,23.22,Paid,EUR,2015-04-07,
35WqvDW096wRUfPnv1tQif,IFCCOVERING,Ground Floor,,General/Site,Roof,Interior,1,N,39,Original,,UITVOERING,Complete,General/Site,100,Low,N,8 hrs (1 day),1,Main Contractor,1.0031,35,,,35,GEN-0,Subcontract,Install ground floor sealing membrane,130.96,354,130.96,484.96,464.41,-20.55,-4.2,479.6,464.41,5,23.22,Paid,EUR,2015-04-07,
1QTuQFu596df6MKkzi$gQu,IFCCOVERING,Ground Floor,,General/Site,Roof,Interior,1,N,39,Original,,UITVOERING,Complete,General/Site,100,Low,N,8 hrs (1 day),1,Main Contractor,1.0031,35,,,35,GEN-0,Subcontract,Install ground floor sealing membrane,130.96,354,130.96,484.96,464.41,-20.55,-4.2,479.6,464.41,5,23.22,Paid,EUR,2015-04-07,
12FVAmtxnFjBi2wmE0SHwS,IFCCOVERING,Ground Floor,,General/Site,Roof,Interior,1,N,39,Original,,UITVOERING,Complete,General/Site,100,Low,N,8 hrs (1 day),1,Main Contractor,1.0031,35,,,35,GEN-0,Subcontract,Install ground floor sealing membrane,130.96,354,130.96,484.96,464.41,-20.55,-4.2,479.6,464.41,5,23.22,Paid,EUR,2015-04-07,
10kIxmB590Uu_DsLyrcRWg,IFCCOVERING,Ground Floor,,General/Site,Roof,Interior,1,N,39,Original,,UITVOERING,Complete,General/Site,100,Low,N,8 hrs (1 day),1,Main Contractor,1.0031,35,,,35,GEN-0,Subcontract,Install ground floor sealing membrane,130.96,354,130.96,484.96,464.41,-20.55,-4.2,479.6,464.41,5,23.22,Paid,EUR,2015-04-07,
1fBYitk$XCff9nBctXSwDJ,IFCCOVERING,Ground Floor,,General/Site,Roof,Interior,1,N,39,Original,,UITVOERING,Complete,General/Site,100,Low,N,8 hrs (1 day),1,Main Contractor,1.0031,35,,,35,GEN-0,Subcontract,Install ground floor sealing membrane,130.96,354,130.96,484.96,464.41,-20.55,-4.2,479.6,464.41,5,23.22,Paid,EUR,2015-04-07,
1VW3R9Xjb27PlooMnbpCtR,IFCCOVERING,Ground Floor,,General/Site,Roof,Interior,1,N,39,Original,,UITVOERING,Complete,General/Site,100,Low,N,8 hrs (1 day),1,Main Contractor,1.0031,35,,,35,GEN-0,Subcontract,Install ground floor sealing membrane,130.96,354,130.96,484.96,464.41,-20.55,-4.2,479.6,464.41,5,23.22,Paid,EUR,2015-04-07,
2stS0M4hL4XhAjbzTQAWC3,IFCCOVERING,Ground Floor,,General/Site,Roof,Interior,1,N,39,Original,,UITVOERING,Complete,General/Site,100,Low,N,8 hrs (1 day),1,Main Contractor,1.0031,35,,,35,GEN-0,Subcontract,Install ground floor sealing membrane,130.96,354,130.96,484.96,464.41,-20.55,-4.2,479.6,464.41,5,23.22,Paid,EUR,2015-04-07,
0BRQ4q55H98RaFo5ZchLPA,IFCCOVERING,Ground Floor,,General/Site,Roof,Interior,1,N,39,Original,,UITVOERING,Complete,General/Site,100,Low,N,8 hrs (1 day),1,Main Contractor,1.0031,35,,,35,GEN-0,Subcontract,Install ground floor sealing membrane,130.96,354,130.96,484.96,464.41,-20.55,-4.2,479.6,464.41,5,23.22,Paid,EUR,2015-04-07,
0drw2nO8v71RyofbNJR9ht,IFCCOVERING,Ground Floor,,General/Site,Roof,Interior,1,N,39,Original,,UITVOERING,Complete,General/Site,100,Low,N,8 hrs (1 day),1,Main Contractor,1.0031,35,,,35,GEN-0,Subcontract,Install ground floor sealing membrane,130.96,354,130.96,484.96,464.41,-20.55,-4.2,479.6,464.41,5,23.22,Paid,EUR,2015-04-07,
2rgYAcrtT4D8i6qfo6FJnO,IFCCOVERING,Ground Floor,,General/Site,Roof,Interior,1,N,39,Original,,UITVOERING,Complete,General/Site,100,Low,N,8 hrs (1 day),1,Main Contractor,1.0031,35,,,35,GEN-0,Subcontract,Install ground floor sealing membrane,130.96,354,130.96,484.96,464.41,-20.55,-4.2,479.6,464.41,5,23.22,Paid,EUR,2015-04-07,
2s607XUDLDSupd6_nwKTs3,IFCCOVERING,Ground Floor,,General/Site,Roof,Interior,1,N,39,Original,,UITVOERING,Complete,General/Site,100,Low,N,8 hrs (1 day),1,Main Contractor,1.0031,35,,,35,GEN-0,Subcontract,Install ground floor sealing membrane,130.96,354,130.96,484.96,464.41,-20.55,-4.2,479.6,464.41,5,23.22,Paid,EUR,2015-04-07,
1GoF$aQNT3COt6RZplrJjc,IFCCOVERING,Ground Floor,,General/Site,Roof,Interior,1,N,39,Original,,UITVOERING,Complete,General/Site,100,Low,N,8 hrs (1 day),1,Main Contractor,1.0031,35,,,35,GEN-0,Subcontract,Install ground floor sealing membrane,130.96,354,130.96,484.96,464.41,-20.55,-4.2,479.6,464.41,5,23.22,Paid,EUR,2015-04-07,
1fBRuupdr5neoRi4q$1ZWo,IFCCOVERING,Ground Floor,,General/Site,Roof,Interior,1,N,39,Original,,UITVOERING,Complete,General/Site,100,Low,N,8 hrs (1 day),1,Main Contractor,1.0031,35,,,35,GEN-0,Subcontract,Install ground floor sealing membrane,130.96,354,130.96,484.96,464.41,-20.55,-4.2,479.6,464.41,5,23.22,Paid,EUR,2015-04-07,
1N0TdpkjX9CQLI_szg4bjG,IFCCOVERING,Ground Floor,,General/Site,Roof,Interior,1,N,39,Original,,UITVOERING,Complete,General/Site,100,Low,N,8 hrs (1 day),1,Main Contractor,1.0031,35,,,35,GEN-0,Subcontract,Install ground floor sealing membrane,130.96,354,130.96,484.96,464.41,-20.55,-4.2,479.6,464.41,5,23.22,Paid,EUR,2015-04-07,
2o3EUcyt58j8D23ezovBF0,IFCCOVERING,Ground Floor,,General/Site,Roof,Interior,1,N,39,Original,,UITVOERING,Complete,General/Site,100,Low,N,8 hrs (1 day),1,Main Contractor,1.0031,35,,,35,GEN-0,Subcontract,Install ground floor sealing membrane,130.96,354,130.96,484.96,464.41,-20.55,-4.2,479.6,464.41,5,23.22,Paid,EUR,2015-04-07,
3Af$owwYvEieXjySRhsK9K,IFCCOVERING,Ground Floor,,General/Site,Roof,Interior,1,N,39,Original,,UITVOERING,Complete,General/Site,100,Low,N,8 hrs (1 day),1,Main Contractor,1.0031,35,,,35,GEN-0,Subcontract,Install ground floor sealing membrane,130.96,354,130.96,484.96,464.41,-20.55,-4.2,479.6,464.41,5,23.22,Paid,EUR,2015-04-07,
0RZLrTQM57ifOvcVZ_JjfH,IFCCOVERING,Ground Floor,,General/Site,Roof,Interior,1,N,39,Original,,UITVOERING,Complete,General/Site,100,Low,N,8 hrs (1 day),1,Main Contractor,1.0031,35,,,35,GEN-0,Subcontract,Install ground floor sealing membrane,130.96,354,130.96,484.96,464.41,-20.55,-4.2,479.6,464.41,5,23.22,Paid,EUR,2015-04-07,
1eZzQGLO5EhxjUdCgxKzA8,IFCCOVERING,Ground Floor,,General/Site,Roof,Interior,1,N,39,Original,,UITVOERING,Complete,General/Site,100,Low,N,8 hrs (1 day),1,Main Contractor,1.0031,35,,,35,GEN-0,Subcontract,Install ground floor sealing membrane,130.96,354,130.96,484.96,464.41,-20.55,-4.2,479.6,464.41,5,23.22,Paid,EUR,2015-04-07,
0$AOXJ4rv04x6PfACsvtyN,IFCCOVERING,Ground Floor,,General/Site,Roof,Interior,1,N,39,Original,,UITVOERING,Complete,General/Site,100,Low,N,8 hrs (1 day),1,Main Contractor,1.0031,35,,,35,GEN-0,Subcontract,Install ground floor sealing membrane,130.96,354,130.96,484.96,464.41,-20.55,-4.2,479.6,464.41,5,23.22,Paid,EUR,2015-04-07,
1HZIGd_zb3fPIcHc4bq$Na,IFCCOVERING,Ground Floor,,General/Site,Roof,Interior,1,N,39,Original,,UITVOERING,Complete,General/Site,100,Low,N,8 hrs (1 day),1,Main Contractor,1.0031,35,,,35,GEN-0,Subcontract,Install ground floor sealing membrane,130.96,354,130.96,484.96,464.41,-20.55,-4.2,479.6,464.41,5,23.22,Paid,EUR,2015-04-07,
0_$0lTaD1BJR1VsExWpSwr,IFCCOVERING,Ground Floor,,General/Site,Roof,Interior,1,N,39,Original,,UITVOERING,Complete,General/Site,100,Low,N,8 hrs (1 day),1,Main Contractor,1.0031,35,,,35,GEN-0,Subcontract,Install ground floor sealing membrane,130.96,354,130.96,484.96,464.41,-20.55,-4.2,479.6,464.41,5,23.22,Paid,EUR,2015-04-07,
0wdUzknAPEQObqQhFayIXP,IFCCOVERING,Ground Floor,,General/Site,Roof,Interior,1,N,39,Original,,UITVOERING,Complete,General/Site,100,Low,N,8 hrs (1 day),1,Main Contractor,1.0031,35,,,35,GEN-0,Subcontract,Install ground floor sealing membrane,130.96,354,130.96,484.96,464.41,-20.55,-4.2,479.6,464.41,5,23.22,Paid,EUR,2015-04-07,
3EXJ1QEmv8298eoQ5AVpx3,IFCCOVERING,Ground Floor,,General/Site,Roof,Interior,1,N,39,Original,,UITVOERING,Complete,General/Site,100,Low,N,8 hrs (1 day),1,Main Contractor,1.0031,35,,,35,GEN-0,Subcontract,Install ground floor sealing membrane,130.96,354,130.96,484.96,464.41,-20.55,-4.2,479.6,464.41,5,23.22,Paid,EUR,2015-04-07,
05jwMvas5BExxAxCBfRLop,IFCCOVERING,Ground Floor,,General/Site,Roof,Interior,1,N,39,Original,,UITVOERING,Complete,General/Site,100,Low,N,8 hrs (1 day),1,Main Contractor,1.0031,35,,,35,GEN-0,Subcontract,Install ground floor sealing membrane,130.96,354,130.96,484.96,464.41,-20.55,-4.2,479.6,464.41,5,23.22,Paid,EUR,2015-04-07,
3m85tVndn6f8CiQ5nrQI6C,IFCCOVERING,Ground Floor,,General/Site,Roof,Interior,1,N,39,Original,,UITVOERING,Complete,General/Site,100,Low,N,8 hrs (1 day),1,Main Contractor,1.0031,35,,,35,GEN-0,Subcontract,Install ground floor sealing membrane,130.96,354,130.96,484.96,464.41,-20.55,-4.2,479.6,464.41,5,23.22,Paid,EUR,2015-04-07,
2Fu9f7Fb1DRAcGH9qbPP$M,IFCCOVERING,Ground Floor,,General/Site,Roof,Interior,1,N,39,Original,,UITVOERING,Complete,General/Site,100,Low,N,8 hrs (1 day),1,Main Contractor,1.0031,35,,,35,GEN-0,Subcontract,Install ground floor sealing membrane,130.96,354,130.96,484.96,464.41,-20.55,-4.2,479.6,464.41,5,23.22,Paid,EUR,2015-04-07,
224cx5RSH0k82NLlWgvMhN,IFCCOVERING,Ground Floor,,General/Site,Roof,Interior,1,N,39,Original,,UITVOERING,Complete,General/Site,100,Low,N,8 hrs (1 day),1,Main Contractor,1.0031,35,,,35,GEN-0,Subcontract,Install ground floor sealing membrane,130.96,354,130.96,484.96,464.41,-20.55,-4.2,479.6,464.41,5,23.22,Paid,EUR,2015-04-07,
37NCmh8kH0jOXPtUGzziJL,IFCCOVERING,Ground Floor,,General/Site,Roof,Interior,1,N,39,Original,,UITVOERING,Complete,General/Site,100,Low,N,8 hrs (1 day),1,Main Contractor,1.0031,35,,,35,GEN-0,Subcontract,Install ground floor sealing membrane,130.96,354,130.96,484.96,464.41,-20.55,-4.2,479.6,464.41,5,23.22,Paid,EUR,2015-04-07,
1FsFlB8sb1ov8vx6euQ6y$,IFCCOVERING,Ground Floor,,General/Site,Roof,Interior,1,N,39,Original,,UITVOERING,Complete,General/Site,100,Low,N,8 hrs (1 day),1,Main Contractor,1.0031,35,,,35,GEN-0,Subcontract,Install ground floor sealing membrane,130.96,354,130.96,484.96,464.41,-20.55,-4.2,479.6,464.41,5,23.22,Paid,EUR,2015-04-07,
1Eqw$ehTv3OhsrP1reu81x,IFCCOVERING,Ground Floor,,General/Site,Roof,Interior,1,N,39,Original,,UITVOERING,Complete,General/Site,100,Low,N,8 hrs (1 day),1,Main Contractor,1.0031,35,,,35,GEN-0,Subcontract,Install ground floor sealing membrane,130.96,354,130.96,484.96,464.41,-20.55,-4.2,479.6,464.41,5,23.22,Paid,EUR,2015-04-07,
2HoJKJhGv1_QH4oEZQoVnL,IFCCOVERING,Ground Floor,,General/Site,Roof,Interior,1,N,39,Original,,UITVOERING,Complete,General/Site,100,Low,N,8 hrs (1 day),1,Main Contractor,1.0031,35,,,35,GEN-0,Subcontract,Install ground floor sealing membrane,130.96,354,130.96,484.96,464.41,-20.55,-4.2,479.6,464.41,5,23.22,Paid,EUR,2015-04-07,
1h9MlNkkHDwP1DhrNLa9bw,IFCCOVERING,Ground Floor,,General/Site,Roof,Interior,1,N,39,Original,,UITVOERING,Complete,General/Site,100,Low,N,8 hrs (1 day),1,Main Contractor,1.0031,35,,,35,GEN-0,Subcontract,Install ground floor sealing membrane,130.96,354,130.96,484.96,464.41,-20.55,-4.2,479.6,464.41,5,23.22,Paid,EUR,2015-04-07,
2YCFMRCMfAygmZtpnj44Ds,IFCCOVERING,Ground Floor,,General/Site,Roof,Interior,1,N,39,Original,,UITVOERING,Complete,General/Site,100,Low,N,8 hrs (1 day),1,Main Contractor,1.0031,35,,,35,GEN-0,Subcontract,Install ground floor sealing membrane,130.96,354,130.96,484.96,464.41,-20.55,-4.2,479.6,464.41,5,23.22,Paid,EUR,2015-04-07,
2NOIbxPO19bQQfWGSxxbBk,IFCCOVERING,Ground Floor,,General/Site,Roof,Interior,1,N,39,Original,,UITVOERING,Complete,General/Site,100,Low,N,8 hrs (1 day),1,Main Contractor,1.0031,35,,,35,GEN-0,Subcontract,Install ground floor sealing membrane,130.96,354,130.96,484.96,464.41,-20.55,-4.2,479.6,464.41,5,23.22,Paid,EUR,2015-04-07,
0JEwYG_9jBKg43nUnK$yPW,IFCCOVERING,Ground Floor,,General/Site,Roof,Interior,1,N,39,Original,,UITVOERING,Complete,General/Site,100,Low,N,8 hrs (1 day),1,Main Contractor,1.0031,35,,,35,GEN-0,Subcontract,Install ground floor sealing membrane,130.96,354,130.96,484.96,464.41,-20.55,-4.2,479.6,464.41,5,23.22,Paid,EUR,2015-04-07,
2A6z8TSfLDHvNhRc6$B_7K,IFCCOVERING,Ground Floor,,General/Site,Roof,Interior,1,N,39,Original,,UITVOERING,Complete,General/Site,100,Low,N,8 hrs (1 day),1,Main Contractor,1.0031,35,,,35,GEN-0,Subcontract,Install ground floor sealing membrane,130.96,354,130.96,484.96,464.41,-20.55,-4.2,479.6,464.41,5,23.22,Paid,EUR,2015-04-07,
13scMpPOL1bRECbB4LOU2H,IFCCOVERING,Ground Floor,,General/Site,Roof,Interior,1,N,39,Original,,UITVOERING,Complete,General/Site,100,Low,N,8 hrs (1 day),1,Main Contractor,1.0031,35,,,35,GEN-0,Subcontract,Install ground floor sealing membrane,130.96,354,130.96,484.96,464.41,-20.55,-4.2,479.6,464.41,5,23.22,Paid,EUR,2015-04-07,
3RHFFQz4L19gWYRdyn6LFJ,IFCCOVERING,Ground Floor,,General/Site,Roof,Interior,1,N,39,Original,,UITVOERING,Complete,General/Site,100,Low,N,8 hrs (1 day),1,Main Contractor,1.0031,35,,,35,GEN-0,Subcontract,Install ground floor sealing membrane,130.96,354,130.96,484.96,464.41,-20.55,-4.2,479.6,464.41,5,23.22,Paid,EUR,2015-04-07,
2_2AACzkHEDgGqV1aYqLNQ,IFCCOVERING,Ground Floor,,General/Site,Roof,Interior,1,N,39,Original,,UITVOERING,Complete,General/Site,100,Low,N,8 hrs (1 day),1,Main Contractor,1.0031,35,,,35,GEN-0,Subcontract,Install ground floor sealing membrane,130.96,354,130.96,484.96,464.41,-20.55,-4.2,479.6,464.41,5,23.22,Paid,EUR,2015-04-07,
2_mb5_4ED0sxXKtT0W5QtL,IFCCOVERING,Ground Floor,,General/Site,Roof,Interior,1,N,39,Original,,UITVOERING,Complete,General/Site,100,Low,N,8 hrs (1 day),1,Main Contractor,1.0031,35,,,35,GEN-0,Subcontract,Install ground floor sealing membrane,130.96,354,130.96,484.96,464.41,-20.55,-4.2,479.6,464.41,5,23.22,Paid,EUR,2015-04-07,
0AuUxPDKrCNvDYzAefthJc,IFCCOVERING,Ground Floor,,General/Site,Roof,Interior,1,N,39,Original,,UITVOERING,Complete,General/Site,100,Low,N,8 hrs (1 day),1,Main Contractor,1.0031,35,,,35,GEN-0,Subcontract,Install ground floor sealing membrane,130.96,354,130.96,484.96,464.41,-20.55,-4.2,479.6,464.41,5,23.22,Paid,EUR,2015-04-07,
1ECQBiv8D2BukezynigSBG,IFCCOVERING,Ground Floor,,General/Site,Roof,Interior,1,N,39,Original,,UITVOERING,Complete,General/Site,100,Low,N,8 hrs (1 day),1,Main Contractor,1.0031,35,,,35,GEN-0,Subcontract,Install ground floor sealing membrane,130.96,354,130.96,484.96,464.41,-20.55,-4.2,479.6,464.41,5,23.22,Paid,EUR,2015-04-07,
2blpJy67j2XvLXVds8ogL8,IFCCOVERING,Ground Floor,,General/Site,Roof,Interior,1,N,39,Original,,UITVOERING,Complete,General/Site,100,Low,N,8 hrs (1 day),1,Main Contractor,1.0031,35,,,35,GEN-0,Subcontract,Install ground floor sealing membrane,130.96,354,130.96,484.96,464.41,-20.55,-4.2,479.6,464.41,5,23.22,Paid,EUR,2015-04-07,
0OZUUWav99_BoIAgqRdHCO,IFCCOVERING,Ground Floor,,General/Site,Roof,Interior,1,N,39,Original,,UITVOERING,Complete,General/Site,100,Low,N,8 hrs (1 day),1,Main Contractor,1.0031,35,,,35,GEN-0,Subcontract,Install ground floor sealing membrane,130.96,354,130.96,484.96,464.41,-20.55,-4.2,479.6,464.41,5,23.22,Paid,EUR,2015-04-07,
2JLW_oCyH6RhjvlTzKi4l9,IFCCOVERING,Ground Floor,,General/Site,Roof,Interior,1,N,39,Original,,UITVOERING,Complete,General/Site,100,Low,N,8 hrs (1 day),1,Main Contractor,1.0031,35,,,35,GEN-0,Subcontract,Install ground floor sealing membrane,130.96,354,130.96,484.96,464.41,-20.55,-4.2,479.6,464.41,5,23.22,Paid,EUR,2015-04-07,
2NF0Q0bNX2GxoU8Hwfi5jk,IFCCOVERING,Ground Floor,,General/Site,Roof,Interior,1,N,39,Original,,UITVOERING,Complete,General/Site,100,Low,N,8 hrs (1 day),1,Main Contractor,1.0031,35,,,35,GEN-0,Subcontract,Install ground floor sealing membrane,130.96,354,130.96,484.96,464.41,-20.55,-4.2,479.6,464.41,5,23.22,Paid,EUR,2015-04-07,
0M5c295fzDfhX$5UGwP9df,IFCCOVERING,Ground Floor,,General/Site,Roof,Interior,1,N,39,Original,,UITVOERING,Complete,General/Site,100,Low,N,8 hrs (1 day),1,Main Contractor,1.0031,35,,,35,GEN-0,Subcontract,Install ground floor sealing membrane,130.96,354,130.96,484.96,464.41,-20.55,-4.2,479.6,464.41,5,23.22,Paid,EUR,2015-04-07,
1YPoLPkpnCbxLVHVSCPYZA,IFCCOVERING,Ground Floor,,General/Site,Roof,Interior,1,N,39,Original,,UITVOERING,Complete,General/Site,100,Low,N,8 hrs (1 day),1,Main Contractor,1.0031,35,,,35,GEN-0,Subcontract,Install ground floor sealing membrane,130.96,354,130.96,484.96,464.41,-20.55,-4.2,479.6,464.41,5,23.22,Paid,EUR,2015-04-07,
2HdHJFeRP4mwyNWMpXnYLS,IFCCOVERING,Ground Floor,,General/Site,Roof,Interior,1,N,39,Original,,UITVOERING,Complete,General/Site,100,Low,N,8 hrs (1 day),1,Main Contractor,1.0031,35,,,35,GEN-0,Subcontract,Install ground floor sealing membrane,130.96,354,130.96,484.96,464.41,-20.55,-4.2,479.6,464.41,5,23.22,Paid,EUR,2015-04-07,
2A7Z3nJ7jFUv4nwhsbAsl4,IFCCOVERING,Ground Floor,,General/Site,Roof,Interior,1,N,39,Original,,UITVOERING,Complete,General/Site,100,Low,N,8 hrs (1 day),1,Main Contractor,1.0031,35,,,35,GEN-0,Subcontract,Install ground floor sealing membrane,130.96,354,130.96,484.96,464.41,-20.55,-4.2,479.6,464.41,5,23.22,Paid,EUR,2015-04-07,
3l8RLN$$zFbAtLrDgwfW0p,IFCCOVERING,Ground Floor,,General/Site,Roof,Interior,1,N,39,Original,,UITVOERING,Complete,General/Site,100,Low,N,8 hrs (1 day),1,Main Contractor,1.0031,35,,,35,GEN-0,Subcontract,Install ground floor sealing membrane,130.96,354,130.96,484.96,464.41,-20.55,-4.2,479.6,464.41,5,23.22,Paid,EUR,2015-04-07,
3BGNKMFaz6nhBmBYAQEOky,IFCCOVERING,Ground Floor,,General/Site,Roof,Interior,1,N,39,Original,,UITVOERING,Complete,General/Site,100,Low,N,8 hrs (1 day),1,Main Contractor,1.0031,35,,,35,GEN-0,Subcontract,Install ground floor sealing membrane,130.96,354,130.96,484.96,464.41,-20.55,-4.2,479.6,464.41,5,23.22,Paid,EUR,2015-04-07,
0NgSgJY7v5_8mqz2$2ur5r,IFCCOVERING,Ground Floor,,General/Site,Roof,Interior,1,N,39,Original,,UITVOERING,Complete,General/Site,100,Low,N,8 hrs (1 day),1,Main Contractor,1.0031,35,,,35,GEN-0,Subcontract,Install ground floor sealing membrane,130.96,354,130.96,484.96,464.41,-20.55,-4.2,479.6,464.41,5,23.22,Paid,EUR,2015-04-07,
0$RTdmvvT3l9YpswDBjUUh,IFCCOVERING,Ground Floor,,General/Site,Roof,Interior,1,N,39,Original,,UITVOERING,Complete,General/Site,100,Low,N,8 hrs (1 day),1,Main Contractor,1.0031,35,,,35,GEN-0,Subcontract,Install ground floor sealing membrane,130.96,354,130.96,484.96,464.41,-20.55,-4.2,479.6,464.41,5,23.22,Paid,EUR,2015-04-07,
0sg49ecMX4buogVPO4OArg,IFCCOVERING,Ground Floor,,General/Site,Roof,Interior,1,N,39,Original,,UITVOERING,Complete,General/Site,100,Low,N,8 hrs (1 day),1,Main Contractor,1.0031,35,,,35,GEN-0,Subcontract,Install ground floor sealing membrane,130.96,354,130.96,484.96,464.41,-20.55,-4.2,479.6,464.41,5,23.22,Paid,EUR,2015-04-07,
0qu$ppJ9f4gffikAqKqNQa,IFCCOVERING,Ground Floor,,General/Site,Roof,Interior,1,N,39,Original,,UITVOERING,Complete,General/Site,100,Low,N,8 hrs (1 day),1,Main Contractor,1.0031,35,,,35,GEN-0,Subcontract,Install ground floor sealing membrane,130.96,354,130.96,484.96,464.41,-20.55,-4.2,479.6,464.41,5,23.22,Paid,EUR,2015-04-07,
32n8HM8Qb9zPxknecRkG1c,IFCCOVERING,Ground Floor,,General/Site,Roof,Interior,1,N,39,Original,,UITVOERING,Complete,General/Site,100,Low,N,8 hrs (1 day),1,Main Contractor,1.0031,35,,,35,GEN-0,Subcontract,Install ground floor sealing membrane,130.96,354,130.96,484.96,464.41,-20.55,-4.2,479.6,464.41,5,23.22,Paid,EUR,2015-04-07,
1xNrVCR6nEXekwX5$xO1Hb,IFCCOVERING,Ground Floor,,General/Site,Roof,Interior,1,N,39,Original,,UITVOERING,Complete,General/Site,100,Low,N,8 hrs (1 day),1,Main Contractor,1.0031,35,,,35,GEN-0,Subcontract,Install ground floor sealing membrane,130.96,354,130.96,484.96,464.41,-20.55,-4.2,479.6,464.41,5,23.22,Paid,EUR,2015-04-07,
13ZhtChIb3PeTsJ8HNF8NA,IFCCOVERING,Ground Floor,,General/Site,Roof,Interior,1,N,39,Original,,UITVOERING,Complete,General/Site,100,Low,N,8 hrs (1 day),1,Main Contractor,1.0031,35,,,35,GEN-0,Subcontract,Install ground floor sealing membrane,130.96,354,130.96,484.96,464.41,-20.55,-4.2,479.6,464.41,5,23.22,Paid,EUR,2015-04-07,
2spL59QrPCyBA2FiMEdVfl,IFCCOVERING,Ground Floor,,General/Site,Roof,Interior,1,N,39,Original,,UITVOERING,Complete,General/Site,100,Low,N,8 hrs (1 day),1,Main Contractor,1.0031,35,,,35,GEN-0,Subcontract,Install ground floor sealing membrane,130.96,354,130.96,484.96,464.41,-20.55,-4.2,479.6,464.41,5,23.22,Paid,EUR,2015-04-07,
0aNbzgr0DBsBHEsY9ymWxR,IFCCOVERING,Ground Floor,,General/Site,Roof,Interior,1,N,39,Original,,UITVOERING,Complete,General/Site,100,Low,N,8 hrs (1 day),1,Main Contractor,1.0031,35,,,35,GEN-0,Subcontract,Install ground floor sealing membrane,130.96,354,130.96,484.96,464.41,-20.55,-4.2,479.6,464.41,5,23.22,Paid,EUR,2015-04-07,
1yarHwLaX1cPaBei3L86eE,IFCCOVERING,Ground Floor,,General/Site,Roof,Interior,1,N,39,Original,,UITVOERING,Complete,General/Site,100,Low,N,8 hrs (1 day),1,Main Contractor,1.0031,35,,,35,GEN-0,Subcontract,Install ground floor sealing membrane,130.96,354,130.96,484.96,464.41,-20.55,-4.2,479.6,464.41,5,23.22,Paid,EUR,2015-04-07,
3MtSPJAdHAWfsa7Bz1mBSU,IFCCOVERING,Ground Floor,,General/Site,Roof,Interior,1,N,39,Original,,UITVOERING,Complete,General/Site,100,Low,N,8 hrs (1 day),1,Main Contractor,1.0031,35,,,35,GEN-0,Subcontract,Install ground floor sealing membrane,130.96,354,130.96,484.96,464.41,-20.55,-4.2,479.6,464.41,5,23.22,Paid,EUR,2015-04-07,
1a0p7f$GjCZR$2q8MFuJqH,IFCCOVERING,Ground Floor,,General/Site,Roof,Interior,1,N,39,Original,,UITVOERING,Complete,General/Site,100,Low,N,8 hrs (1 day),1,Main Contractor,1.0031,35,,,35,GEN-0,Subcontract,Install ground floor sealing membrane,130.96,354,130.96,484.96,464.41,-20.55,-4.2,479.6,464.41,5,23.22,Paid,EUR,2015-04-07,
35zAcqGav04htqTJTCcQ2_,IFCCOVERING,Ground Floor,,General/Site,Roof,Interior,1,N,39,Original,,UITVOERING,Complete,General/Site,100,Low,N,8 hrs (1 day),1,Main Contractor,1.0031,35,,,35,GEN-0,Subcontract,Install ground floor sealing membrane,130.96,354,130.96,484.96,464.41,-20.55,-4.2,479.6,464.41,5,23.22,Paid,EUR,2015-04-07,
1dvc7LPjj0NQysd3vjcP4A,IFCCOVERING,Ground Floor,,General/Site,Roof,Interior,1,N,39,Original,,UITVOERING,Complete,General/Site,100,Low,N,8 hrs (1 day),1,Main Contractor,1.0031,35,,,35,GEN-0,Subcontract,Install ground floor sealing membrane,130.96,354,130.96,484.96,464.41,-20.55,-4.2,479.6,464.41,5,23.22,Paid,EUR,2015-04-07,
1Xz3hRjGn87Bkrn9PpbIxz,IFCCOVERING,Ground Floor,,General/Site,Roof,Interior,1,N,39,Original,,UITVOERING,Complete,General/Site,100,Low,N,8 hrs (1 day),1,Main Contractor,1.0031,35,,,35,GEN-0,Subcontract,Install ground floor sealing membrane,130.96,354,130.96,484.96,464.41,-20.55,-4.2,479.6,464.41,5,23.22,Paid,EUR,2015-04-07,
1JGPTMW8v6c88uVoiW0t0U,IFCCOVERING,Ground Floor,,General/Site,Roof,Interior,1,N,39,Original,,UITVOERING,Complete,General/Site,100,Low,N,8 hrs (1 day),1,Main Contractor,1.0031,35,,,35,GEN-0,Subcontract,Install ground floor sealing membrane,130.96,354,130.96,484.96,464.41,-20.55,-4.2,479.6,464.41,5,23.22,Paid,EUR,2015-04-07,
2mpqGz7T53CeIxYnhoxTHk,IFCCOVERING,Ground Floor,,General/Site,Roof,Interior,1,N,39,Original,,UITVOERING,Complete,General/Site,100,Low,N,8 hrs (1 day),1,Main Contractor,1.0031,35,,,35,GEN-0,Subcontract,Install ground floor sealing membrane,130.96,354,130.96,484.96,464.41,-20.55,-4.2,479.6,464.41,5,23.22,Paid,EUR,2015-04-07,
3E1jV10ujB2Oh3_iqFBclu,IFCCOVERING,Ground Floor,,General/Site,Roof,Interior,1,N,39,Original,,UITVOERING,Complete,General/Site,100,Low,N,8 hrs (1 day),1,Main Contractor,1.0031,35,,,35,GEN-0,Subcontract,Install ground floor sealing membrane,130.96,354,130.96,484.96,464.41,-20.55,-4.2,479.6,464.41,5,23.22,Paid,EUR,2015-04-07,
2toL7mOtbC6gr0lmiBHmvE,IFCCOVERING,Ground Floor,,General/Site,Roof,Interior,1,N,39,Original,,UITVOERING,Complete,General/Site,100,Low,N,8 hrs (1 day),1,Main Contractor,1.0031,35,,,35,GEN-0,Subcontract,Install ground floor sealing membrane,130.96,354,130.96,484.96,464.41,-20.55,-4.2,479.6,464.41,5,23.22,Paid,EUR,2015-04-07,
1FKguul6bELPWJcn1wqtCn,IFCCOVERING,Ground Floor,Apartment 2,General/Site,Roof,Interior,1,N,39,Original,,UITVOERING,Complete,General/Site,100,Low,N,8 hrs (1 day),1,Main Contractor,1.0031,35,,,35,GEN-0,Subcontract,Install ground floor sealing membrane,130.96,354,130.96,484.96,464.41,-20.55,-4.2,479.6,464.41,5,23.22,Paid,EUR,2015-04-07,
0I4PUaG7P0B9SKICNhglN8,IFCCOVERING,Ground Floor,,General/Site,Roof,Interior,1,N,39,Original,,UITVOERING,Complete,General/Site,100,Low,N,8 hrs (1 day),1,Main Contractor,1.0031,35,,,35,GEN-0,Subcontract,Install ground floor sealing membrane,130.96,354,130.96,484.96,464.41,-20.55,-4.2,479.6,464.41,5,23.22,Paid,EUR,2015-04-07,
2FbXVh8S1CufZTqwcI6fCY,IFCCOVERING,Ground Floor,,General/Site,Roof,Interior,1,N,39,Original,,UITVOERING,Complete,General/Site,100,Low,N,8 hrs (1 day),1,Main Contractor,1.0031,35,,,35,GEN-0,Subcontract,Install ground floor sealing membrane,130.96,354,130.96,484.96,464.41,-20.55,-4.2,479.6,464.41,5,23.22,Paid,EUR,2015-04-07,
2$qojtEg11KOlx5dsKOLkd,IFCCOVERING,Ground Floor,,General/Site,Roof,Interior,1,N,39,Original,,UITVOERING,Complete,General/Site,100,Low,N,8 hrs (1 day),1,Main Contractor,1.0031,35,,,35,GEN-0,Subcontract,Install ground floor sealing membrane,130.96,354,130.96,484.96,464.41,-20.55,-4.2,479.6,464.41,5,23.22,Paid,EUR,2015-04-07,
3VckOxSQL879gBLbuo8NUI,IFCCOVERING,Ground Floor,,General/Site,Roof,Interior,1,N,39,Original,,UITVOERING,Complete,General/Site,100,Low,N,8 hrs (1 day),1,Main Contractor,1.0031,35,,,35,GEN-0,Subcontract,Install ground floor sealing membrane,130.96,354,130.96,484.96,464.41,-20.55,-4.2,479.6,464.41,5,23.22,Paid,EUR,2015-04-07,
3qRUpAlEj79OTp8k$2DPca,IFCCOVERING,Ground Floor,,General/Site,Roof,Interior,1,N,39,Original,,UITVOERING,Complete,General/Site,100,Low,N,8 hrs (1 day),1,Main Contractor,1.0031,35,,,35,GEN-0,Subcontract,Install ground floor sealing membrane,130.96,354,130.96,484.96,464.41,-20.55,-4.2,479.6,464.41,5,23.22,Paid,EUR,2015-04-07,
2FqxnBY05BVOe9XL3vEwN4,IFCCOVERING,Ground Floor,Apartment 1,General/Site,Roof,Interior,1,N,39,Original,,UITVOERING,Complete,General/Site,100,Low,N,8 hrs (1 day),1,Main Contractor,1.0031,35,,,35,GEN-0,Subcontract,Install ground floor sealing membrane,130.96,354,130.96,484.96,464.41,-20.55,-4.2,479.6,464.41,5,23.22,Paid,EUR,2015-04-07,
1cwltKASv7eB7ODoxbtBXE,IFCCOVERING,Ground Floor,Apartment 1,General/Site,Roof,Interior,1,N,39,Original,,UITVOERING,Complete,General/Site,100,Low,N,8 hrs (1 day),1,Main Contractor,1.0031,35,,,35,GEN-0,Subcontract,Install ground floor sealing membrane,130.96,354,130.96,484.96,464.41,-20.55,-4.2,479.6,464.41,5,23.22,Paid,EUR,2015-04-07,
17BDxNcKL21xQ_qM309zcb,IFCCOVERING,Ground Floor,,General/Site,Roof,Interior,1,N,39,Original,,UITVOERING,Complete,General/Site,100,Low,N,8 hrs (1 day),1,Main Contractor,1.0031,35,,,35,GEN-0,Subcontract,Install ground floor sealing membrane,130.96,354,130.96,484.96,464.41,-20.55,-4.2,479.6,464.41,5,23.22,Paid,EUR,2015-04-07,
3Vto0AkEn5IeJPdZaVtCJ1,IFCCOVERING,Ground Floor,,General/Site,Roof,Interior,1,N,39,Original,,UITVOERING,Complete,General/Site,100,Low,N,8 hrs (1 day),1,Main Contractor,1.0031,35,,,35,GEN-0,Subcontract,Install ground floor sealing membrane,130.96,354,130.96,484.96,464.41,-20.55,-4.2,479.6,464.41,5,23.22,Paid,EUR,2015-04-07,
26A6Pogy9FXQ5X9nwWoteD,IFCCOVERING,Ground Floor,,General/Site,Roof,Interior,1,N,39,Original,,UITVOERING,Complete,General/Site,100,Low,N,8 hrs (1 day),1,Main Contractor,1.0031,35,,,35,GEN-0,Subcontract,Install ground floor sealing membrane,130.96,354,130.96,484.96,464.41,-20.55,-4.2,479.6,464.41,5,23.22,Paid,EUR,2015-04-07,
3v_qb2dxv3R8q4I81XrHGH,IFCCOVERING,Ground Floor,,General/Site,Roof,Interior,1,N,39,Original,,UITVOERING,Complete,General/Site,100,Low,N,8 hrs (1 day),1,Main Contractor,1.0031,35,,,35,GEN-0,Subcontract,Install ground floor sealing membrane,130.96,354,130.96,484.96,464.41,-20.55,-4.2,479.6,464.41,5,23.22,Paid,EUR,2015-04-07,
1yxHmC9k1EHuZVRzE9eBXA,IFCCOVERING,Ground Floor,,General/Site,Roof,Interior,1,N,39,Original,,UITVOERING,Complete,General/Site,100,Low,N,8 hrs (1 day),1,Main Contractor,1.0031,35,,,35,GEN-0,Subcontract,Install ground floor sealing membrane,130.96,354,130.96,484.96,464.41,-20.55,-4.2,479.6,464.41,5,23.22,Paid,EUR,2015-04-07,
2CVby_gGD56xAfcg1ciDaH,IFCCOVERING,Ground Floor,,General/Site,Roof,Interior,1,N,39,Original,,UITVOERING,Complete,General/Site,100,Low,N,8 hrs (1 day),1,Main Contractor,1.0031,35,,,35,GEN-0,Subcontract,Install ground floor sealing membrane,130.96,354,130.96,484.96,464.41,-20.55,-4.2,479.6,464.41,5,23.22,Paid,EUR,2015-04-07,
11BdNNG$13$xCHSCcHPHiQ,IFCCOVERING,Ground Floor,,General/Site,Roof,Interior,1,N,39,Original,,UITVOERING,Complete,General/Site,100,Low,N,8 hrs (1 day),1,Main Contractor,1.0031,35,,,35,GEN-0,Subcontract,Install ground floor sealing membrane,130.96,354,130.96,484.96,464.41,-20.55,-4.2,479.6,464.41,5,23.22,Paid,EUR,2015-04-07,
0HEV_ZYjz4HhudXQ$HOWUP,IFCCOVERING,Ground Floor,,General/Site,Roof,Interior,1,N,39,Original,,UITVOERING,Complete,General/Site,100,Low,N,8 hrs (1 day),1,Main Contractor,1.0031,35,,,35,GEN-0,Subcontract,Install ground floor sealing membrane,130.96,354,130.96,484.96,464.41,-20.55,-4.2,479.6,464.41,5,23.22,Paid,EUR,2015-04-07,
1qu89B25X16BzBkifJ9W2U,IFCCOVERING,Ground Floor,,General/Site,Roof,Interior,1,N,39,Original,,UITVOERING,Complete,General/Site,100,Low,N,8 hrs (1 day),1,Main Contractor,1.0031,35,,,35,GEN-0,Subcontract,Install ground floor sealing membrane,130.96,354,130.96,484.96,464.41,-20.55,-4.2,479.6,464.41,5,23.22,Paid,EUR,2015-04-07,
2_cwN$otP9fuKuILmP60Df,IFCCOVERING,Ground Floor,,General/Site,Roof,Interior,1,N,39,Original,,UITVOERING,Complete,General/Site,100,Low,N,8 hrs (1 day),1,Main Contractor,1.0031,35,,,35,GEN-0,Subcontract,Install ground floor sealing membrane,130.96,354,130.96,484.96,464.41,-20.55,-4.2,479.6,464.41,5,23.22,Paid,EUR,2015-04-07,
0T7zfl5Zr4HReoQa9zxpYc,IFCCOVERING,Ground Floor,,General/Site,Roof,Interior,1,N,39,Original,,UITVOERING,Complete,General/Site,100,Low,N,8 hrs (1 day),1,Main Contractor,1.0031,35,,,35,GEN-0,Subcontract,Install ground floor sealing membrane,130.96,354,130.96,484.96,464.41,-20.55,-4.2,479.6,464.41,5,23.22,Paid,EUR,2015-04-07,
0WsfO0oH184gNrUXRbTJQ_,IFCCOVERING,Ground Floor,,General/Site,Roof,Interior,1,N,39,Original,,UITVOERING,Complete,General/Site,100,Low,N,8 hrs (1 day),1,Main Contractor,1.0031,35,,,35,GEN-0,Subcontract,Install ground floor sealing membrane,130.96,354,130.96,484.96,464.41,-20.55,-4.2,479.6,464.41,5,23.22,Paid,EUR,2015-04-07,
0g4dy5QU57w8i6hjZYcxNV,IFCCOVERING,Ground Floor,,General/Site,Roof,Interior,1,N,39,Original,,UITVOERING,Complete,General/Site,100,Low,N,8 hrs (1 day),1,Main Contractor,1.0031,35,,,35,GEN-0,Subcontract,Install ground floor sealing membrane,130.96,354,130.96,484.96,464.41,-20.55,-4.2,479.6,464.41,5,23.22,Paid,EUR,2015-04-07,
1dY9Pgo5HEJOJ5WSQMjRzw,IFCCOVERING,Ground Floor,,General/Site,Roof,Interior,1,N,39,Original,,UITVOERING,Complete,General/Site,100,Low,N,8 hrs (1 day),1,Main Contractor,1.0031,35,,,35,GEN-0,Subcontract,Install ground floor sealing membrane,130.96,354,130.96,484.96,464.41,-20.55,-4.2,479.6,464.41,5,23.22,Paid,EUR,2015-04-07,
1wbpuSEZr39x2jRq4SiSuj,IFCCOVERING,Ground Floor,,General/Site,Roof,Interior,1,N,39,Original,,UITVOERING,Complete,General/Site,100,Low,N,8 hrs (1 day),1,Main Contractor,1.0031,35,,,35,GEN-0,Subcontract,Install ground floor sealing membrane,130.96,354,130.96,484.96,464.41,-20.55,-4.2,479.6,464.41,5,23.22,Paid,EUR,2015-04-07,
0IDwntXkDE1PcB_MwNMVAV,IFCCOVERING,Ground Floor,,General/Site,Roof,Interior,1,N,39,Original,,UITVOERING,Complete,General/Site,100,Low,N,8 hrs (1 day),1,Main Contractor,1.0031,35,,,35,GEN-0,Subcontract,Install ground floor sealing membrane,130.96,354,130.96,484.96,464.41,-20.55,-4.2,479.6,464.41,5,23.22,Paid,EUR,2015-04-07,
1FtJutmF19iAGFaW4M3too,IFCCOVERING,Ground Floor,,General/Site,Roof,Interior,1,N,39,Original,,UITVOERING,Complete,General/Site,100,Low,N,8 hrs (1 day),1,Main Contractor,1.0031,35,,,35,GEN-0,Subcontract,Install ground floor sealing membrane,130.96,354,130.96,484.96,464.41,-20.55,-4.2,479.6,464.41,5,23.22,Paid,EUR,2015-04-07,
0LF9sJv4bCBQb2UH_QTmEF,IFCCOVERING,Ground Floor,,General/Site,Roof,Interior,1,N,39,Original,,UITVOERING,Complete,General/Site,100,Low,N,8 hrs (1 day),1,Main Contractor,1.0031,35,,,35,GEN-0,Subcontract,Install ground floor sealing membrane,130.96,354,130.96,484.96,464.41,-20.55,-4.2,479.6,464.41,5,23.22,Paid,EUR,2015-04-07,
2_zL$iy8jCNgLQFTgvy31s,IFCCOVERING,Ground Floor,,General/Site,Roof,Interior,1,N,39,Original,,UITVOERING,Complete,General/Site,100,Low,N,8 hrs (1 day),1,Main Contractor,1.0031,35,,,35,GEN-0,Subcontract,Install ground floor sealing membrane,130.96,354,130.96,484.96,464.41,-20.55,-4.2,479.6,464.41,5,23.22,Paid,EUR,2015-04-07,
2q3ytHlvL0bOatcIhxYuTG,IFCCOVERING,Ground Floor,,General/Site,Roof,Interior,1,N,39,Original,,UITVOERING,Complete,General/Site,100,Low,N,8 hrs (1 day),1,Main Contractor,1.0031,35,,,35,GEN-0,Subcontract,Install ground floor sealing membrane,130.96,354,130.96,484.96,464.41,-20.55,-4.2,479.6,464.41,5,23.22,Paid,EUR,2015-04-07,
2_45WHjsXEG9Y56G9CMpL$,IFCCOVERING,Ground Floor,Apartment 1,General/Site,Roof,Interior,1,N,39,Original,,UITVOERING,Complete,General/Site,100,Low,N,8 hrs (1 day),1,Main Contractor,1.0031,35,,,35,GEN-0,Subcontract,Install ground floor sealing membrane,130.96,354,130.96,484.96,464.41,-20.55,-4.2,479.6,464.41,5,23.22,Paid,EUR,2015-04-07,
2GQh1FGgz0r9ciAdk83jqI,IFCCOVERING,Ground Floor,Apartment 1,General/Site,Roof,Interior,1,N,39,Original,,UITVOERING,Complete,General/Site,100,Low,N,8 hrs (1 day),1,Main Contractor,1.0031,35,,,35,GEN-0,Subcontract,Install ground floor sealing membrane,130.96,354,130.96,484.96,464.41,-20.55,-4.2,479.6,464.41,5,23.22,Paid,EUR,2015-04-07,
3DzuvwCJ53AB6hsYirrbyl,IFCCOVERING,Ground Floor,Apartment 2,General/Site,Roof,Interior,1,N,39,Original,,UITVOERING,Complete,General/Site,100,Low,N,8 hrs (1 day),1,Main Contractor,1.0031,35,,,35,GEN-0,Subcontract,Install ground floor sealing membrane,130.96,354,130.96,484.96,464.41,-20.55,-4.2,479.6,464.41,5,23.22,Paid,EUR,2015-04-07,
0Z4s3So2PBnPQ0_GQHemKr,IFCCOVERING,Ground Floor,Apartment 2,General/Site,Roof,Interior,1,N,39,Original,,UITVOERING,Complete,General/Site,100,Low,N,8 hrs (1 day),1,Main Contractor,1.0031,35,,,35,GEN-0,Subcontract,Install ground floor sealing membrane,130.96,354,130.96,484.96,464.41,-20.55,-4.2,479.6,464.41,5,23.22,Paid,EUR,2015-04-07,
1gUlf0ZXL3cBpxaqLuneut,IFCCOVERING,Ground Floor,Apartment 2,General/Site,Roof,Interior,1,N,39,Original,,UITVOERING,Complete,General/Site,100,Low,N,8 hrs (1 day),1,Main Contractor,1.0031,35,,,35,GEN-0,Subcontract,Install ground floor sealing membrane,130.96,354,130.96,484.96,464.41,-20.55,-4.2,479.6,464.41,5,23.22,Paid,EUR,2015-04-07,
1zMuKnGXj2dxbBAY8sqZZC,IFCCOVERING,Ground Floor,Apartment 2,General/Site,Roof,Interior,1,N,39,Original,,UITVOERING,Complete,General/Site,100,Low,N,8 hrs (1 day),1,Main Contractor,1.0031,35,,,35,GEN-0,Subcontract,Install ground floor sealing membrane,130.96,354,130.96,484.96,464.41,-20.55,-4.2,479.6,464.41,5,23.22,Paid,EUR,2015-04-07,
03$HXMMyP4JgWsGH9JdJ$z,IFCCOVERING,Ground Floor,Apartment 2,General/Site,Roof,Interior,1,N,39,Original,,UITVOERING,Complete,General/Site,100,Low,N,8 hrs (1 day),1,Main Contractor,1.0031,35,,,35,GEN-0,Subcontract,Install ground floor sealing membrane,130.96,354,130.96,484.96,464.41,-20.55,-4.2,479.6,464.41,5,23.22,Paid,EUR,2015-04-07,
1KvSJrJoHA9gOxWc1S$9NN,IFCCOVERING,Ground Floor,Apartment 1,General/Site,Roof,Interior,1,N,39,Original,,UITVOERING,Complete,General/Site,100,Low,N,8 hrs (1 day),1,Main Contractor,1.0031,35,,,35,GEN-0,Subcontract,Install ground floor sealing membrane,130.96,354,130.96,484.96,464.41,-20.55,-4.2,479.6,464.41,5,23.22,Paid,EUR,2015-04-07,
3MzWd_2tbDvfStFgq3wljl,IFCCOVERING,Ground Floor,Apartment 3,General/Site,Roof,Interior,1,N,39,Original,,UITVOERING,Complete,General/Site,100,Low,N,8 hrs (1 day),1,Main Contractor,1.0031,35,,,35,GEN-0,Subcontract,Install ground floor sealing membrane,130.96,354,130.96,484.96,464.41,-20.55,-4.2,479.6,464.41,5,23.22,Paid,EUR,2015-04-07,
29qMClNWzDoP9I3UOAfSfe,IFCCOVERING,Ground Floor,Apartment 3,General/Site,Roof,Interior,1,N,39,Original,,UITVOERING,Complete,General/Site,100,Low,N,8 hrs (1 day),1,Main Contractor,1.0031,35,,,35,GEN-0,Subcontract,Install ground floor sealing membrane,130.96,354,130.96,484.96,464.41,-20.55,-4.2,479.6,464.41,5,23.22,Paid,EUR,2015-04-07,
263xsg1izFEOvTyYvrqQoQ,IFCCOVERING,Ground Floor,,General/Site,Roof,Interior,1,N,39,Original,,UITVOERING,Complete,General/Site,100,Low,N,8 hrs (1 day),1,Main Contractor,1.0031,35,,,35,GEN-0,Subcontract,Install ground floor sealing membrane,130.96,354,130.96,484.96,464.41,-20.55,-4.2,479.6,464.41,5,23.22,Paid,EUR,2015-04-07,
2tUBmRStvAHwYt4aC8x60b,IFCCOVERING,Ground Floor,Apartment 3,General/Site,Roof,Interior,1,N,39,Original,,UITVOERING,Complete,General/Site,100,Low,N,8 hrs (1 day),1,Main Contractor,1.0031,35,,,35,GEN-0,Subcontract,Install ground floor sealing membrane,130.96,354,130.96,484.96,464.41,-20.55,-4.2,479.6,464.41,5,23.22,Paid,EUR,2015-04-07,
1w182Ao0XDuA$zn8sF3_Iy,IFCCOVERING,Ground Floor,Apartment 3,General/Site,Roof,Interior,1,N,39,Original,,UITVOERING,Complete,General/Site,100,Low,N,8 hrs (1 day),1,Main Contractor,1.0031,35,,,35,GEN-0,Subcontract,Install ground floor sealing membrane,130.96,354,130.96,484.96,464.41,-20.55,-4.2,479.6,464.41,5,23.22,Paid,EUR,2015-04-07,
1sIkalWm51yARgV1Q7p1M4,IFCCOVERING,Ground Floor,Apartment 3,General/Site,Roof,Interior,1,N,39,Original,,UITVOERING,Complete,General/Site,100,Low,N,8 hrs (1 day),1,Main Contractor,1.0031,35,,,35,GEN-0,Subcontract,Install ground floor sealing membrane,130.96,354,130.96,484.96,464.41,-20.55,-4.2,479.6,464.41,5,23.22,Paid,EUR,2015-04-07,
2YV$5iD7z0z8d9Yq3$LpXs,IFCCOVERING,Ground Floor,Apartment 3,General/Site,Roof,Interior,1,N,39,Original,,UITVOERING,Complete,General/Site,100,Low,N,8 hrs (1 day),1,Main Contractor,1.0031,35,,,35,GEN-0,Subcontract,Install ground floor sealing membrane,130.96,354,130.96,484.96,464.41,-20.55,-4.2,479.6,464.41,5,23.22,Paid,EUR,2015-04-07,
3c$blOc393lO7k1mNSwrez,IFCCOVERING,Ground Floor,Apartment 3,General/Site,Roof,Interior,1,N,39,Original,,UITVOERING,Complete,General/Site,100,Low,N,8 hrs (1 day),1,Main Contractor,1.0031,35,,,35,GEN-0,Subcontract,Install ground floor sealing membrane,130.96,354,130.96,484.96,464.41,-20.55,-4.2,479.6,464.41,5,23.22,Paid,EUR,2015-04-07,
2nZfpoonLDKenc4FqqVAs9,IFCCOVERING,Ground Floor,,General/Site,Roof,Interior,1,N,39,Original,,UITVOERING,Complete,General/Site,100,Low,N,8 hrs (1 day),1,Main Contractor,1.0031,35,,,35,GEN-0,Subcontract,Install ground floor sealing membrane,130.96,354,130.96,484.96,464.41,-20.55,-4.2,479.6,464.41,5,23.22,Paid,EUR,2015-04-07,
16Tx9UPJT8Ff0nuYiLOVfS,IFCCOVERING,Ground Floor,,General/Site,Roof,Interior,1,N,39,Original,,UITVOERING,Complete,General/Site,100,Low,N,8 hrs (1 day),1,Main Contractor,1.0031,35,,,35,GEN-0,Subcontract,Install ground floor sealing membrane,130.96,354,130.96,484.96,464.41,-20.55,-4.2,479.6,464.41,5,23.22,Paid,EUR,2015-04-07,
1LRccoRIL3pOi1F3fWQ823,IFCCOVERING,Ground Floor,,General/Site,Roof,Interior,1,N,39,Original,,UITVOERING,Complete,General/Site,100,Low,N,8 hrs (1 day),1,Main Contractor,1.0031,35,,,35,GEN-0,Subcontract,Install ground floor sealing membrane,130.96,354,130.96,484.96,464.41,-20.55,-4.2,479.6,464.41,5,23.22,Paid,EUR,2015-04-07,
2qI_o3QLv3xuoCSkXjvJ0W,IFCCOVERING,Ground Floor,,General/Site,Roof,Interior,1,N,39,Original,,UITVOERING,Complete,General/Site,100,Low,N,8 hrs (1 day),1,Main Contractor,1.0031,35,,,35,GEN-0,Subcontract,Install ground floor sealing membrane,130.96,354,130.96,484.96,464.41,-20.55,-4.2,479.6,464.41,5,23.22,Paid,EUR,2015-04-07,
2hgPVO28L52gA59QIdFtUd,IFCCOVERING,Ground Floor,,General/Site,Roof,Interior,1,N,39,Original,,UITVOERING,Complete,General/Site,100,Low,N,8 hrs (1 day),1,Main Contractor,1.0031,35,,,35,GEN-0,Subcontract,Install ground floor sealing membrane,130.96,354,130.96,484.96,464.41,-20.55,-4.2,479.6,464.41,5,23.22,Paid,EUR,2015-04-07,
1cLzoqhsnEcOo1SZkbM2zq,IFCCOVERING,Ground Floor,,General/Site,Roof,Interior,1,N,39,Original,,UITVOERING,Complete,General/Site,100,Low,N,8 hrs (1 day),1,Main Contractor,1.0031,35,,,35,GEN-0,Subcontract,Install ground floor sealing membrane,130.96,354,130.96,484.96,464.41,-20.55,-4.2,479.6,464.41,5,23.22,Paid,EUR,2015-04-07,
1eu5bRwfT8z8G6xGLtt_Cf,IFCCOVERING,Ground Floor,,General/Site,Roof,Interior,1,N,39,Original,,UITVOERING,Complete,General/Site,100,Low,N,8 hrs (1 day),1,Main Contractor,1.0031,35,,,35,GEN-0,Subcontract,Install ground floor sealing membrane,130.96,354,130.96,484.96,464.41,-20.55,-4.2,479.6,464.41,5,23.22,Paid,EUR,2015-04-07,
06zwHDoRv7RRI6sm4YK2to,IFCCOVERING,Ground Floor,Apartment 2,General/Site,Roof,Interior,1,N,39,Original,,UITVOERING,Complete,General/Site,100,Low,N,8 hrs (1 day),1,Main Contractor,1.0031,35,,,35,GEN-0,Subcontract,Install ground floor sealing membrane,130.96,354,130.96,484.96,464.41,-20.55,-4.2,479.6,464.41,5,23.22,Paid,EUR,2015-04-07,
2hoMXEy5j8MwHttwLCfUWz,IFCCOVERING,Ground Floor,,General/Site,Roof,Interior,1,N,39,Original,,UITVOERING,Complete,General/Site,100,Low,N,8 hrs (1 day),1,Main Contractor,1.0031,35,,,35,GEN-0,Subcontract,Install ground floor sealing membrane,130.96,354,130.96,484.96,464.41,-20.55,-4.2,479.6,464.41,5,23.22,Paid,EUR,2015-04-07,
0jVfAApHT6axEYd0cn1iPs,IFCCOVERING,Ground Floor,Apartment 1,General/Site,Roof,Interior,1,N,39,Original,,UITVOERING,Complete,General/Site,100,Low,N,8 hrs (1 day),1,Main Contractor,1.0031,35,,,35,GEN-0,Subcontract,Install ground floor sealing membrane,130.96,354,130.96,484.96,464.41,-20.55,-4.2,479.6,464.41,5,23.22,Paid,EUR,2015-04-07,
1X5RC2sf597wJqg0gQDANc,IFCCOVERING,Ground Floor,Apartment 1,General/Site,Roof,Interior,1,N,39,Original,,UITVOERING,Complete,General/Site,100,Low,N,8 hrs (1 day),1,Main Contractor,1.0031,35,,,35,GEN-0,Subcontract,Install ground floor sealing membrane,130.96,354,130.96,484.96,464.41,-20.55,-4.2,479.6,464.41,5,23.22,Paid,EUR,2015-04-07,
2Zh1TymiH43gh02RJ$OHyv,IFCCOVERING,Ground Floor,,General/Site,Roof,Interior,1,N,39,Original,,UITVOERING,Complete,General/Site,100,Low,N,8 hrs (1 day),1,Main Contractor,1.0031,35,,,35,GEN-0,Subcontract,Install ground floor sealing membrane,130.96,354,130.96,484.96,464.41,-20.55,-4.2,479.6,464.41,5,23.22,Paid,EUR,2015-04-07,
2JdgrQ0Kf4Zeu5RqKpB83l,IFCCOVERING,Ground Floor,,General/Site,Roof,Interior,1,N,39,Original,,UITVOERING,Complete,General/Site,100,Low,N,8 hrs (1 day),1,Main Contractor,1.0031,35,,,35,GEN-0,Subcontract,Install ground floor sealing membrane,130.96,354,130.96,484.96,464.41,-20.55,-4.2,479.6,464.41,5,23.22,Paid,EUR,2015-04-07,
3PwHZQswn5Pw8_8_QQHc6O,IFCCOVERING,Ground Floor,,General/Site,Roof,Interior,1,N,39,Original,,UITVOERING,Complete,General/Site,100,Low,N,8 hrs (1 day),1,Main Contractor,1.0031,35,,,35,GEN-0,Subcontract,Install ground floor sealing membrane,130.96,354,130.96,484.96,464.41,-20.55,-4.2,479.6,464.41,5,23.22,Paid,EUR,2015-04-07,
34Wj5VnKz9Jfa5wZ5FC5Jz,IFCCOVERING,Ground Floor,,General/Site,Roof,Interior,1,N,39,Original,,UITVOERING,Complete,General/Site,100,Low,N,8 hrs (1 day),1,Main Contractor,1.0031,35,,,35,GEN-0,Subcontract,Install ground floor sealing membrane,130.96,354,130.96,484.96,464.41,-20.55,-4.2,479.6,464.41,5,23.22,Paid,EUR,2015-04-07,
0NBaWgZEHDGOjCoS61inko,IFCCOVERING,Ground Floor,,General/Site,Roof,Interior,1,N,39,Original,,UITVOERING,Complete,General/Site,100,Low,N,8 hrs (1 day),1,Main Contractor,1.0031,35,,,35,GEN-0,Subcontract,Install ground floor sealing membrane,130.96,354,130.96,484.96,464.41,-20.55,-4.2,479.6,464.41,5,23.22,Paid,EUR,2015-04-07,
1vP7es3_fDaejmFjRXxFjf,IFCCOVERING,Ground Floor,Apartment 1,General/Site,Roof,Interior,1,N,39,Original,,UITVOERING,Complete,General/Site,100,Low,N,8 hrs (1 day),1,Main Contractor,1.0031,35,,,35,GEN-0,Subcontract,Install ground floor sealing membrane,130.96,354,130.96,484.96,464.41,-20.55,-4.2,479.6,464.41,5,23.22,Paid,EUR,2015-04-07,
1kfeMatBX359yi0X0rNgq1,IFCCOVERING,Ground Floor,Apartment 1,General/Site,Roof,Interior,1,N,39,Original,,UITVOERING,Complete,General/Site,100,Low,N,8 hrs (1 day),1,Main Contractor,1.0031,35,,,35,GEN-0,Subcontract,Install ground floor sealing membrane,130.96,354,130.96,484.96,464.41,-20.55,-4.2,479.6,464.41,5,23.22,Paid,EUR,2015-04-07,
1lc79dIoD8UxshzhmXFF4R,IFCCOVERING,Ground Floor,Apartment 1,General/Site,Roof,Interior,1,N,39,Original,,UITVOERING,Complete,General/Site,100,Low,N,8 hrs (1 day),1,Main Contractor,1.0031,35,,,35,GEN-0,Subcontract,Install ground floor sealing membrane,130.96,354,130.96,484.96,464.41,-20.55,-4.2,479.6,464.41,5,23.22,Paid,EUR,2015-04-07,
2jxHTeORDBtfrdAmhYomAJ,IFCCOVERING,Ground Floor,,General/Site,Roof,Interior,1,N,39,Original,,UITVOERING,Complete,General/Site,100,Low,N,8 hrs (1 day),1,Main Contractor,1.0031,35,,,35,GEN-0,Subcontract,Install ground floor sealing membrane,130.96,354,130.96,484.96,464.41,-20.55,-4.2,479.6,464.41,5,23.22,Paid,EUR,2015-04-07,
2oGuM38Qz78ODUKOfCB2Dt,IFCCOVERING,Ground Floor,Apartment 1,General/Site,Roof,Interior,1,N,39,Original,,UITVOERING,Complete,General/Site,100,Low,N,8 hrs (1 day),1,Main Contractor,1.0031,35,,,35,GEN-0,Subcontract,Install ground floor sealing membrane,130.96,354,130.96,484.96,464.41,-20.55,-4.2,479.6,464.41,5,23.22,Paid,EUR,2015-04-07,
099D7ZtFb1hufN_3w3DMzZ,IFCCOVERING,Ground Floor,,General/Site,Roof,Interior,1,N,39,Original,,UITVOERING,Complete,General/Site,100,Low,N,8 hrs (1 day),1,Main Contractor,1.0031,35,,,35,GEN-0,Subcontract,Install ground floor sealing membrane,130.96,354,130.96,484.96,464.41,-20.55,-4.2,479.6,464.41,5,23.22,Paid,EUR,2015-04-07,
0UQV07lBP76BzsyFYucDre,IFCCOVERING,Ground Floor,,General/Site,Roof,Interior,1,N,39,Original,,UITVOERING,Complete,General/Site,100,Low,N,8 hrs (1 day),1,Main Contractor,1.0031,35,,,35,GEN-0,Subcontract,Install ground floor sealing membrane,130.96,354,130.96,484.96,464.41,-20.55,-4.2,479.6,464.41,5,23.22,Paid,EUR,2015-04-07,
0VATVlRb19yfxAXdeM2XKA,IFCCOVERING,Ground Floor,,General/Site,Roof,Interior,1,N,39,Original,,UITVOERING,Complete,General/Site,100,Low,N,8 hrs (1 day),1,Main Contractor,1.0031,35,,,35,GEN-0,Subcontract,Install ground floor sealing membrane,130.96,354,130.96,484.96,464.41,-20.55,-4.2,479.6,464.41,5,23.22,Paid,EUR,2015-04-07,
2zuuY$yE97E8B0IIRLN3Hp,IFCCOVERING,Ground Floor,Apartment 3,General/Site,Roof,Interior,1,N,39,Original,,UITVOERING,Complete,General/Site,100,Low,N,8 hrs (1 day),1,Main Contractor,1.0031,35,,,35,GEN-0,Subcontract,Install ground floor sealing membrane,130.96,354,130.96,484.96,464.41,-20.55,-4.2,479.6,464.41,5,23.22,Paid,EUR,2015-04-07,
02AP6fTg9CIxeYIOpMoqLB,IFCCOVERING,Ground Floor,Apartment 3,General/Site,Roof,Interior,1,N,39,Original,,UITVOERING,Complete,General/Site,100,Low,N,8 hrs (1 day),1,Main Contractor,1.0031,35,,,35,GEN-0,Subcontract,Install ground floor sealing membrane,130.96,354,130.96,484.96,464.41,-20.55,-4.2,479.6,464.41,5,23.22,Paid,EUR,2015-04-07,
1PxVK$n6DAPfpuHK5rhWCm,IFCCOVERING,Ground Floor,,General/Site,Roof,Interior,1,N,39,Original,,UITVOERING,Complete,General/Site,100,Low,N,8 hrs (1 day),1,Main Contractor,1.0031,35,,,35,GEN-0,Subcontract,Install ground floor sealing membrane,130.96,354,130.96,484.96,464.41,-20.55,-4.2,479.6,464.41,5,23.22,Paid,EUR,2015-04-07,
0mT$Rs_TP7KhKkbup_b3$B,IFCCOVERING,Ground Floor,Apartment 2,General/Site,Roof,Interior,1,N,39,Original,,UITVOERING,Complete,General/Site,100,Low,N,8 hrs (1 day),1,Main Contractor,1.0031,35,,,35,GEN-0,Subcontract,Install ground floor sealing membrane,130.96,354,130.96,484.96,464.41,-20.55,-4.2,479.6,464.41,5,23.22,Paid,EUR,2015-04-07,
38d$pyjuD07P1Gq8jWu0RT,IFCCOVERING,Ground Floor,Apartment 1,General/Site,Roof,Interior,1,N,39,Original,,UITVOERING,Complete,General/Site,100,Low,N,8 hrs (1 day),1,Main Contractor,1.0031,35,,,35,GEN-0,Subcontract,Install ground floor sealing membrane,130.96,354,130.96,484.96,464.41,-20.55,-4.2,479.6,464.41,5,23.22,Paid,EUR,2015-04-07,
2leudFn4L5D80NgD70QX_z,IFCCOVERING,Ground Floor,Apartment 1,General/Site,Roof,Interior,1,N,39,Original,,UITVOERING,Complete,General/Site,100,Low,N,8 hrs (1 day),1,Main Contractor,1.0031,35,,,35,GEN-0,Subcontract,Install ground floor sealing membrane,130.96,354,130.96,484.96,464.41,-20.55,-4.2,479.6,464.41,5,23.22,Paid,EUR,2015-04-07,
1mOzw6XMjCJfpynvRPT1Cz,IFCCOVERING,Ground Floor,Apartment 1,General/Site,Roof,Interior,1,N,39,Original,,UITVOERING,Complete,General/Site,100,Low,N,8 hrs (1 day),1,Main Contractor,1.0031,35,,,35,GEN-0,Subcontract,Install ground floor sealing membrane,130.96,354,130.96,484.96,464.41,-20.55,-4.2,479.6,464.41,5,23.22,Paid,EUR,2015-04-07,
2kltNa7Yf4euGd1IofjwnO,IFCCOVERING,Ground Floor,Apartment 1,General/Site,Roof,Interior,1,N,39,Original,,UITVOERING,Complete,General/Site,100,Low,N,8 hrs (1 day),1,Main Contractor,1.0031,35,,,35,GEN-0,Subcontract,Install ground floor sealing membrane,130.96,354,130.96,484.96,464.41,-20.55,-4.2,479.6,464.41,5,23.22,Paid,EUR,2015-04-07,
1SaZ7ED7D7kAPv$L$IVKaa,IFCCOVERING,Ground Floor,Apartment 1,General/Site,Roof,Interior,1,N,39,Original,,UITVOERING,Complete,General/Site,100,Low,N,8 hrs (1 day),1,Main Contractor,1.0031,35,,,35,GEN-0,Subcontract,Install ground floor sealing membrane,130.96,354,130.96,484.96,464.41,-20.55,-4.2,479.6,464.41,5,23.22,Paid,EUR,2015-04-07,
10nNL1Tz980wuinCcykWNM,IFCCOVERING,Ground Floor,Apartment 1,General/Site,Roof,Interior,1,N,39,Original,,UITVOERING,Complete,General/Site,100,Low,N,8 hrs (1 day),1,Main Contractor,1.0031,35,,,35,GEN-0,Subcontract,Install ground floor sealing membrane,130.96,354,130.96,484.96,464.41,-20.55,-4.2,479.6,464.41,5,23.22,Paid,EUR,2015-04-07,
15Z3WayYHCXwn9DFh1N60W,IFCCOVERING,Ground Floor,,General/Site,Roof,Interior,1,N,39,Original,,UITVOERING,Complete,General/Site,100,Low,N,8 hrs (1 day),1,Main Contractor,1.0031,35,,,35,GEN-0,Subcontract,Install ground floor sealing membrane,130.96,354,130.96,484.96,464.41,-20.55,-4.2,479.6,464.41,5,23.22,Paid,EUR,2015-04-07,
1wX4XbAN117wjbmE5FFKEn,IFCCOVERING,Ground Floor,,General/Site,Roof,Interior,1,N,39,Original,,UITVOERING,Complete,General/Site,100,Low,N,8 hrs (1 day),1,Main Contractor,1.0031,35,,,35,GEN-0,Subcontract,Install ground floor sealing membrane,130.96,354,130.96,484.96,464.41,-20.55,-4.2,479.6,464.41,5,23.22,Paid,EUR,2015-04-07,
3YLr44W_T0$hR$y7rYh5os,IFCCOVERING,Ground Floor,Apartment 1,General/Site,Roof,Interior,1,N,39,Original,,UITVOERING,Complete,General/Site,100,Low,N,8 hrs (1 day),1,Main Contractor,1.0031,35,,,35,GEN-0,Subcontract,Install ground floor sealing membrane,130.96,354,130.96,484.96,464.41,-20.55,-4.2,479.6,464.41,5,23.22,Paid,EUR,2015-04-07,
2kq7NBIADBvQW4LixxXAEg,IFCCOVERING,Ground Floor,Apartment 2,General/Site,Roof,Interior,1,N,39,Original,,UITVOERING,Complete,General/Site,100,Low,N,8 hrs (1 day),1,Main Contractor,1.0031,35,,,35,GEN-0,Subcontract,Install ground floor sealing membrane,130.96,354,130.96,484.96,464.41,-20.55,-4.2,479.6,464.41,5,23.22,Paid,EUR,2015-04-07,
0hnqG_3NH16uHY$_z75_Xs,IFCCOVERING,Ground Floor,Apartment 2,General/Site,Roof,Interior,1,N,39,Original,,UITVOERING,Complete,General/Site,100,Low,N,8 hrs (1 day),1,Main Contractor,1.0031,35,,,35,GEN-0,Subcontract,Install ground floor sealing membrane,130.96,354,130.96,484.96,464.41,-20.55,-4.2,479.6,464.41,5,23.22,Paid,EUR,2015-04-07,
3sKQ6QuHD31wtOK0FcID0a,IFCCOVERING,Ground Floor,,General/Site,Roof,Interior,1,N,39,Original,,UITVOERING,Complete,General/Site,100,Low,N,8 hrs (1 day),1,Main Contractor,1.0031,35,,,35,GEN-0,Subcontract,Install ground floor sealing membrane,130.96,354,130.96,484.96,464.41,-20.55,-4.2,479.6,464.41,5,23.22,Paid,EUR,2015-04-07,
24M4p$F1r119ERlviSxE9S,IFCCOVERING,Ground Floor,,General/Site,Roof,Interior,1,N,39,Original,,UITVOERING,Complete,General/Site,100,Low,N,8 hrs (1 day),1,Main Contractor,1.0031,35,,,35,GEN-0,Subcontract,Install ground floor sealing membrane,130.96,354,130.96,484.96,464.41,-20.55,-4.2,479.6,464.41,5,23.22,Paid,EUR,2015-04-07,
06TesYVdv1thCfCzos6o8w,IFCCOVERING,Ground Floor,,General/Site,Roof,Interior,1,N,39,Original,,UITVOERING,Complete,General/Site,100,Low,N,8 hrs (1 day),1,Main Contractor,1.0031,35,,,35,GEN-0,Subcontract,Install ground floor sealing membrane,130.96,354,130.96,484.96,464.41,-20.55,-4.2,479.6,464.41,5,23.22,Paid,EUR,2015-04-07,
3edVe95sb3vvS_YOfOgGZs,IFCCOVERING,Ground Floor,Apartment 3,General/Site,Roof,Interior,1,N,39,Original,,UITVOERING,Complete,General/Site,100,Low,N,8 hrs (1 day),1,Main Contractor,1.0031,35,,,35,GEN-0,Subcontract,Install ground floor sealing membrane,130.96,354,130.96,484.96,464.41,-20.55,-4.2,479.6,464.41,5,23.22,Paid,EUR,2015-04-07,
1irJfj0SL4w8anti8iD4WI,IFCCOVERING,Ground Floor,Apartment 3,General/Site,Roof,Interior,1,N,39,Original,,UITVOERING,Complete,General/Site,100,Low,N,8 hrs (1 day),1,Main Contractor,1.0031,35,,,35,GEN-0,Subcontract,Install ground floor sealing membrane,130.96,354,130.96,484.96,464.41,-20.55,-4.2,479.6,464.41,5,23.22,Paid,EUR,2015-04-07,
25kXaLNpT1OR34GA9k_5Ae,IFCCOVERING,Ground Floor,Apartment 3,General/Site,Roof,Interior,1,N,39,Original,,UITVOERING,Complete,General/Site,100,Low,N,8 hrs (1 day),1,Main Contractor,1.0031,35,,,35,GEN-0,Subcontract,Install ground floor sealing membrane,130.96,354,130.96,484.96,464.41,-20.55,-4.2,479.6,464.41,5,23.22,Paid,EUR,2015-04-07,
3uxePrXKL1aeKORMVWqAaA,IFCCOVERING,Ground Floor,Apartment 3,General/Site,Roof,Interior,1,N,39,Original,,UITVOERING,Complete,General/Site,100,Low,N,8 hrs (1 day),1,Main Contractor,1.0031,35,,,35,GEN-0,Subcontract,Install ground floor sealing membrane,130.96,354,130.96,484.96,464.41,-20.55,-4.2,479.6,464.41,5,23.22,Paid,EUR,2015-04-07,
2$A8QMu6b0AxOPvjvu_uek,IFCCOVERING,Ground Floor,Apartment 3,General/Site,Roof,Interior,1,N,39,Original,,UITVOERING,Complete,General/Site,100,Low,N,8 hrs (1 day),1,Main Contractor,1.0031,35,,,35,GEN-0,Subcontract,Install ground floor sealing membrane,130.96,354,130.96,484.96,464.41,-20.55,-4.2,479.6,464.41,5,23.22,Paid,EUR,2015-04-07,
1iiy5t2oz5UOb8YV1F2ogG,IFCCOVERING,Ground Floor,Apartment 3,General/Site,Roof,Interior,1,N,39,Original,,UITVOERING,Complete,General/Site,100,Low,N,8 hrs (1 day),1,Main Contractor,1.0031,35,,,35,GEN-0,Subcontract,Install ground floor sealing membrane,130.96,354,130.96,484.96,464.41,-20.55,-4.2,479.6,464.41,5,23.22,Paid,EUR,2015-04-07,
1b_sCPJHb0$Al1kVaf8RIi,IFCCOVERING,Ground Floor,Apartment 3,General/Site,Roof,Interior,1,N,39,Original,,UITVOERING,Complete,General/Site,100,Low,N,8 hrs (1 day),1,Main Contractor,1.0031,35,,,35,GEN-0,Subcontract,Install ground floor sealing membrane,130.96,354,130.96,484.96,464.41,-20.55,-4.2,479.6,464.41,5,23.22,Paid,EUR,2015-04-07,
1HEqRkPF16if1EayCMc3bN,IFCCOVERING,Ground Floor,Apartment 3,General/Site,Roof,Interior,1,N,39,Original,,UITVOERING,Complete,General/Site,100,Low,N,8 hrs (1 day),1,Main Contractor,1.0031,35,,,35,GEN-0,Subcontract,Install ground floor sealing membrane,130.96,354,130.96,484.96,464.41,-20.55,-4.2,479.6,464.41,5,23.22,Paid,EUR,2015-04-07,
3$Xo5rOc162AeEmyfcO6JY,IFCCOVERING,Ground Floor,Apartment 3,General/Site,Roof,Interior,1,N,39,Original,,UITVOERING,Complete,General/Site,100,Low,N,8 hrs (1 day),1,Main Contractor,1.0031,35,,,35,GEN-0,Subcontract,Install ground floor sealing membrane,130.96,354,130.96,484.96,464.41,-20.55,-4.2,479.6,464.41,5,23.22,Paid,EUR,2015-04-07,
0k5MwELanB5fOuvMIKEiXc,IFCCOVERING,Ground Floor,Apartment 3,General/Site,Roof,Interior,1,N,39,Original,,UITVOERING,Complete,General/Site,100,Low,N,8 hrs (1 day),1,Main Contractor,1.0031,35,,,35,GEN-0,Subcontract,Install ground floor sealing membrane,130.96,354,130.96,484.96,464.41,-20.55,-4.2,479.6,464.41,5,23.22,Paid,EUR,2015-04-07,
0RnUSCUeb2IfcMaUJY3dSo,IFCCOVERING,Ground Floor,,General/Site,Roof,Interior,1,N,39,Original,,UITVOERING,Complete,General/Site,100,Low,N,8 hrs (1 day),1,Main Contractor,1.0031,35,,,35,GEN-0,Subcontract,Install ground floor sealing membrane,130.96,354,130.96,484.96,464.41,-20.55,-4.2,479.6,464.41,5,23.22,Paid,EUR,2015-04-07,
25W5V2ZsTFixgbogqNteUw,IFCCOVERING,Ground Floor,,General/Site,Roof,Interior,1,N,39,Original,,UITVOERING,Complete,General/Site,100,Low,N,8 hrs (1 day),1,Main Contractor,1.0031,35,,,35,GEN-0,Subcontract,Install ground floor sealing membrane,130.96,354,130.96,484.96,464.41,-20.55,-4.2,479.6,464.41,5,23.22,Paid,EUR,2015-04-07,
2Yt8ZSuZn3sPcoX7XVxuze,IFCCOVERING,First Floor,,General/Site,Roof,Interior,0,,,,,,,,,,,,,,,,,,,,,,,,,,,,,,,,,,,,
1OZNZZELX0XwCImA4RYeiR,IFCCOVERING,First Floor,,General/Site,Roof,Interior,0,,,,,,,,,,,,,,,,,,,,,,,,,,,,,,,,,,,,
3GJPu5kxLBvf0Insmlf5PM,IFCCOVERING,First Floor,,General/Site,Roof,Interior,0,,,,,,,,,,,,,,,,,,,,,,,,,,,,,,,,,,,,
1bTVs4k5XB$fFgNZHol6cv,IFCCOVERING,First Floor,,General/Site,Roof,Interior,0,,,,,,,,,,,,,,,,,,,,,,,,,,,,,,,,,,,,
2$sak5qWL2q8AayR67Dy$g,IFCCOVERING,First Floor,,General/Site,Roof,Interior,0,,,,,,,,,,,,,,,,,,,,,,,,,,,,,,,,,,,,
3GYOc6f5v3jOhImzWIofdL,IFCCOVERING,First Floor,,General/Site,Roof,Interior,0,,,,,,,,,,,,,,,,,,,,,,,,,,,,,,,,,,,,
0WHRbm10D7muBvYq0dF24R,IFCCOVERING,First Floor,,General/Site,Roof,Interior,0,,,,,,,,,,,,,,,,,,,,,,,,,,,,,,,,,,,,
1Ck68Did9E4B2fA9fyUEXs,IFCCOVERING,First Floor,,General/Site,Roof,Interior,0,,,,,,,,,,,,,,,,,,,,,,,,,,,,,,,,,,,,
3b41GOPlH4X9uO1ucau44K,IFCCOVERING,First Floor,,General/Site,Roof,Interior,0,,,,,,,,,,,,,,,,,,,,,,,,,,,,,,,,,,,,
35sAWZR6bDMRrY8uivI1iM,IFCCOVERING,First Floor,,General/Site,Roof,Interior,0,,,,,,,,,,,,,,,,,,,,,,,,,,,,,,,,,,,,
35JM_qF093s8yLaLO1uiYc,IFCCOVERING,First Floor,,General/Site,Roof,Interior,0,,,,,,,,,,,,,,,,,,,,,,,,,,,,,,,,,,,,
2GTbEneYj79xLXxpgN8Jiz,IFCCOVERING,First Floor,,General/Site,Roof,Interior,0,,,,,,,,,,,,,,,,,,,,,,,,,,,,,,,,,,,,
19ad1u4bjB19T4Oy8Xd_Xy,IFCCOVERING,First Floor,,General/Site,Roof,Interior,0,,,,,,,,,,,,,,,,,,,,,,,,,,,,,,,,,,,,
0cvbypZZTEfOd$plu0l_E0,IFCCOVERING,First Floor,,General/Site,Roof,Interior,0,,,,,,,,,,,,,,,,,,,,,,,,,,,,,,,,,,,,
1foRFZ_wb0X9VPnSZX6AgO,IFCCOVERING,First Floor,,General/Site,Roof,Interior,0,,,,,,,,,,,,,,,,,,,,,,,,,,,,,,,,,,,,
2FFdH9XVzCpBfbvDlHuTHe,IFCCOVERING,First Floor,,General/Site,Roof,Interior,0,,,,,,,,,,,,,,,,,,,,,,,,,,,,,,,,,,,,
0XJbqTCUb1Mfg6xCyGDt0J,IFCCOVERING,First Floor,,General/Site,Roof,Interior,0,,,,,,,,,,,,,,,,,,,,,,,,,,,,,,,,,,,,
3sMAjbPMf6S8WJzjjX5v9R,IFCCOVERING,First Floor,,General/Site,Roof,Interior,0,,,,,,,,,,,,,,,,,,,,,,,,,,,,,,,,,,,,
2uRAATSq1CaBQDXhlDaB$n,IFCCOVERING,First Floor,,General/Site,Roof,Interior,0,,,,,,,,,,,,,,,,,,,,,,,,,,,,,,,,,,,,
3IkOzqNc96T8R$0Xjbgh7t,IFCCOVERING,First Floor,,General/Site,Roof,Interior,0,,,,,,,,,,,,,,,,,,,,,,,,,,,,,,,,,,,,
3CqtPNXCP7fwM3faGkw2Gf,IFCCOVERING,First Floor,,General/Site,Roof,Interior,0,,,,,,,,,,,,,,,,,,,,,,,,,,,,,,,,,,,,
2z3oZcqgHDeBN1U8yocAmc,IFCCOVERING,First Floor,,General/Site,Roof,Interior,0,,,,,,,,,,,,,,,,,,,,,,,,,,,,,,,,,,,,
3uxlWIT193ngNVyN6msB1q,IFCCOVERING,First Floor,,General/Site,Roof,Interior,0,,,,,,,,,,,,,,,,,,,,,,,,,,,,,,,,,,,,
3INx$bNv51UAf8M55OdhQj,IFCCOVERING,First Floor,,General/Site,Roof,Interior,0,,,,,,,,,,,,,,,,,,,,,,,,,,,,,,,,,,,,
3DfKkZKSDAXvDjeZ9ivXuC,IFCCOVERING,First Floor,,General/Site,Roof,Interior,0,,,,,,,,,,,,,,,,,,,,,,,,,,,,,,,,,,,,
2i8QzWRNPBw8PJKRvI47QC,IFCCOVERING,First Floor,,General/Site,Roof,Interior,0,,,,,,,,,,,,,,,,,,,,,,,,,,,,,,,,,,,,
2G6lQ95FPBqvla$IXbFUxb,IFCCOVERING,First Floor,,General/Site,Roof,Interior,0,,,,,,,,,,,,,,,,,,,,,,,,,,,,,,,,,,,,
1JdNK56yH2MfZU69$ODUDl,IFCCOVERING,First Floor,,General/Site,Roof,Interior,0,,,,,,,,,,,,,,,,,,,,,,,,,,,,,,,,,,,,
0Cp5JUscrBswxyq7gaT1bs,IFCCOVERING,First Floor,,General/Site,Roof,Interior,0,,,,,,,,,,,,,,,,,,,,,,,,,,,,,,,,,,,,
2WePGJIkTE98lz29UD$HzT,IFCCOVERING,First Floor,,General/Site,Roof,Interior,0,,,,,,,,,,,,,,,,,,,,,,,,,,,,,,,,,,,,
2P6wPbxc91mwatfXb1WD2v,IFCCOVERING,First Floor,,General/Site,Roof,Interior,0,,,,,,,,,,,,,,,,,,,,,,,,,,,,,,,,,,,,
2lscuoMs9B8gEA_Af43mvB,IFCCOVERING,First Floor,,General/Site,Roof,Interior,0,,,,,,,,,,,,,,,,,,,,,,,,,,,,,,,,,,,,
1Vuvsl0V50eR798emqSXKI,IFCCOVERING,First Floor,,General/Site,Roof,Interior,0,,,,,,,,,,,,,,,,,,,,,,,,,,,,,,,,,,,,
2hvpvsxF9EtQcx932AzaCs,IFCCOVERING,First Floor,,General/Site,Roof,Interior,0,,,,,,,,,,,,,,,,,,,,,,,,,,,,,,,,,,,,
17FgCgOj1AWxEkDCNKnx4j,IFCCOVERING,First Floor,,General/Site,Roof,Interior,0,,,,,,,,,,,,,,,,,,,,,,,,,,,,,,,,,,,,
0AofIsg4r8DglvfkS$opEm,IFCCOVERING,First Floor,,General/Site,Roof,Interior,0,,,,,,,,,,,,,,,,,,,,,,,,,,,,,,,,,,,,
0cbTUdrIX8OwIrU2VSaQUm,IFCCOVERING,First Floor,,General/Site,Roof,Interior,0,,,,,,,,,,,,,,,,,,,,,,,,,,,,,,,,,,,,
32kWVqwOLABB2WhehE8BWF,IFCCOVERING,First Floor,,General/Site,Roof,Interior,0,,,,,,,,,,,,,,,,,,,,,,,,,,,,,,,,,,,,
170xGwZ3n63ADCoe9qdg_h,IFCCOVERING,First Floor,,General/Site,Roof,Interior,0,,,,,,,,,,,,,,,,,,,,,,,,,,,,,,,,,,,,
17xGjrW1zASOA17QWHquI5,IFCCOVERING,First Floor,,General/Site,Roof,Interior,0,,,,,,,,,,,,,,,,,,,,,,,,,,,,,,,,,,,,
0OrxX4Pjf0VhIuPu2Q_Bh6,IFCCOVERING,First Floor,,General/Site,Roof,Interior,0,,,,,,,,,,,,,,,,,,,,,,,,,,,,,,,,,,,,
0oXXd01C14k9HYVVsO1hL_,IFCCOVERING,First Floor,,General/Site,Roof,Interior,0,,,,,,,,,,,,,,,,,,,,,,,,,,,,,,,,,,,,
3mQatHsMn0N8AZptiXou6P,IFCCOVERING,First Floor,,General/Site,Roof,Interior,0,,,,,,,,,,,,,,,,,,,,,,,,,,,,,,,,,,,,
0NaYvd00T0beaNe$aa5rg_,IFCCOVERING,First Floor,,General/Site,Roof,Interior,0,,,,,,,,,,,,,,,,,,,,,,,,,,,,,,,,,,,,
2_aINKuYjFsQg1_65zaa$9,IFCCOVERING,First Floor,,General/Site,Roof,Interior,0,,,,,,,,,,,,,,,,,,,,,,,,,,,,,,,,,,,,
1ObIqJw7rFy9OY6yKz5MQ3,IFCCOVERING,First Floor,,General/Site,Roof,Interior,0,,,,,,,,,,,,,,,,,,,,,,,,,,,,,,,,,,,,
0fChCulg96eO$6aP86Jn$j,IFCCOVERING,First Floor,,General/Site,Roof,Interior,0,,,,,,,,,,,,,,,,,,,,,,,,,,,,,,,,,,,,
3HrKqMLlj3sOIsPF1bovZS,IFCCOVERING,First Floor,,General/Site,Roof,Interior,0,,,,,,,,,,,,,,,,,,,,,,,,,,,,,,,,,,,,
3z8Fs6pIX9EPwoqYt0JHPY,IFCCOVERING,First Floor,,General/Site,Roof,Interior,0,,,,,,,,,,,,,,,,,,,,,,,,,,,,,,,,,,,,
2dVpD4FC1858RqVi$M8ZWM,IFCCOVERING,First Floor,,General/Site,Roof,Interior,0,,,,,,,,,,,,,,,,,,,,,,,,,,,,,,,,,,,,
2UgpVLUffE4PH7SbkNj5E$,IFCCOVERING,First Floor,,General/Site,Roof,Interior,0,,,,,,,,,,,,,,,,,,,,,,,,,,,,,,,,,,,,
1SMsfaxcr5kg_SP0691Gnm,IFCCOVERING,First Floor,,General/Site,Roof,Interior,0,,,,,,,,,,,,,,,,,,,,,,,,,,,,,,,,,,,,
3KybCjw2rDie4$Ag$hObNx,IFCCOVERING,First Floor,,General/Site,Roof,Interior,0,,,,,,,,,,,,,,,,,,,,,,,,,,,,,,,,,,,,
0bdU_rPrL4NRYla5Xz0PS6,IFCCOVERING,First Floor,,General/Site,Roof,Interior,0,,,,,,,,,,,,,,,,,,,,,,,,,,,,,,,,,,,,
2PPcYTdUDFufh9f6t76mfR,IFCCOVERING,First Floor,,General/Site,Roof,Interior,0,,,,,,,,,,,,,,,,,,,,,,,,,,,,,,,,,,,,
2YlG6DNuXEsR_m12gtEuL7,IFCCOVERING,First Floor,,General/Site,Roof,Interior,0,,,,,,,,,,,,,,,,,,,,,,,,,,,,,,,,,,,,
2fLq_DnNr4xe7m6OLMvxRO,IFCCOVERING,First Floor,,General/Site,Roof,Interior,0,,,,,,,,,,,,,,,,,,,,,,,,,,,,,,,,,,,,
1dh3Rm96T0KBiNV4YREjkf,IFCCOVERING,First Floor,,General/Site,Roof,Interior,0,,,,,,,,,,,,,,,,,,,,,,,,,,,,,,,,,,,,
39_N4owkz2_PIwMtC0YzzJ,IFCCOVERING,First Floor,,General/Site,Roof,Interior,0,,,,,,,,,,,,,,,,,,,,,,,,,,,,,,,,,,,,
1$zIItsnfC0Pb7rBOvl1Et,IFCCOVERING,First Floor,,General/Site,Roof,Interior,0,,,,,,,,,,,,,,,,,,,,,,,,,,,,,,,,,,,,
1V0z3AM4X0pfYdkhj$FP0B,IFCCOVERING,First Floor,,General/Site,Roof,Interior,0,,,,,,,,,,,,,,,,,,,,,,,,,,,,,,,,,,,,
3f4JHvusn5YfqFJdcA33Jh,IFCCOVERING,First Floor,,General/Site,Roof,Interior,0,,,,,,,,,,,,,,,,,,,,,,,,,,,,,,,,,,,,
3ZXRWgKsj4gvuw5hS0uiF_,IFCCOVERING,First Floor,,General/Site,Roof,Interior,0,,,,,,,,,,,,,,,,,,,,,,,,,,,,,,,,,,,,
21oQ3BxYz2_gYi_AADd26p,IFCCOVERING,First Floor,,General/Site,Roof,Interior,0,,,,,,,,,,,,,,,,,,,,,,,,,,,,,,,,,,,,
21JlL31CnAuxjs7XNVWPQm,IFCCOVERING,First Floor,,General/Site,Roof,Interior,0,,,,,,,,,,,,,,,,,,,,,,,,,,,,,,,,,,,,
1yUnbMngL2IOZVI7pqk0W9,IFCCOVERING,First Floor,,General/Site,Roof,Interior,0,,,,,,,,,,,,,,,,,,,,,,,,,,,,,,,,,,,,
0n$SsfOAv1_xergLljtKQ1,IFCCOVERING,First Floor,,General/Site,Roof,Interior,0,,,,,,,,,,,,,,,,,,,,,,,,,,,,,,,,,,,,
1Dtu9vg8r8AxuZpgexvX$t,IFCCOVERING,First Floor,,General/Site,Roof,Interior,0,,,,,,,,,,,,,,,,,,,,,,,,,,,,,,,,,,,,
1Fc8tgPsz3M8_u8HKDjKhS,IFCCOVERING,First Floor,,General/Site,Roof,Interior,0,,,,,,,,,,,,,,,,,,,,,,,,,,,,,,,,,,,,
31Guep27XBugy1wxllwitf,IFCCOVERING,First Floor,,General/Site,Roof,Interior,0,,,,,,,,,,,,,,,,,,,,,,,,,,,,,,,,,,,,
1HRHuOChTEnwF5I0bHkFsT,IFCCOVERING,First Floor,,General/Site,Roof,Interior,0,,,,,,,,,,,,,,,,,,,,,,,,,,,,,,,,,,,,
2oL7X5mKr9bwjp_qoAJBRw,IFCCOVERING,First Floor,,General/Site,Roof,Interior,0,,,,,,,,,,,,,,,,,,,,,,,,,,,,,,,,,,,,
08TRwy5zH2XOmXsTzIRyne,IFCCOVERING,First Floor,,General/Site,Roof,Interior,0,,,,,,,,,,,,,,,,,,,,,,,,,,,,,,,,,,,,
3OpJquxb920folUBQFnHnR,IFCCOVERING,First Floor,,General/Site,Roof,Interior,0,,,,,,,,,,,,,,,,,,,,,,,,,,,,,,,,,,,,
10vwEi4PL7R957Ao$QN0VF,IFCCOVERING,First Floor,,General/Site,Roof,Interior,0,,,,,,,,,,,,,,,,,,,,,,,,,,,,,,,,,,,,
0RKZ1T3ev9Ku2b$B8li20l,IFCCOVERING,First Floor,,General/Site,Roof,Interior,0,,,,,,,,,,,,,,,,,,,,,,,,,,,,,,,,,,,,
3LTKMCeajCDfRLs7Ca04Tp,IFCCOVERING,First Floor,,General/Site,Roof,Interior,0,,,,,,,,,,,,,,,,,,,,,,,,,,,,,,,,,,,,
3cpxkAv$10$PgDeMJwfCPL,IFCCOVERING,First Floor,,General/Site,Roof,Interior,0,,,,,,,,,,,,,,,,,,,,,,,,,,,,,,,,,,,,
3FoypEz3L1afXc_6qgavRq,IFCCOVERING,First Floor,,General/Site,Roof,Interior,0,,,,,,,,,,,,,,,,,,,,,,,,,,,,,,,,,,,,
2wNbDgKcj8JBeaqMAeU1Zg,IFCCOVERING,First Floor,,General/Site,Roof,Interior,0,,,,,,,,,,,,,,,,,,,,,,,,,,,,,,,,,,,,
0tVNhKdXX6iRrAd1v9PFLt,IFCCOVERING,First Floor,,General/Site,Roof,Interior,0,,,,,,,,,,,,,,,,,,,,,,,,,,,,,,,,,,,,
1JDR_1TC5CLv5mIC0n42pj,IFCCOVERING,First Floor,,General/Site,Roof,Interior,0,,,,,,,,,,,,,,,,,,,,,,,,,,,,,,,,,,,,
0aPhR8leT20hF96pIUEO5o,IFCCOVERING,First Floor,,General/Site,Roof,Interior,0,,,,,,,,,,,,,,,,,,,,,,,,,,,,,,,,,,,,
0w8l8sxGf2ChmdtOf8DRFQ,IFCCOVERING,First Floor,,General/Site,Roof,Interior,0,,,,,,,,,,,,,,,,,,,,,,,,,,,,,,,,,,,,
0LMFw3$CP11eQyOyFpx56b,IFCCOVERING,First Floor,,General/Site,Roof,Interior,0,,,,,,,,,,,,,,,,,,,,,,,,,,,,,,,,,,,,
0LJYF2C4T9a8D4cGzuGC4O,IFCCOVERING,First Floor,,General/Site,Roof,Interior,0,,,,,,,,,,,,,,,,,,,,,,,,,,,,,,,,,,,,
3oLzKCfPH6txb7mMIAPQlw,IFCCOVERING,First Floor,,General/Site,Roof,Interior,0,,,,,,,,,,,,,,,,,,,,,,,,,,,,,,,,,,,,
28TwRgPBf0Dw3TgI_VPbfp,IFCCOVERING,First Floor,,General/Site,Roof,Interior,0,,,,,,,,,,,,,,,,,,,,,,,,,,,,,,,,,,,,
0yJedBOe16beS9_7mCiqJJ,IFCCOVERING,First Floor,,General/Site,Roof,Interior,0,,,,,,,,,,,,,,,,,,,,,,,,,,,,,,,,,,,,
34z7xXuPPDW87zaP5IVfw0,IFCCOVERING,First Floor,,General/Site,Roof,Interior,0,,,,,,,,,,,,,,,,,,,,,,,,,,,,,,,,,,,,
0BtjoSsUD44AJQnNSO7djo,IFCCOVERING,First Floor,,General/Site,Roof,Interior,0,,,,,,,,,,,,,,,,,,,,,,,,,,,,,,,,,,,,
0Y7_E9Q41D1OGCk6r_scqM,IFCCOVERING,First Floor,,General/Site,Roof,Interior,0,,,,,,,,,,,,,,,,,,,,,,,,,,,,,,,,,,,,
0DuzvdVuzFFQ8DZUdYbnaa,IFCCOVERING,First Floor,,General/Site,Roof,Interior,0,,,,,,,,,,,,,,,,,,,,,,,,,,,,,,,,,,,,
0rimlyz8L6sPbwfqNigbVm,IFCCOVERING,First Floor,,General/Site,Roof,Interior,0,,,,,,,,,,,,,,,,,,,,,,,,,,,,,,,,,,,,
2IhDlsyQ92mRGC$LrgFBU5,IFCCOVERING,First Floor,,General/Site,Roof,Interior,0,,,,,,,,,,,,,,,,,,,,,,,,,,,,,,,,,,,,
2RResjRXbFNR1haDgDFXFc,IFCCOVERING,First Floor,,General/Site,Roof,Interior,0,,,,,,,,,,,,,,,,,,,,,,,,,,,,,,,,,,,,
2pXTAYjP941Rdtj2yQ9mdR,IFCCOVERING,First Floor,,General/Site,Roof,Interior,0,,,,,,,,,,,,,,,,,,,,,,,,,,,,,,,,,,,,
1rTCV1PYv9FwGUZ8YS9K8Y,IFCCOVERING,First Floor,,General/Site,Roof,Interior,0,,,,,,,,,,,,,,,,,,,,,,,,,,,,,,,,,,,,
1sU45VbZjDeep3OnoPApSs,IFCCOVERING,First Floor,,General/Site,Roof,Interior,0,,,,,,,,,,,,,,,,,,,,,,,,,,,,,,,,,,,,
11gM1tAq54AhT_YU1Hg684,IFCCOVERING,First Floor,,General/Site,Roof,Interior,0,,,,,,,,,,,,,,,,,,,,,,,,,,,,,,,,,,,,
3Z2IaYz6L6Bu7aBHwfdkGF,IFCCOVERING,First Floor,,General/Site,Roof,Interior,0,,,,,,,,,,,,,,,,,,,,,,,,,,,,,,,,,,,,
1Il65gOCnF$hIa8tiNxeQK,IFCCOVERING,First Floor,,General/Site,Roof,Interior,0,,,,,,,,,,,,,,,,,,,,,,,,,,,,,,,,,,,,
089cpUZQjCx8BKKyNd2aQI,IFCCOVERING,First Floor,,General/Site,Roof,Interior,0,,,,,,,,,,,,,,,,,,,,,,,,,,,,,,,,,,,,
2FxI7SHGHB0BRsVpkHSiyF,IFCCOVERING,First Floor,,General/Site,Roof,Interior,0,,,,,,,,,,,,,,,,,,,,,,,,,,,,,,,,,,,,
0kV0clmE5E3vOSOgxD5nk3,IFCCOVERING,First Floor,,General/Site,Roof,Interior,0,,,,,,,,,,,,,,,,,,,,,,,,,,,,,,,,,,,,
3RowobfFD5GAQ0ZqXpmyu8,IFCCOVERING,First Floor,,General/Site,Roof,Interior,0,,,,,,,,,,,,,,,,,,,,,,,,,,,,,,,,,,,,
3AuSOzb05ETBCkVB2uaARm,IFCCOVERING,First Floor,,General/Site,Roof,Interior,0,,,,,,,,,,,,,,,,,,,,,,,,,,,,,,,,,,,,
1FqwrPu3f1XA2prZi_iJgV,IFCCOVERING,First Floor,,General/Site,Roof,Interior,0,,,,,,,,,,,,,,,,,,,,,,,,,,,,,,,,,,,,
1Le_dYOIDEghnYdjhn7rRy,IFCCOVERING,First Floor,,General/Site,Roof,Interior,0,,,,,,,,,,,,,,,,,,,,,,,,,,,,,,,,,,,,
3JRAoEEpT2SxcKwxxNFDth,IFCCOVERING,First Floor,,General/Site,Roof,Interior,0,,,,,,,,,,,,,,,,,,,,,,,,,,,,,,,,,,,,
1XXY9WUOTEKgS_fom2rIbi,IFCCOVERING,First Floor,,General/Site,Roof,Interior,0,,,,,,,,,,,,,,,,,,,,,,,,,,,,,,,,,,,,
0pOTiLV4f8sPaaSzeveSvS,IFCCOVERING,First Floor,,General/Site,Roof,Interior,0,,,,,,,,,,,,,,,,,,,,,,,,,,,,,,,,,,,,
2jigcolzv9$QeRoTZdu66y,IFCCOVERING,First Floor,,General/Site,Roof,Interior,0,,,,,,,,,,,,,,,,,,,,,,,,,,,,,,,,,,,,
3BYnWVy5XAW8dc0gN79St4,IFCCOVERING,First Floor,,General/Site,Roof,Interior,0,,,,,,,,,,,,,,,,,,,,,,,,,,,,,,,,,,,,
3s5Hs_jG95KRyeMrNYANQ5,IFCCOVERING,First Floor,,General/Site,Roof,Interior,0,,,,,,,,,,,,,,,,,,,,,,,,,,,,,,,,,,,,
3PdTXDECXBpw24P2utW5Lq,IFCCOVERING,First Floor,,General/Site,Roof,Interior,0,,,,,,,,,,,,,,,,,,,,,,,,,,,,,,,,,,,,
0AqLcmunn6fPgUIaWYqjrt,IFCCOVERING,First Floor,,General/Site,Roof,Interior,0,,,,,,,,,,,,,,,,,,,,,,,,,,,,,,,,,,,,
2qSHpPW053XAbTKEASJkQt,IFCCOVERING,First Floor,,General/Site,Roof,Interior,0,,,,,,,,,,,,,,,,,,,,,,,,,,,,,,,,,,,,
1Gz$aNhiX46uZ2kIHS6A4$,IFCCOVERING,First Floor,,General/Site,Roof,Interior,0,,,,,,,,,,,,,,,,,,,,,,,,,,,,,,,,,,,,
3v71gVY7HBtAb2tWYXdOg3,IFCCOVERING,First Floor,,General/Site,Roof,Interior,0,,,,,,,,,,,,,,,,,,,,,,,,,,,,,,,,,,,,
2MNoLmdST0gB1k1ha8dRRH,IFCCOVERING,First Floor,,General/Site,Roof,Interior,0,,,,,,,,,,,,,,,,,,,,,,,,,,,,,,,,,,,,
1lhtG8WpH9TgyVAK7hmr$C,IFCCOVERING,First Floor,,General/Site,Roof,Interior,0,,,,,,,,,,,,,,,,,,,,,,,,,,,,,,,,,,,,
2Rcjlb5nP3hv0sgvkOSFF3,IFCCOVERING,First Floor,,General/Site,Roof,Interior,0,,,,,,,,,,,,,,,,,,,,,,,,,,,,,,,,,,,,
1X0L1iySL0zPV8u7UuI3z8,IFCCOVERING,First Floor,,General/Site,Roof,Interior,0,,,,,,,,,,,,,,,,,,,,,,,,,,,,,,,,,,,,
1Z3u2xHoj4xuak$BDRjbYn,IFCCOVERING,First Floor,,General/Site,Roof,Interior,0,,,,,,,,,,,,,,,,,,,,,,,,,,,,,,,,,,,,
3NFZfS3FLBOh42HoJXrpRO,IFCCOVERING,First Floor,,General/Site,Roof,Interior,0,,,,,,,,,,,,,,,,,,,,,,,,,,,,,,,,,,,,
1h$joxVmv17gGmc8GSiG4s,IFCCOVERING,First Floor,,General/Site,Roof,Interior,0,,,,,,,,,,,,,,,,,,,,,,,,,,,,,,,,,,,,
1RjfOwL2X27gBAj_JDDrzY,IFCCOVERING,First Floor,,General/Site,Roof,Interior,0,,,,,,,,,,,,,,,,,,,,,,,,,,,,,,,,,,,,
2k61quJib60BdECkgtFwG9,IFCCOVERING,First Floor,,General/Site,Roof,Interior,0,,,,,,,,,,,,,,,,,,,,,,,,,,,,,,,,,,,,
2byQdPEt96tg_HJ80PfF8X,IFCCOVERING,First Floor,,General/Site,Roof,Interior,0,,,,,,,,,,,,,,,,,,,,,,,,,,,,,,,,,,,,
0V0i3PiaXFCxNA$vJ9OUvY,IFCCOVERING,First Floor,,General/Site,Roof,Interior,0,,,,,,,,,,,,,,,,,,,,,,,,,,,,,,,,,,,,
2SKBF5ytXEMhVA45DtpFHm,IFCCOVERING,First Floor,,General/Site,Roof,Interior,0,,,,,,,,,,,,,,,,,,,,,,,,,,,,,,,,,,,,
2zxTOubUb67uBpLBPeju7T,IFCCOVERING,First Floor,,General/Site,Roof,Interior,0,,,,,,,,,,,,,,,,,,,,,,,,,,,,,,,,,,,,
2$y5GIwOj6yxq93SG0Y2mc,IFCCOVERING,First Floor,,General/Site,Roof,Interior,0,,,,,,,,,,,,,,,,,,,,,,,,,,,,,,,,,,,,
07iVQKOB9EfvvsOb5j0_7m,IFCCOVERING,First Floor,,General/Site,Roof,Interior,0,,,,,,,,,,,,,,,,,,,,,,,,,,,,,,,,,,,,
1i6DR6fr563ubDz_9Z$444,IFCCOVERING,First Floor,,General/Site,Roof,Interior,0,,,,,,,,,,,,,,,,,,,,,,,,,,,,,,,,,,,,
0hQ1ZzN0D3Xvc5E9qAX0bq,IFCCOVERING,First Floor,,General/Site,Roof,Interior,0,,,,,,,,,,,,,,,,,,,,,,,,,,,,,,,,,,,,
20gg3VDJDEC9Q6rqCIaM0P,IFCCOVERING,First Floor,,General/Site,Roof,Interior,0,,,,,,,,,,,,,,,,,,,,,,,,,,,,,,,,,,,,
0tr0Uq8C58kP$4E9iN2yw1,IFCCOVERING,First Floor,,General/Site,Roof,Interior,0,,,,,,,,,,,,,,,,,,,,,,,,,,,,,,,,,,,,
1pq2owMHj7dB_me$Ri9BiA,IFCCOVERING,First Floor,,General/Site,Roof,Interior,0,,,,,,,,,,,,,,,,,,,,,,,,,,,,,,,,,,,,
1rPuMVQML7s9DG_xTI3yik,IFCCOVERING,First Floor,,General/Site,Roof,Interior,0,,,,,,,,,,,,,,,,,,,,,,,,,,,,,,,,,,,,
2IP4sYGhL0tg5eKCTQCky2,IFCCOVERING,First Floor,,General/Site,Roof,Interior,0,,,,,,,,,,,,,,,,,,,,,,,,,,,,,,,,,,,,
146v73cmP2b8ns_5yF15Ok,IFCCOVERING,First Floor,,General/Site,Roof,Interior,0,,,,,,,,,,,,,,,,,,,,,,,,,,,,,,,,,,,,
0CM3l7xSzDIgDiUz7eST9M,IFCCOVERING,First Floor,,General/Site,Roof,Interior,0,,,,,,,,,,,,,,,,,,,,,,,,,,,,,,,,,,,,
0w6rmqPP9DWwZRnS68r8yY,IFCCOVERING,First Floor,,General/Site,Roof,Interior,0,,,,,,,,,,,,,,,,,,,,,,,,,,,,,,,,,,,,
02OgoTqBbAyxpkb$7g6oA2,IFCCOVERING,First Floor,,General/Site,Roof,Interior,0,,,,,,,,,,,,,,,,,,,,,,,,,,,,,,,,,,,,
3eh4$UfD1DBu4$9FT7XnZG,IFCCOVERING,First Floor,,General/Site,Roof,Interior,0,,,,,,,,,,,,,,,,,,,,,,,,,,,,,,,,,,,,
3rQPehOsbCpPeNdyQZncGb,IFCCOVERING,First Floor,,General/Site,Roof,Interior,0,,,,,,,,,,,,,,,,,,,,,,,,,,,,,,,,,,,,
00fSj8UXfAn8lUGu3HP6DA,IFCCOVERING,First Floor,,General/Site,Roof,Interior,0,,,,,,,,,,,,,,,,,,,,,,,,,,,,,,,,,,,,
08WjeJHbH2i8ZzT$OzgxLB,IFCCOVERING,First Floor,,General/Site,Roof,Interior,0,,,,,,,,,,,,,,,,,,,,,,,,,,,,,,,,,,,,
0j$MqPEI98Du8GtlA_gCZ$,IFCCOVERING,First Floor,,General/Site,Roof,Interior,0,,,,,,,,,,,,,,,,,,,,,,,,,,,,,,,,,,,,
3YCwgfnoPAZA4Wom7rNcwG,IFCCOVERING,First Floor,,General/Site,Roof,Interior,0,,,,,,,,,,,,,,,,,,,,,,,,,,,,,,,,,,,,
2I7Eif$QL2JAhitt5X2W36,IFCCOVERING,First Floor,,General/Site,Roof,Interior,0,,,,,,,,,,,,,,,,,,,,,,,,,,,,,,,,,,,,
3S0eySObjCH9WIw9td9uEf,IFCCOVERING,First Floor,,General/Site,Roof,Interior,0,,,,,,,,,,,,,,,,,,,,,,,,,,,,,,,,,,,,
1eL$DjWLL138w23Y_$XKti,IFCCOVERING,First Floor,,General/Site,Roof,Interior,0,,,,,,,,,,,,,,,,,,,,,,,,,,,,,,,,,,,,
2iwLoVLv54FhuSMAoydMcA,IFCCOVERING,First Floor,,General/Site,Roof,Interior,0,,,,,,,,,,,,,,,,,,,,,,,,,,,,,,,,,,,,
1fLtSegQT3MvCbSgybB8Rq,IFCCOVERING,First Floor,,General/Site,Roof,Interior,0,,,,,,,,,,,,,,,,,,,,,,,,,,,,,,,,,,,,
2yucz8OGPDb8TmSNSoHkNY,IFCCOVERING,First Floor,,General/Site,Roof,Interior,0,,,,,,,,,,,,,,,,,,,,,,,,,,,,,,,,,,,,
1ivCDD$er0ov4nbPMmyKyU,IFCCOVERING,First Floor,,General/Site,Roof,Interior,0,,,,,,,,,,,,,,,,,,,,,,,,,,,,,,,,,,,,
0dZFYDKpDCG93HwrAg1gGt,IFCCOVERING,First Floor,,General/Site,Roof,Interior,0,,,,,,,,,,,,,,,,,,,,,,,,,,,,,,,,,,,,
27RBRk52jFzRj7SdB_vX0Q,IFCCOVERING,First Floor,,General/Site,Roof,Interior,0,,,,,,,,,,,,,,,,,,,,,,,,,,,,,,,,,,,,
1P5SE$JPLEgP0ctVQ8_W85,IFCCOVERING,First Floor,,General/Site,Roof,Interior,0,,,,,,,,,,,,,,,,,,,,,,,,,,,,,,,,,,,,
3zazqHQu53OgKjJuHCL9_s,IFCCOVERING,First Floor,,General/Site,Roof,Interior,0,,,,,,,,,,,,,,,,,,,,,,,,,,,,,,,,,,,,
0oD9nF_An0vhy_ldFgYa0v,IFCCOVERING,First Floor,,General/Site,Roof,Interior,0,,,,,,,,,,,,,,,,,,,,,,,,,,,,,,,,,,,,
3rd_REpuj17BE2lrkhW3pm,IFCCOVERING,First Floor,,General/Site,Roof,Interior,0,,,,,,,,,,,,,,,,,,,,,,,,,,,,,,,,,,,,
2raCbTgHb52vuE6qdpZRn2,IFCCOVERING,First Floor,,General/Site,Roof,Interior,0,,,,,,,,,,,,,,,,,,,,,,,,,,,,,,,,,,,,
1ZNir8Ykb5_eoXCXVaPrPD,IFCCOVERING,First Floor,,General/Site,Roof,Interior,0,,,,,,,,,,,,,,,,,,,,,,,,,,,,,,,,,,,,
2YOF6gsgjALu$nRsDPSaPl,IFCCOVERING,First Floor,,General/Site,Roof,Interior,0,,,,,,,,,,,,,,,,,,,,,,,,,,,,,,,,,,,,
2XvzNoaWf2VPiUgz2lIrHt,IFCCOVERING,First Floor,,General/Site,Roof,Interior,0,,,,,,,,,,,,,,,,,,,,,,,,,,,,,,,,,,,,
28yqi6sLP7qhIWx56LPe2F,IFCCOVERING,First Floor,,General/Site,Roof,Interior,0,,,,,,,,,,,,,,,,,,,,,,,,,,,,,,,,,,,,
3UjcHq3Cv7NQaWZRG0iMF4,IFCCOVERING,First Floor,,General/Site,Roof,Interior,0,,,,,,,,,,,,,,,,,,,,,,,,,,,,,,,,,,,,
3N2NpPWLjDuRoDM30StYL9,IFCCOVERING,First Floor,,General/Site,Roof,Interior,0,,,,,,,,,,,,,,,,,,,,,,,,,,,,,,,,,,,,
0q93xN1zn0VvDN$fSZYxIV,IFCCOVERING,First Floor,,General/Site,Roof,Interior,0,,,,,,,,,,,,,,,,,,,,,,,,,,,,,,,,,,,,
2Fqo6e6oL3$RkN9pXYFPdc,IFCCOVERING,First Floor,,General/Site,Roof,Interior,0,,,,,,,,,,,,,,,,,,,,,,,,,,,,,,,,,,,,
3Go8JCEwzDGf3mU78C$WMO,IFCCOVERING,First Floor,,General/Site,Roof,Interior,0,,,,,,,,,,,,,,,,,,,,,,,,,,,,,,,,,,,,
0AxVSwDQ90PfbBvFbPBxDk,IFCCOVERING,First Floor,,General/Site,Roof,Interior,0,,,,,,,,,,,,,,,,,,,,,,,,,,,,,,,,,,,,
3EIL$DABrAvgHMuhAWT8Vu,IFCCOVERING,First Floor,Apartment 4,General/Site,Roof,Interior,0,,,,,,,,,,,,,,,,,,,,,,,,,,,,,,,,,,,,
3cMufpl85DXfFuJDrrhhUO,IFCCOVERING,First Floor,Apartment 4,General/Site,Roof,Interior,0,,,,,,,,,,,,,,,,,,,,,,,,,,,,,,,,,,,,
1lS_$siaH7TfOR_6qbzXnN,IFCCOVERING,First Floor,Apartment 5,General/Site,Roof,Interior,0,,,,,,,,,,,,,,,,,,,,,,,,,,,,,,,,,,,,
1angzO43X0Oe6T4R5o66EN,IFCCOVERING,First Floor,Apartment 6,General/Site,Roof,Interior,0,,,,,,,,,,,,,,,,,,,,,,,,,,,,,,,,,,,,
3KsvbjaYb8IwdPQHuATNSp,IFCCOVERING,First Floor,Apartment 4,General/Site,Roof,Interior,0,,,,,,,,,,,,,,,,,,,,,,,,,,,,,,,,,,,,
137ACDKaz4lBzQ2wnHkBX6,IFCCOVERING,First Floor,Apartment 6,General/Site,Roof,Interior,0,,,,,,,,,,,,,,,,,,,,,,,,,,,,,,,,,,,,
27tJ3ud8bDRwNzIcaOlD$Z,IFCCOVERING,First Floor,Apartment 6,General/Site,Roof,Interior,0,,,,,,,,,,,,,,,,,,,,,,,,,,,,,,,,,,,,
24mQ8wZbX6UfPVqBrSZYX0,IFCCOVERING,First Floor,Apartment 6,General/Site,Roof,Interior,0,,,,,,,,,,,,,,,,,,,,,,,,,,,,,,,,,,,,
2jJ$Htazn4wuzmZrbCCkR9,IFCCOVERING,First Floor,Apartment 6,General/Site,Roof,Interior,0,,,,,,,,,,,,,,,,,,,,,,,,,,,,,,,,,,,,
3Jsgjxb9r4o9DSskuuMee3,IFCCOVERING,First Floor,Apartment 6,General/Site,Roof,Interior,0,,,,,,,,,,,,,,,,,,,,,,,,,,,,,,,,,,,,
0xFC6yX2n81PSyA$vyDmvK,IFCCOVERING,First Floor,,General/Site,Roof,Interior,0,,,,,,,,,,,,,,,,,,,,,,,,,,,,,,,,,,,,
39PsI2z$f6vQnkkup2fuPO,IFCCOVERING,First Floor,,General/Site,Roof,Interior,0,,,,,,,,,,,,,,,,,,,,,,,,,,,,,,,,,,,,
2gNGurvqHBrhRAcq_MFZug,IFCCOVERING,First Floor,,General/Site,Roof,Interior,0,,,,,,,,,,,,,,,,,,,,,,,,,,,,,,,,,,,,
3PXKrr9Qf2L8DT7NqSIjWi,IFCCOVERING,First Floor,,General/Site,Roof,Interior,0,,,,,,,,,,,,,,,,,,,,,,,,,,,,,,,,,,,,
2PIy9Fmgv7ihQnSSUUHQjL,IFCCOVERING,First Floor,,General/Site,Roof,Interior,0,,,,,,,,,,,,,,,,,,,,,,,,,,,,,,,,,,,,
2TJr9Tafr1cABs8J3mAJh4,IFCCOVERING,First Floor,,General/Site,Roof,Interior,0,,,,,,,,,,,,,,,,,,,,,,,,,,,,,,,,,,,,
3iBNOOJYj2D9VwdQzb$ZqY,IFCCOVERING,First Floor,,General/Site,Roof,Interior,0,,,,,,,,,,,,,,,,,,,,,,,,,,,,,,,,,,,,
0HB1dnAjH1LuAKHZPQCT5q,IFCCOVERING,First Floor,Apartment 6,General/Site,Roof,Interior,0,,,,,,,,,,,,,,,,,,,,,,,,,,,,,,,,,,,,
3LpcgpaYjB098PvAvBgcE8,IFCCOVERING,First Floor,,General/Site,Roof,Interior,0,,,,,,,,,,,,,,,,,,,,,,,,,,,,,,,,,,,,
3mVvl9$an3XhC5BNfi8hQU,IFCCOVERING,First Floor,,General/Site,Roof,Interior,0,,,,,,,,,,,,,,,,,,,,,,,,,,,,,,,,,,,,
0_y6tRI5jEuxbyiWePyS_g,IFCCOVERING,First Floor,,General/Site,Roof,Interior,0,,,,,,,,,,,,,,,,,,,,,,,,,,,,,,,,,,,,
1lBqjB4iH54w08sfEo1wvH,IFCCOVERING,First Floor,,General/Site,Roof,Interior,0,,,,,,,,,,,,,,,,,,,,,,,,,,,,,,,,,,,,
1kaj0v18n2CeBKy9jZwf9U,IFCCOVERING,First Floor,,General/Site,Roof,Interior,0,,,,,,,,,,,,,,,,,,,,,,,,,,,,,,,,,,,,
09eyE4_YL9d8tPWxq7C1HO,IFCCOVERING,First Floor,,General/Site,Roof,Interior,0,,,,,,,,,,,,,,,,,,,,,,,,,,,,,,,,,,,,
0m60OQVhH8CxWn8FAjBVc1,IFCCOVERING,First Floor,,General/Site,Roof,Interior,0,,,,,,,,,,,,,,,,,,,,,,,,,,,,,,,,,,,,
1fsJuj2YPBhwt5Oe4kF9oI,IFCCOVERING,First Floor,,General/Site,Roof,Interior,0,,,,,,,,,,,,,,,,,,,,,,,,,,,,,,,,,,,,
2GSraZFs9BqRsq2bw93u7y,IFCCOVERING,First Floor,,General/Site,Roof,Interior,0,,,,,,,,,,,,,,,,,,,,,,,,,,,,,,,,,,,,
3qcL8hdTr4jxQwQPhb0jSy,IFCCOVERING,First Floor,,General/Site,Roof,Interior,0,,,,,,,,,,,,,,,,,,,,,,,,,,,,,,,,,,,,
1KC2GMGjj1Q8KK$8MjW5d6,IFCCOVERING,First Floor,,General/Site,Roof,Interior,0,,,,,,,,,,,,,,,,,,,,,,,,,,,,,,,,,,,,
0IYnx7SOL3YBzxebWvFcCV,IFCCOVERING,First Floor,,General/Site,Roof,Interior,0,,,,,,,,,,,,,,,,,,,,,,,,,,,,,,,,,,,,
1TlHtcbm15eOcrp$_oGhrr,IFCCOVERING,First Floor,,General/Site,Roof,Interior,0,,,,,,,,,,,,,,,,,,,,,,,,,,,,,,,,,,,,
2jRhoV0ev1VAq3KZazh2sK,IFCCOVERING,First Floor,,General/Site,Roof,Interior,0,,,,,,,,,,,,,,,,,,,,,,,,,,,,,,,,,,,,
3ZRTDE$C96I85Tz1OtxuqC,IFCCOVERING,First Floor,,General/Site,Roof,Interior,0,,,,,,,,,,,,,,,,,,,,,,,,,,,,,,,,,,,,
0gkV4NZqDAWgRSPa4jqBv5,IFCCOVERING,First Floor,,General/Site,Roof,Interior,0,,,,,,,,,,,,,,,,,,,,,,,,,,,,,,,,,,,,
0DZmI2RXv8c858uA5nQiLP,IFCCOVERING,First Floor,,General/Site,Roof,Interior,0,,,,,,,,,,,,,,,,,,,,,,,,,,,,,,,,,,,,
0p_7314vT4BhkGG9k0x5Lu,IFCCOVERING,First Floor,,General/Site,Roof,Interior,0,,,,,,,,,,,,,,,,,,,,,,,,,,,,,,,,,,,,
0e7PtYW8nDpgk7SFQZf7aY,IFCCOVERING,First Floor,,General/Site,Roof,Interior,0,,,,,,,,,,,,,,,,,,,,,,,,,,,,,,,,,,,,
0dHpREmJf3jwoAHTALOknt,IFCCOVERING,First Floor,,General/Site,Roof,Interior,0,,,,,,,,,,,,,,,,,,,,,,,,,,,,,,,,,,,,
0CrHGieGn0sgXKAhktshgq,IFCCOVERING,First Floor,,General/Site,Roof,Interior,0,,,,,,,,,,,,,,,,,,,,,,,,,,,,,,,,,,,,
2HOGtMDHb02uN$Ug7vg0Sq,IFCCOVERING,First Floor,,General/Site,Roof,Interior,0,,,,,,,,,,,,,,,,,,,,,,,,,,,,,,,,,,,,
2oUrtchb99ehqqD7tXASaT,IFCCOVERING,First Floor,,General/Site,Roof,Interior,0,,,,,,,,,,,,,,,,,,,,,,,,,,,,,,,,,,,,
3G5n9Nodf0RxCqOsqQk8Tc,IFCCOVERING,First Floor,,General/Site,Roof,Interior,0,,,,,,,,,,,,,,,,,,,,,,,,,,,,,,,,,,,,
12OyChLMz8KxpdSCxM$EiO,IFCCOVERING,First Floor,,General/Site,Roof,Interior,0,,,,,,,,,,,,,,,,,,,,,,,,,,,,,,,,,,,,
1FYvP9cozFmwZW6OwBaJV8,IFCCOVERING,First Floor,,General/Site,Roof,Interior,0,,,,,,,,,,,,,,,,,,,,,,,,,,,,,,,,,,,,
2hkHQgJcHB7xhhzYCk3ti3,IFCCOVERING,First Floor,,General/Site,Roof,Interior,0,,,,,,,,,,,,,,,,,,,,,,,,,,,,,,,,,,,,
3sorX0hcb4kPZ40d648mq4,IFCCOVERING,First Floor,,General/Site,Roof,Interior,0,,,,,,,,,,,,,,,,,,,,,,,,,,,,,,,,,,,,
3zzV$_q8T7qxl9dxu$HNCP,IFCCOVERING,First Floor,,General/Site,Roof,Interior,0,,,,,,,,,,,,,,,,,,,,,,,,,,,,,,,,,,,,
3eHPhK$CT0gfRbBtf5g6Q0,IFCCOVERING,First Floor,,General/Site,Roof,Interior,0,,,,,,,,,,,,,,,,,,,,,,,,,,,,,,,,,,,,
3q3WciIXv9KPoKwtHXCYkU,IFCCOVERING,First Floor,,General/Site,Roof,Interior,0,,,,,,,,,,,,,,,,,,,,,,,,,,,,,,,,,,,,
3OtXPqbEbEiv7pCs7YCRS9,IFCCOVERING,First Floor,,General/Site,Roof,Interior,0,,,,,,,,,,,,,,,,,,,,,,,,,,,,,,,,,,,,
1N731qefH9nvvAQ4rFN0NA,IFCCOVERING,First Floor,,General/Site,Roof,Interior,0,,,,,,,,,,,,,,,,,,,,,,,,,,,,,,,,,,,,
1aEoeCjSbABuQvNYMa99bT,IFCCOVERING,First Floor,,General/Site,Roof,Interior,0,,,,,,,,,,,,,,,,,,,,,,,,,,,,,,,,,,,,
21OBDgLiTCGuO7opZNZj72,IFCCOVERING,First Floor,,General/Site,Roof,Interior,0,,,,,,,,,,,,,,,,,,,,,,,,,,,,,,,,,,,,
0HWABp_y95G8vFX_TpmXk4,IFCCOVERING,First Floor,,General/Site,Roof,Interior,0,,,,,,,,,,,,,,,,,,,,,,,,,,,,,,,,,,,,
23ABJ7kb59FO558BUKqnas,IFCCOVERING,First Floor,,General/Site,Roof,Interior,0,,,,,,,,,,,,,,,,,,,,,,,,,,,,,,,,,,,,
0OVDxvBbnAReyyc2pv8qjC,IFCCOVERING,First Floor,,General/Site,Roof,Interior,0,,,,,,,,,,,,,,,,,,,,,,,,,,,,,,,,,,,,
0zpM1D6AzCyu5y1VzqYKkr,IFCCOVERING,First Floor,,General/Site,Roof,Interior,0,,,,,,,,,,,,,,,,,,,,,,,,,,,,,,,,,,,,
1lBGR9DFf9g8lO__WK3pc$,IFCCOVERING,First Floor,,General/Site,Roof,Interior,0,,,,,,,,,,,,,,,,,,,,,,,,,,,,,,,,,,,,
0qswTtaZb1oPP54vRhc7oe,IFCCOVERING,First Floor,,General/Site,Roof,Interior,0,,,,,,,,,,,,,,,,,,,,,,,,,,,,,,,,,,,,
3FaI05M7X5kv3wBk4KGBvW,IFCCOVERING,First Floor,,General/Site,Roof,Interior,0,,,,,,,,,,,,,,,,,,,,,,,,,,,,,,,,,,,,
3dtbPxib96nvx2p80Me_ML,IFCCOVERING,First Floor,,General/Site,Roof,Interior,0,,,,,,,,,,,,,,,,,,,,,,,,,,,,,,,,,,,,
3Nw1PVtJHCcOZMHQML5DhR,IFCCOVERING,First Floor,,General/Site,Roof,Interior,0,,,,,,,,,,,,,,,,,,,,,,,,,,,,,,,,,,,,
1jqZ4MyC10kABpPIccsYPc,IFCCOVERING,First Floor,,General/Site,Roof,Interior,0,,,,,,,,,,,,,,,,,,,,,,,,,,,,,,,,,,,,
28El0FIUjEvgO9hdNx8YuW,IFCCOVERING,First Floor,,General/Site,Roof,Interior,0,,,,,,,,,,,,,,,,,,,,,,,,,,,,,,,,,,,,
2ErwQIq_bAg8fKmz8mLaAR,IFCCOVERING,First Floor,Apartment 4,General/Site,Roof,Interior,0,,,,,,,,,,,,,,,,,,,,,,,,,,,,,,,,,,,,
3ADxZ3cgzEeuvON05saOSG,IFCCOVERING,First Floor,Apartment 5,General/Site,Roof,Interior,0,,,,,,,,,,,,,,,,,,,,,,,,,,,,,,,,,,,,
0phwV4rLn6nPanDypaFHCr,IFCCOVERING,First Floor,Apartment 5,General/Site,Roof,Interior,0,,,,,,,,,,,,,,,,,,,,,,,,,,,,,,,,,,,,
1LODwiyWT2UwMzhuYIlYa2,IFCCOVERING,First Floor,,General/Site,Roof,Interior,0,,,,,,,,,,,,,,,,,,,,,,,,,,,,,,,,,,,,
3cFaeOo3n2YeWSJjavwqxj,IFCCOVERING,First Floor,,General/Site,Roof,Interior,0,,,,,,,,,,,,,,,,,,,,,,,,,,,,,,,,,,,,
1ZcdqEadr88v99jOk0sNh$,IFCCOVERING,First Floor,,General/Site,Roof,Interior,0,,,,,,,,,,,,,,,,,,,,,,,,,,,,,,,,,,,,
1B3L37O9nFrBtLIVKIGucO,IFCCOVERING,First Floor,,General/Site,Roof,Interior,0,,,,,,,,,,,,,,,,,,,,,,,,,,,,,,,,,,,,
1viEgnkOT4Uf9X2$BPTnUd,IFCCOVERING,First Floor,,General/Site,Roof,Interior,0,,,,,,,,,,,,,,,,,,,,,,,,,,,,,,,,,,,,
1yOZPHwsD7C9MCrKl$90iA,IFCCOVERING,First Floor,,General/Site,Roof,Interior,0,,,,,,,,,,,,,,,,,,,,,,,,,,,,,,,,,,,,
0Kvw2yChTBXuQ4cILhgS7P,IFCCOVERING,First Floor,,General/Site,Roof,Interior,0,,,,,,,,,,,,,,,,,,,,,,,,,,,,,,,,,,,,
07cuRabSn7ofP$cYt02X4i,IFCCOVERING,First Floor,,General/Site,Roof,Interior,0,,,,,,,,,,,,,,,,,,,,,,,,,,,,,,,,,,,,
1QAOzVcfjCIgepdR9u6YaR,IFCCOVERING,First Floor,,General/Site,Roof,Interior,0,,,,,,,,,,,,,,,,,,,,,,,,,,,,,,,,,,,,
1fdeSVh5D5i8W2EHiVl1zX,IFCCOVERING,First Floor,,General/Site,Roof,Interior,0,,,,,,,,,,,,,,,,,,,,,,,,,,,,,,,,,,,,
0qpBWaAanEoR5V$fq4r3RS,IFCCOVERING,First Floor,,General/Site,Roof,Interior,0,,,,,,,,,,,,,,,,,,,,,,,,,,,,,,,,,,,,
2ojoT3QkX9_xyO2CmkhazA,IFCCOVERING,First Floor,,General/Site,Roof,Interior,0,,,,,,,,,,,,,,,,,,,,,,,,,,,,,,,,,,,,
0kBoEfgQzCZwcAITqZnDkN,IFCCOVERING,First Floor,,General/Site,Roof,Interior,0,,,,,,,,,,,,,,,,,,,,,,,,,,,,,,,,,,,,
3noobKcgb4T8IB_hcID3EE,IFCCOVERING,First Floor,,General/Site,Roof,Interior,0,,,,,,,,,,,,,,,,,,,,,,,,,,,,,,,,,,,,
1AGXqM6FXE$PKWFpHb0tD1,IFCCOVERING,First Floor,,General/Site,Roof,Interior,0,,,,,,,,,,,,,,,,,,,,,,,,,,,,,,,,,,,,
1q7DPgykr9lATuR9kfU1JJ,IFCCOVERING,First Floor,,General/Site,Roof,Interior,0,,,,,,,,,,,,,,,,,,,,,,,,,,,,,,,,,,,,
378PhhaAzBouh7u_VJLngX,IFCCOVERING,First Floor,,General/Site,Roof,Interior,0,,,,,,,,,,,,,,,,,,,,,,,,,,,,,,,,,,,,
3a6hoiwS5ALQTYbFhAtpMx,IFCCOVERING,First Floor,,General/Site,Roof,Interior,0,,,,,,,,,,,,,,,,,,,,,,,,,,,,,,,,,,,,
0Aoj1Fkgn3UATZpBNlMNaf,IFCCOVERING,First Floor,,General/Site,Roof,Interior,0,,,,,,,,,,,,,,,,,,,,,,,,,,,,,,,,,,,,
0NegscEpLBHfCO0cOvWvWD,IFCCOVERING,First Floor,,General/Site,Roof,Interior,0,,,,,,,,,,,,,,,,,,,,,,,,,,,,,,,,,,,,
23IDpa5hfBCAToeuOPibhu,IFCCOVERING,First Floor,,General/Site,Roof,Interior,0,,,,,,,,,,,,,,,,,,,,,,,,,,,,,,,,,,,,
11SSFTmvfAsh7uffkbAkHw,IFCCOVERING,First Floor,,General/Site,Roof,Interior,0,,,,,,,,,,,,,,,,,,,,,,,,,,,,,,,,,,,,
27WrhAYm1BZPvD28dvpS7$,IFCCOVERING,First Floor,,General/Site,Roof,Interior,0,,,,,,,,,,,,,,,,,,,,,,,,,,,,,,,,,,,,
17Dgk40i12N8tiiHUeJJu1,IFCCOVERING,First Floor,,General/Site,Roof,Interior,0,,,,,,,,,,,,,,,,,,,,,,,,,,,,,,,,,,,,
1iUvAoVVb0tgbRNcb1zrnS,IFCCOVERING,First Floor,,General/Site,Roof,Interior,0,,,,,,,,,,,,,,,,,,,,,,,,,,,,,,,,,,,,
2ppzKELLP76xwbcituxbyF,IFCCOVERING,First Floor,,General/Site,Roof,Interior,0,,,,,,,,,,,,,,,,,,,,,,,,,,,,,,,,,,,,
3QIJ7wTIj1OvdDiFbf2t_8,IFCCOVERING,First Floor,,General/Site,Roof,Interior,0,,,,,,,,,,,,,,,,,,,,,,,,,,,,,,,,,,,,
1cjJR6nDTEneUqSEHxNFyL,IFCCOVERING,First Floor,,General/Site,Roof,Interior,0,,,,,,,,,,,,,,,,,,,,,,,,,,,,,,,,,,,,
1tg2oTaiH5lx9Qucb8BF1x,IFCCOVERING,First Floor,Apartment 5,General/Site,Roof,Interior,0,,,,,,,,,,,,,,,,,,,,,,,,,,,,,,,,,,,,
01cPWrrSTCXhTovWawdd4n,IFCCOVERING,First Floor,Apartment 6,General/Site,Roof,Interior,0,,,,,,,,,,,,,,,,,,,,,,,,,,,,,,,,,,,,
19$a_prTH9p8qwny211Ufx,IFCCOVERING,First Floor,Apartment 6,General/Site,Roof,Interior,0,,,,,,,,,,,,,,,,,,,,,,,,,,,,,,,,,,,,
1GYmSY9aPFyP12UItiG3xc,IFCCOVERING,First Floor,,General/Site,Roof,Interior,0,,,,,,,,,,,,,,,,,,,,,,,,,,,,,,,,,,,,
28Nf_b1D181RHLqwPkhWaI,IFCCOVERING,First Floor,Apartment 5,General/Site,Roof,Interior,0,,,,,,,,,,,,,,,,,,,,,,,,,,,,,,,,,,,,
02F6_Ydh18Dg$NN2Rb$Hbi,IFCCOVERING,First Floor,,General/Site,Roof,Interior,0,,,,,,,,,,,,,,,,,,,,,,,,,,,,,,,,,,,,
1kRlic98TFdv9F$kYgSv39,IFCCOVERING,First Floor,,General/Site,Roof,Interior,0,,,,,,,,,,,,,,,,,,,,,,,,,,,,,,,,,,,,
2$3tltG5j5z9H$2McXEj3a,IFCCOVERING,First Floor,,General/Site,Roof,Interior,0,,,,,,,,,,,,,,,,,,,,,,,,,,,,,,,,,,,,
0sl41bnY16bOhIOz6I0T$B,IFCCOVERING,First Floor,,General/Site,Roof,Interior,0,,,,,,,,,,,,,,,,,,,,,,,,,,,,,,,,,,,,
39XgyYfIb9Z8WISMUqxRJX,IFCCOVERING,First Floor,,General/Site,Roof,Interior,0,,,,,,,,,,,,,,,,,,,,,,,,,,,,,,,,,,,,
0aCjKRplbBBuS_FFOHyzjh,IFCCOVERING,First Floor,,General/Site,Roof,Interior,0,,,,,,,,,,,,,,,,,,,,,,,,,,,,,,,,,,,,
3V94Qk0Wr4Mg8_s6TY6qzx,IFCCOVERING,First Floor,,General/Site,Roof,Interior,0,,,,,,,,,,,,,,,,,,,,,,,,,,,,,,,,,,,,
1w1D$WYLrBP9UKRAKm2oDR,IFCCOVERING,First Floor,,General/Site,Roof,Interior,0,,,,,,,,,,,,,,,,,,,,,,,,,,,,,,,,,,,,
3sa_sCWEb7z99pQCJldZ5F,IFCCOVERING,First Floor,,General/Site,Roof,Interior,0,,,,,,,,,,,,,,,,,,,,,,,,,,,,,,,,,,,,
0OyZ359bDD8R2fHtdcUcRq,IFCCOVERING,First Floor,Apartment 4,General/Site,Roof,Interior,0,,,,,,,,,,,,,,,,,,,,,,,,,,,,,,,,,,,,
1bUaPPMoL54u5srhyyfUCi,IFCCOVERING,First Floor,Apartment 4,General/Site,Roof,Interior,0,,,,,,,,,,,,,,,,,,,,,,,,,,,,,,,,,,,,
3iJdNB4vzBwOO6RdHCSy3a,IFCCOVERING,First Floor,Apartment 5,General/Site,Roof,Interior,0,,,,,,,,,,,,,,,,,,,,,,,,,,,,,,,,,,,,
0YXNK7cRD3GRWcloR_CNXx,IFCCOVERING,First Floor,Apartment 5,General/Site,Roof,Interior,0,,,,,,,,,,,,,,,,,,,,,,,,,,,,,,,,,,,,
14DxImg7XC8h1KJp6wXVhe,IFCCOVERING,First Floor,,General/Site,Roof,Interior,0,,,,,,,,,,,,,,,,,,,,,,,,,,,,,,,,,,,,
2NzsfLBnz43R5cy8gHV1eH,IFCCOVERING,First Floor,,General/Site,Roof,Interior,0,,,,,,,,,,,,,,,,,,,,,,,,,,,,,,,,,,,,
0KOIvJyqbFcuFeGyLdVonv,IFCCOVERING,First Floor,,General/Site,Roof,Interior,0,,,,,,,,,,,,,,,,,,,,,,,,,,,,,,,,,,,,
1Sr4z35Cf9O9$YQvAN1CQC,IFCCOVERING,First Floor,,General/Site,Roof,Interior,0,,,,,,,,,,,,,,,,,,,,,,,,,,,,,,,,,,,,
2HALswnkP8jxQed$12A6mB,IFCCOVERING,First Floor,,General/Site,Roof,Interior,0,,,,,,,,,,,,,,,,,,,,,,,,,,,,,,,,,,,,
1nbTe5YC93De9Jqdh8$uRP,IFCCOVERING,First Floor,,General/Site,Roof,Interior,0,,,,,,,,,,,,,,,,,,,,,,,,,,,,,,,,,,,,
2Y_zzBBab0yAcY6kmezdDQ,IFCCOVERING,First Floor,,General/Site,Roof,Interior,0,,,,,,,,,,,,,,,,,,,,,,,,,,,,,,,,,,,,
19RgNKB4z6_Px54csNAQwk,IFCCOVERING,First Floor,,General/Site,Roof,Interior,0,,,,,,,,,,,,,,,,,,,,,,,,,,,,,,,,,,,,
0dSb9o5y18Vev1JBZhHGOK,IFCCOVERING,First Floor,,General/Site,Roof,Interior,0,,,,,,,,,,,,,,,,,,,,,,,,,,,,,,,,,,,,
1l9L7qKrzEL9azLVBcAE3S,IFCCOVERING,First Floor,,General/Site,Roof,Interior,0,,,,,,,,,,,,,,,,,,,,,,,,,,,,,,,,,,,,
2A0ZpBGSf4lwKiojpjtxNw,IFCCOVERING,First Floor,,General/Site,Roof,Interior,0,,,,,,,,,,,,,,,,,,,,,,,,,,,,,,,,,,,,
3sdTjsAM5COeMYI3pHyp1b,IFCCOVERING,First Floor,,General/Site,Roof,Interior,0,,,,,,,,,,,,,,,,,,,,,,,,,,,,,,,,,,,,
0E$Iuob5TCqPngYFXFiRbv,IFCCOVERING,First Floor,,General/Site,Roof,Interior,0,,,,,,,,,,,,,,,,,,,,,,,,,,,,,,,,,,,,
3pA$WYrYP1DuYLUrdLtnfO,IFCCOVERING,First Floor,,General/Site,Roof,Interior,0,,,,,,,,,,,,,,,,,,,,,,,,,,,,,,,,,,,,
15gCFxDqTFGeXp3rw588Eu,IFCCOVERING,First Floor,,General/Site,Roof,Interior,0,,,,,,,,,,,,,,,,,,,,,,,,,,,,,,,,,,,,
0PzW_1s$j5Hhf0VKXOBNKJ,IFCCOVERING,First Floor,,General/Site,Roof,Interior,0,,,,,,,,,,,,,,,,,,,,,,,,,,,,,,,,,,,,
0T2xEmBsD8hef7q6Q3UZEF,IFCCOVERING,First Floor,,General/Site,Roof,Interior,0,,,,,,,,,,,,,,,,,,,,,,,,,,,,,,,,,,,,
2J4jaHUTj6QuyupNqpGpNH,IFCCOVERING,First Floor,,General/Site,Roof,Interior,0,,,,,,,,,,,,,,,,,,,,,,,,,,,,,,,,,,,,
3gmbLSXg94Veo9QjV0_FQ_,IFCCOVERING,First Floor,,General/Site,Roof,Interior,0,,,,,,,,,,,,,,,,,,,,,,,,,,,,,,,,,,,,
3Z_wSWf0j1Yv1sGf3wyK5p,IFCCOVERING,First Floor,,General/Site,Roof,Interior,0,,,,,,,,,,,,,,,,,,,,,,,,,,,,,,,,,,,,
1ltyI7S3P4mwz4x_DPd4ip,IFCCOVERING,First Floor,,General/Site,Roof,Interior,0,,,,,,,,,,,,,,,,,,,,,,,,,,,,,,,,,,,,
2s9pC1Bur7yhDBMBjnyMDz,IFCCOVERING,First Floor,,General/Site,Roof,Interior,0,,,,,,,,,,,,,,,,,,,,,,,,,,,,,,,,,,,,
2OePtHlZD4veCWM$r7QF$A,IFCCOVERING,First Floor,,General/Site,Roof,Interior,0,,,,,,,,,,,,,,,,,,,,,,,,,,,,,,,,,,,,
17o5Wakn51XhQGduOtQuuf,IFCCOVERING,First Floor,,General/Site,Roof,Interior,0,,,,,,,,,,,,,,,,,,,,,,,,,,,,,,,,,,,,
0hFMnFZ150QvyAjapyUXs4,IFCCOVERING,First Floor,,General/Site,Roof,Interior,0,,,,,,,,,,,,,,,,,,,,,,,,,,,,,,,,,,,,
2AKTAcdGv9pvyPERUR8PhG,IFCCOVERING,First Floor,,General/Site,Roof,Interior,0,,,,,,,,,,,,,,,,,,,,,,,,,,,,,,,,,,,,
1EWx4t$_zEZfeHYCnux3G9,IFCCOVERING,First Floor,,General/Site,Roof,Interior,0,,,,,,,,,,,,,,,,,,,,,,,,,,,,,,,,,,,,
2vf3Ec9JHEEwpuR0oQ1dvm,IFCCOVERING,First Floor,,General/Site,Roof,Interior,0,,,,,,,,,,,,,,,,,,,,,,,,,,,,,,,,,,,,
202Kd$DLL62gxbDkQDy0ro,IFCCOVERING,First Floor,,General/Site,Roof,Interior,0,,,,,,,,,,,,,,,,,,,,,,,,,,,,,,,,,,,,
014cl7EXz7Oure_B4J7Bbu,IFCCOVERING,First Floor,,General/Site,Roof,Interior,0,,,,,,,,,,,,,,,,,,,,,,,,,,,,,,,,,,,,
0v7gU_2Lf1Hu6rjxKBhMk2,IFCCOVERING,First Floor,,General/Site,Roof,Interior,0,,,,,,,,,,,,,,,,,,,,,,,,,,,,,,,,,,,,
1MDAfRq49AqAZ51$ka5Ziv,IFCCOVERING,First Floor,,General/Site,Roof,Interior,0,,,,,,,,,,,,,,,,,,,,,,,,,,,,,,,,,,,,
02szt$q6z0z8XRnEkaqK_U,IFCCOVERING,First Floor,,General/Site,Roof,Interior,0,,,,,,,,,,,,,,,,,,,,,,,,,,,,,,,,,,,,
1F5cnqHXHARR2W9W5YwVNd,IFCCOVERING,First Floor,,General/Site,Roof,Interior,0,,,,,,,,,,,,,,,,,,,,,,,,,,,,,,,,,,,,
0PYQm_GwnErAy9SmlTu7Kn,IFCCOVERING,First Floor,,General/Site,Roof,Interior,0,,,,,,,,,,,,,,,,,,,,,,,,,,,,,,,,,,,,
2yOgYLez9EDw_$g73FRWAJ,IFCCOVERING,First Floor,,General/Site,Roof,Interior,0,,,,,,,,,,,,,,,,,,,,,,,,,,,,,,,,,,,,
1cMWfkw2r0nexy9J1eIrgW,IFCCOVERING,First Floor,,General/Site,Roof,Interior,0,,,,,,,,,,,,,,,,,,,,,,,,,,,,,,,,,,,,
2kF53bHFnFMvuaRuGEYDUH,IFCCOVERING,First Floor,,General/Site,Roof,Interior,0,,,,,,,,,,,,,,,,,,,,,,,,,,,,,,,,,,,,
1sT4IHpZr3me_3$srzb_zp,IFCCOVERING,First Floor,,General/Site,Roof,Interior,0,,,,,,,,,,,,,,,,,,,,,,,,,,,,,,,,,,,,
3u9ICMfQvBrwBmNYyzTEFv,IFCCOVERING,First Floor,,General/Site,Roof,Interior,0,,,,,,,,,,,,,,,,,,,,,,,,,,,,,,,,,,,,
2e4ECFXMD8BvrD3mX8V7G3,IFCCOVERING,First Floor,,General/Site,Roof,Interior,0,,,,,,,,,,,,,,,,,,,,,,,,,,,,,,,,,,,,
2TrSxl9iLB6g7_$z0XVtQL,IFCCOVERING,First Floor,,General/Site,Roof,Interior,0,,,,,,,,,,,,,,,,,,,,,,,,,,,,,,,,,,,,
1J9r4Yftj7Ixm9V32QS7kQ,IFCCOVERING,First Floor,,General/Site,Roof,Interior,0,,,,,,,,,,,,,,,,,,,,,,,,,,,,,,,,,,,,
2HrQbzI2v0keF7aIMDUIKO,IFCCOVERING,First Floor,,General/Site,Roof,Interior,0,,,,,,,,,,,,,,,,,,,,,,,,,,,,,,,,,,,,
1xTHU9jCrAhRVxJqldaIGp,IFCCOVERING,First Floor,,General/Site,Roof,Interior,0,,,,,,,,,,,,,,,,,,,,,,,,,,,,,,,,,,,,
3Aj6RCh2PBG8TtyzUO_JmR,IFCCOVERING,First Floor,,General/Site,Roof,Interior,0,,,,,,,,,,,,,,,,,,,,,,,,,,,,,,,,,,,,
3O1K7bHTX4RQjszz0lzWKP,IFCCOVERING,First Floor,,General/Site,Roof,Interior,0,,,,,,,,,,,,,,,,,,,,,,,,,,,,,,,,,,,,
3fmaQg0BnB2PtRL8Ugp1gC,IFCCOVERING,First Floor,,General/Site,Roof,Interior,0,,,,,,,,,,,,,,,,,,,,,,,,,,,,,,,,,,,,
0GF4P9$lH0GQxrb5w2JDMA,IFCCOVERING,First Floor,,General/Site,Roof,Interior,0,,,,,,,,,,,,,,,,,,,,,,,,,,,,,,,,,,,,
2w7HPsyfD6YAKsRsj_lPfM,IFCCOVERING,First Floor,,General/Site,Roof,Interior,0,,,,,,,,,,,,,,,,,,,,,,,,,,,,,,,,,,,,
0HU6Dt_oX6gfMcWTvgsnmg,IFCCOVERING,First Floor,,General/Site,Roof,Interior,0,,,,,,,,,,,,,,,,,,,,,,,,,,,,,,,,,,,,
1mnr1dUFH5yux_LkiIv6yy,IFCCOVERING,First Floor,,General/Site,Roof,Interior,0,,,,,,,,,,,,,,,,,,,,,,,,,,,,,,,,,,,,
05W6iujV10t8vSIQYZiCK$,IFCCOVERING,First Floor,,General/Site,Roof,Interior,0,,,,,,,,,,,,,,,,,,,,,,,,,,,,,,,,,,,,
3I55$8w4b0lgiFDRxrdA1X,IFCCOVERING,First Floor,,General/Site,Roof,Interior,0,,,,,,,,,,,,,,,,,,,,,,,,,,,,,,,,,,,,
38pf78gRf0PBuoI$JT2jSV,IFCCOVERING,First Floor,,General/Site,Roof,Interior,0,,,,,,,,,,,,,,,,,,,,,,,,,,,,,,,,,,,,
24UINa5pn5BOE0PQg97UsF,IFCCOVERING,First Floor,,General/Site,Roof,Interior,0,,,,,,,,,,,,,,,,,,,,,,,,,,,,,,,,,,,,
2JkxuIJ6D4th9P5Xn6Ijlu,IFCCOVERING,First Floor,,General/Site,Roof,Interior,0,,,,,,,,,,,,,,,,,,,,,,,,,,,,,,,,,,,,
2SiVC8JQrCXQDD_PoHv2b0,IFCCOVERING,First Floor,,General/Site,Roof,Interior,0,,,,,,,,,,,,,,,,,,,,,,,,,,,,,,,,,,,,
2uXHx2CjvC1xt2Vp$Xz$Qk,IFCCOVERING,First Floor,,General/Site,Roof,Interior,0,,,,,,,,,,,,,,,,,,,,,,,,,,,,,,,,,,,,
03vzxGI4X7evZo676O9JkP,IFCCOVERING,Second Floor,,General/Site,Roof,Interior,0,,,,,,,,,,,,,,,,,,,,,,,,,,,,,,,,,,,,
1FR0Idbbf0BRgRNJ5AUB8M,IFCCOVERING,Second Floor,,General/Site,Roof,Interior,0,,,,,,,,,,,,,,,,,,,,,,,,,,,,,,,,,,,,
3_atpi3CTD694A3ayispWr,IFCCOVERING,Second Floor,,General/Site,Roof,Interior,0,,,,,,,,,,,,,,,,,,,,,,,,,,,,,,,,,,,,
2zh1NqsW1ChBi9Z57BGFqC,IFCCOVERING,Second Floor,,General/Site,Roof,Interior,0,,,,,,,,,,,,,,,,,,,,,,,,,,,,,,,,,,,,
20iVMmXRTEkRLIvYLQ32fE,IFCCOVERING,Second Floor,,General/Site,Roof,Interior,0,,,,,,,,,,,,,,,,,,,,,,,,,,,,,,,,,,,,
3ebnG4YODBZQAlNzct_BwS,IFCCOVERING,Second Floor,,General/Site,Roof,Interior,0,,,,,,,,,,,,,,,,,,,,,,,,,,,,,,,,,,,,
2OaWk9rRvFyefiWVUbJTzQ,IFCCOVERING,Second Floor,,General/Site,Roof,Interior,0,,,,,,,,,,,,,,,,,,,,,,,,,,,,,,,,,,,,
2FH1Q_4cv99Akv_jVWI22f,IFCCOVERING,Second Floor,,General/Site,Roof,Interior,0,,,,,,,,,,,,,,,,,,,,,,,,,,,,,,,,,,,,
1cSbLB4pb1JPrqT31vT2KO,IFCCOVERING,Second Floor,,General/Site,Roof,Interior,0,,,,,,,,,,,,,,,,,,,,,,,,,,,,,,,,,,,,
0$q$PY5Mf708hn_C6HiVvh,IFCCOVERING,Second Floor,,General/Site,Roof,Interior,0,,,,,,,,,,,,,,,,,,,,,,,,,,,,,,,,,,,,
3_2bi4A5X7MBRBMITDn1dX,IFCCOVERING,Second Floor,,General/Site,Roof,Interior,0,,,,,,,,,,,,,,,,,,,,,,,,,,,,,,,,,,,,
0JdqwUCQX6CurvApVimVvI,IFCCOVERING,Second Floor,,General/Site,Roof,Interior,0,,,,,,,,,,,,,,,,,,,,,,,,,,,,,,,,,,,,
3Pdsbcrx146h$l$a_tLLYJ,IFCCOVERING,Second Floor,,General/Site,Roof,Interior,0,,,,,,,,,,,,,,,,,,,,,,,,,,,,,,,,,,,,
1bHDxxTzT0rx$O99J7ylAQ,IFCCOVERING,Second Floor,,General/Site,Roof,Interior,0,,,,,,,,,,,,,,,,,,,,,,,,,,,,,,,,,,,,
2naRuBVUH3Yh7oeSY6SmD9,IFCCOVERING,Second Floor,,General/Site,Roof,Interior,0,,,,,,,,,,,,,,,,,,,,,,,,,,,,,,,,,,,,
2xc4LGmP53zBIZZGT69CqS,IFCCOVERING,Second Floor,,General/Site,Roof,Interior,0,,,,,,,,,,,,,,,,,,,,,,,,,,,,,,,,,,,,
3DkTn09dL9YgpOoaNGWTmW,IFCCOVERING,Second Floor,,General/Site,Roof,Interior,0,,,,,,,,,,,,,,,,,,,,,,,,,,,,,,,,,,,,
0lHOgInPr0SAVBxvVzSiIO,IFCCOVERING,Second Floor,,General/Site,Roof,Interior,0,,,,,,,,,,,,,,,,,,,,,,,,,,,,,,,,,,,,
2149$5wdDEdRiMODM04403,IFCCOVERING,Second Floor,,General/Site,Roof,Interior,0,,,,,,,,,,,,,,,,,,,,,,,,,,,,,,,,,,,,
2ZoneogLb9PxmsYbU90n9s,IFCCOVERING,Second Floor,,General/Site,Roof,Interior,0,,,,,,,,,,,,,,,,,,,,,,,,,,,,,,,,,,,,
28o_wq6IvBlPFwdDjDfTrb,IFCCOVERING,Second Floor,,General/Site,Roof,Interior,0,,,,,,,,,,,,,,,,,,,,,,,,,,,,,,,,,,,,
2hmC1vL$z9lwFSHKLCMOcq,IFCCOVERING,Second Floor,,General/Site,Roof,Interior,0,,,,,,,,,,,,,,,,,,,,,,,,,,,,,,,,,,,,
1cpYzlibb5wgBSsqiNjEbW,IFCCOVERING,Second Floor,,General/Site,Roof,Interior,0,,,,,,,,,,,,,,,,,,,,,,,,,,,,,,,,,,,,
3MrRQ65JzCGfyCtuRjyIh2,IFCCOVERING,Second Floor,,General/Site,Roof,Interior,0,,,,,,,,,,,,,,,,,,,,,,,,,,,,,,,,,,,,
2Qj3avZbnF_gC$xBHc62L1,IFCCOVERING,Second Floor,,General/Site,Roof,Interior,0,,,,,,,,,,,,,,,,,,,,,,,,,,,,,,,,,,,,
3DThtwUqv2o9bYOifyeGBc,IFCCOVERING,Second Floor,,General/Site,Roof,Interior,0,,,,,,,,,,,,,,,,,,,,,,,,,,,,,,,,,,,,
0IXyiOyEf1yO4br47SQ71n,IFCCOVERING,Second Floor,,General/Site,Roof,Interior,0,,,,,,,,,,,,,,,,,,,,,,,,,,,,,,,,,,,,
3UjenlqTf3vfvrC5A36Npo,IFCCOVERING,Second Floor,,General/Site,Roof,Interior,0,,,,,,,,,,,,,,,,,,,,,,,,,,,,,,,,,,,,
1j05Z3SDH3q9WABADhhvOa,IFCCOVERING,Second Floor,,General/Site,Roof,Interior,0,,,,,,,,,,,,,,,,,,,,,,,,,,,,,,,,,,,,
047Xt4g1X1dQ4qxGFlsUCK,IFCCOVERING,Second Floor,,General/Site,Roof,Interior,0,,,,,,,,,,,,,,,,,,,,,,,,,,,,,,,,,,,,
3hjlY$RsDAuBFQLJZcCyIp,IFCCOVERING,Second Floor,,General/Site,Roof,Interior,0,,,,,,,,,,,,,,,,,,,,,,,,,,,,,,,,,,,,
1lcuBTr3j6iRyb1TRL74ha,IFCCOVERING,Second Floor,,General/Site,Roof,Interior,0,,,,,,,,,,,,,,,,,,,,,,,,,,,,,,,,,,,,
04KiqUZMr2SPrl8LeF3T2F,IFCCOVERING,Second Floor,,General/Site,Roof,Interior,0,,,,,,,,,,,,,,,,,,,,,,,,,,,,,,,,,,,,
2Rku1alz91LwdFLclTDGNj,IFCCOVERING,Second Floor,,General/Site,Roof,Interior,0,,,,,,,,,,,,,,,,,,,,,,,,,,,,,,,,,,,,
33ePFpbjDFK9HIN3oR4j1m,IFCCOVERING,Second Floor,,General/Site,Roof,Interior,0,,,,,,,,,,,,,,,,,,,,,,,,,,,,,,,,,,,,
282iugtHPBIOCRTIqC3ynv,IFCCOVERING,Second Floor,,General/Site,Roof,Interior,0,,,,,,,,,,,,,,,,,,,,,,,,,,,,,,,,,,,,
2BTRKzXrrBzPY5rgfwn_Qt,IFCCOVERING,Second Floor,,General/Site,Roof,Interior,0,,,,,,,,,,,,,,,,,,,,,,,,,,,,,,,,,,,,
1evFl9H193TxHd1Anw7BcU,IFCCOVERING,Second Floor,,General/Site,Roof,Interior,0,,,,,,,,,,,,,,,,,,,,,,,,,,,,,,,,,,,,
1L5mPDcBvEjf$1hzvdeZq2,IFCCOVERING,Second Floor,,General/Site,Roof,Interior,0,,,,,,,,,,,,,,,,,,,,,,,,,,,,,,,,,,,,
39QOtBOIL3Mgqggx2J$Je_,IFCCOVERING,Second Floor,,General/Site,Roof,Interior,0,,,,,,,,,,,,,,,,,,,,,,,,,,,,,,,,,,,,
2ldvbiNRL7hvdXnDk6N6rq,IFCCOVERING,Second Floor,,General/Site,Roof,Interior,0,,,,,,,,,,,,,,,,,,,,,,,,,,,,,,,,,,,,
1X2EJxNH53TxxucEqXiwwn,IFCCOVERING,Second Floor,,General/Site,Roof,Interior,0,,,,,,,,,,,,,,,,,,,,,,,,,,,,,,,,,,,,
3kHxtIul5EIvpPKkBz3g0o,IFCCOVERING,Second Floor,,General/Site,Roof,Interior,0,,,,,,,,,,,,,,,,,,,,,,,,,,,,,,,,,,,,
10Hce5b$11APm5y4M4aoMC,IFCCOVERING,Second Floor,,General/Site,Roof,Interior,0,,,,,,,,,,,,,,,,,,,,,,,,,,,,,,,,,,,,
2C4gALCWrA1BElQuDmnmnD,IFCCOVERING,Second Floor,,General/Site,Roof,Interior,0,,,,,,,,,,,,,,,,,,,,,,,,,,,,,,,,,,,,
0mN9Ejwh94eAp1_RKwPV81,IFCCOVERING,Second Floor,,General/Site,Roof,Interior,0,,,,,,,,,,,,,,,,,,,,,,,,,,,,,,,,,,,,
3$Bh1RumvBavysqljJX9oY,IFCCOVERING,Second Floor,,General/Site,Roof,Interior,0,,,,,,,,,,,,,,,,,,,,,,,,,,,,,,,,,,,,
10wnBMWL9BcgHQHZMr4qH4,IFCCOVERING,Second Floor,,General/Site,Roof,Interior,0,,,,,,,,,,,,,,,,,,,,,,,,,,,,,,,,,,,,
38Ggaa131DFQpZA5wNK7YM,IFCCOVERING,Second Floor,,General/Site,Roof,Interior,0,,,,,,,,,,,,,,,,,,,,,,,,,,,,,,,,,,,,
3bZoeQrEzADfF11vk51h6j,IFCCOVERING,Second Floor,,General/Site,Roof,Interior,0,,,,,,,,,,,,,,,,,,,,,,,,,,,,,,,,,,,,
28KhQGvZzDXue6zTKoRyNh,IFCCOVERING,Second Floor,,General/Site,Roof,Interior,0,,,,,,,,,,,,,,,,,,,,,,,,,,,,,,,,,,,,
0Yk4NQp758yerM1OGkbvYt,IFCCOVERING,Second Floor,,General/Site,Roof,Interior,0,,,,,,,,,,,,,,,,,,,,,,,,,,,,,,,,,,,,
2OsYamQwD3Zfyg4StrW4N6,IFCCOVERING,Second Floor,,General/Site,Roof,Interior,0,,,,,,,,,,,,,,,,,,,,,,,,,,,,,,,,,,,,
0CEHRNzOL9fhqRF4vF3auS,IFCCOVERING,Second Floor,,General/Site,Roof,Interior,0,,,,,,,,,,,,,,,,,,,,,,,,,,,,,,,,,,,,
3AXMOs2mHFk9arsSjHF_wD,IFCCOVERING,Second Floor,,General/Site,Roof,Interior,0,,,,,,,,,,,,,,,,,,,,,,,,,,,,,,,,,,,,
0hLjdDDuP1vAMJ07179bOS,IFCCOVERING,Second Floor,,General/Site,Roof,Interior,0,,,,,,,,,,,,,,,,,,,,,,,,,,,,,,,,,,,,
2USTWXfp1DFeXcxe2oI$oR,IFCCOVERING,Second Floor,,General/Site,Roof,Interior,0,,,,,,,,,,,,,,,,,,,,,,,,,,,,,,,,,,,,
3gXcOMtCP38eYagyrOdAaB,IFCCOVERING,Second Floor,,General/Site,Roof,Interior,0,,,,,,,,,,,,,,,,,,,,,,,,,,,,,,,,,,,,
1YKfbENDbBjATAs1P9Gz3i,IFCCOVERING,Second Floor,,General/Site,Roof,Interior,0,,,,,,,,,,,,,,,,,,,,,,,,,,,,,,,,,,,,
1ZgaXIl1fDCxZVIsRcLsM$,IFCCOVERING,Second Floor,,General/Site,Roof,Interior,0,,,,,,,,,,,,,,,,,,,,,,,,,,,,,,,,,,,,
004cGRbKz9AA8Au2wNMlH0,IFCCOVERING,Second Floor,,General/Site,Roof,Interior,0,,,,,,,,,,,,,,,,,,,,,,,,,,,,,,,,,,,,
2h3kl4obP4i85EuOjifEDQ,IFCCOVERING,Second Floor,,General/Site,Roof,Interior,0,,,,,,,,,,,,,,,,,,,,,,,,,,,,,,,,,,,,
0mlGmEWOXALgBBE3oYvJlY,IFCCOVERING,Second Floor,,General/Site,Roof,Interior,0,,,,,,,,,,,,,,,,,,,,,,,,,,,,,,,,,,,,
1SCGDGXHv2tfm1vfh_bOP2,IFCCOVERING,Second Floor,,General/Site,Roof,Interior,0,,,,,,,,,,,,,,,,,,,,,,,,,,,,,,,,,,,,
3tsY_firTFrOfyBPJqkVmY,IFCCOVERING,Second Floor,,General/Site,Roof,Interior,0,,,,,,,,,,,,,,,,,,,,,,,,,,,,,,,,,,,,
3_ttdHFODBmQ0xnoVcqoUL,IFCCOVERING,Second Floor,,General/Site,Roof,Interior,0,,,,,,,,,,,,,,,,,,,,,,,,,,,,,,,,,,,,
0Vgkkp4GX1hhcsrIN$lI3W,IFCCOVERING,Second Floor,,General/Site,Roof,Interior,0,,,,,,,,,,,,,,,,,,,,,,,,,,,,,,,,,,,,
31xjz2grDBiOUKHRt1HGeo,IFCCOVERING,Second Floor,,General/Site,Roof,Interior,0,,,,,,,,,,,,,,,,,,,,,,,,,,,,,,,,,,,,
1qoMLOZlL0ff$IVuhU6uPV,IFCCOVERING,Second Floor,,General/Site,Roof,Interior,0,,,,,,,,,,,,,,,,,,,,,,,,,,,,,,,,,,,,
13ZP4hqC56suYaFpsrqzdl,IFCCOVERING,Second Floor,,General/Site,Roof,Interior,0,,,,,,,,,,,,,,,,,,,,,,,,,,,,,,,,,,,,
3tCFavAyb0mOySpC9O2fGY,IFCCOVERING,Second Floor,,General/Site,Roof,Interior,0,,,,,,,,,,,,,,,,,,,,,,,,,,,,,,,,,,,,
0kgYUdirv59839ubl8YTAB,IFCCOVERING,Second Floor,,General/Site,Roof,Interior,0,,,,,,,,,,,,,,,,,,,,,,,,,,,,,,,,,,,,
10OJYemj96YgTfe$uEdIQ8,IFCCOVERING,Second Floor,,General/Site,Roof,Interior,0,,,,,,,,,,,,,,,,,,,,,,,,,,,,,,,,,,,,
05AJh0x1DCeef_Pns95BCI,IFCCOVERING,Second Floor,,General/Site,Roof,Interior,0,,,,,,,,,,,,,,,,,,,,,,,,,,,,,,,,,,,,
3SOMRORzr6ceIdIms2W9Tc,IFCCOVERING,Second Floor,,General/Site,Roof,Interior,0,,,,,,,,,,,,,,,,,,,,,,,,,,,,,,,,,,,,
1sDNfpCwTFEwjeEn3YKRsW,IFCCOVERING,Second Floor,,General/Site,Roof,Interior,0,,,,,,,,,,,,,,,,,,,,,,,,,,,,,,,,,,,,
2I98nWlIT7WuqzmwWnvP2V,IFCCOVERING,Second Floor,,General/Site,Roof,Interior,0,,,,,,,,,,,,,,,,,,,,,,,,,,,,,,,,,,,,
2N5WJIlljBBuqHkf8tMkOV,IFCCOVERING,Second Floor,,General/Site,Roof,Interior,0,,,,,,,,,,,,,,,,,,,,,,,,,,,,,,,,,,,,
0S$FGbQcr7$9zToKg5DcEb,IFCCOVERING,Second Floor,,General/Site,Roof,Interior,0,,,,,,,,,,,,,,,,,,,,,,,,,,,,,,,,,,,,
22OR30V5D4mvWSrZoK$yyR,IFCCOVERING,Second Floor,,General/Site,Roof,Interior,0,,,,,,,,,,,,,,,,,,,,,,,,,,,,,,,,,,,,
2jYmOq5xL25REF0CKcqvL3,IFCCOVERING,Second Floor,,General/Site,Roof,Interior,0,,,,,,,,,,,,,,,,,,,,,,,,,,,,,,,,,,,,
3zAcOgOOD1fuctwGX3UrwP,IFCCOVERING,Second Floor,,General/Site,Roof,Interior,0,,,,,,,,,,,,,,,,,,,,,,,,,,,,,,,,,,,,
1ZJ$06pwzCiODdkjNAbAbT,IFCCOVERING,Second Floor,,General/Site,Roof,Interior,0,,,,,,,,,,,,,,,,,,,,,,,,,,,,,,,,,,,,
28dCPiGYfBP89XOObhDkMD,IFCCOVERING,Second Floor,,General/Site,Roof,Interior,0,,,,,,,,,,,,,,,,,,,,,,,,,,,,,,,,,,,,
2wUBwa0HT3Bv4imQ5k4zSS,IFCCOVERING,Second Floor,,General/Site,Roof,Interior,0,,,,,,,,,,,,,,,,,,,,,,,,,,,,,,,,,,,,
0YiaLKzsTBDuRqdrl5ioU5,IFCCOVERING,Second Floor,,General/Site,Roof,Interior,0,,,,,,,,,,,,,,,,,,,,,,,,,,,,,,,,,,,,
3yp24Y_VTA$gEU$IkhzuVa,IFCCOVERING,Second Floor,,General/Site,Roof,Interior,0,,,,,,,,,,,,,,,,,,,,,,,,,,,,,,,,,,,,
2idEjti6zFIgYm2tBrhV$n,IFCCOVERING,Second Floor,,General/Site,Roof,Interior,0,,,,,,,,,,,,,,,,,,,,,,,,,,,,,,,,,,,,
3c4E9lSYPEtPr3zsOvj9Jv,IFCCOVERING,Second Floor,,General/Site,Roof,Interior,0,,,,,,,,,,,,,,,,,,,,,,,,,,,,,,,,,,,,
263rt6Wzn3vxT63VaOKkMi,IFCCOVERING,Second Floor,,General/Site,Roof,Interior,0,,,,,,,,,,,,,,,,,,,,,,,,,,,,,,,,,,,,
0wX$oOwjDDQfT3lXtLd29i,IFCCOVERING,Second Floor,,General/Site,Roof,Interior,0,,,,,,,,,,,,,,,,,,,,,,,,,,,,,,,,,,,,
1TsqjLCEH6wwLEj8X29Kep,IFCCOVERING,Second Floor,,General/Site,Roof,Interior,0,,,,,,,,,,,,,,,,,,,,,,,,,,,,,,,,,,,,
3HUnDXx2X9g9alxST4L_Dg,IFCCOVERING,Second Floor,,General/Site,Roof,Interior,0,,,,,,,,,,,,,,,,,,,,,,,,,,,,,,,,,,,,
1LsBCGZFP28wvaL2L_3ALn,IFCCOVERING,Second Floor,,General/Site,Roof,Interior,0,,,,,,,,,,,,,,,,,,,,,,,,,,,,,,,,,,,,
2spHCP7LbD6fYB2ksSEAD_,IFCCOVERING,Second Floor,,General/Site,Roof,Interior,0,,,,,,,,,,,,,,,,,,,,,,,,,,,,,,,,,,,,
3_SFBy9y17dBR7BmiMv2Qi,IFCCOVERING,Second Floor,,General/Site,Roof,Interior,0,,,,,,,,,,,,,,,,,,,,,,,,,,,,,,,,,,,,
2YxaeDy$P0BujHTOAFp3VQ,IFCCOVERING,Second Floor,,General/Site,Roof,Interior,0,,,,,,,,,,,,,,,,,,,,,,,,,,,,,,,,,,,,
1e4wkLYGX09RgInGN0FVNB,IFCCOVERING,Second Floor,,General/Site,Roof,Interior,0,,,,,,,,,,,,,,,,,,,,,,,,,,,,,,,,,,,,
2fYXhy6j11rRrXwANySkyI,IFCCOVERING,Second Floor,,General/Site,Roof,Interior,0,,,,,,,,,,,,,,,,,,,,,,,,,,,,,,,,,,,,
3rAxNHcDjF2Rh$VdODxxPq,IFCCOVERING,Second Floor,,General/Site,Roof,Interior,0,,,,,,,,,,,,,,,,,,,,,,,,,,,,,,,,,,,,
1NcptYG$9EOxE0lhTG49Is,IFCCOVERING,Second Floor,,General/Site,Roof,Interior,0,,,,,,,,,,,,,,,,,,,,,,,,,,,,,,,,,,,,
2aGNj19n92vBih9O4d81X0,IFCCOVERING,Second Floor,,General/Site,Roof,Interior,0,,,,,,,,,,,,,,,,,,,,,,,,,,,,,,,,,,,,
3_MuN2flbDz9dzzW8pgjxC,IFCCOVERING,Second Floor,,General/Site,Roof,Interior,0,,,,,,,,,,,,,,,,,,,,,,,,,,,,,,,,,,,,
1p1w5nacP7OONFsM71OM6$,IFCCOVERING,Second Floor,,General/Site,Roof,Interior,0,,,,,,,,,,,,,,,,,,,,,,,,,,,,,,,,,,,,
0IG6sF72j8FeR8aRIK4udH,IFCCOVERING,Second Floor,,General/Site,Roof,Interior,0,,,,,,,,,,,,,,,,,,,,,,,,,,,,,,,,,,,,
0N99hQS3D0yOhomAOUdt9Q,IFCCOVERING,Second Floor,,General/Site,Roof,Interior,0,,,,,,,,,,,,,,,,,,,,,,,,,,,,,,,,,,,,
2FoeBeMlDA0vJjr2esbP7i,IFCCOVERING,Second Floor,,General/Site,Roof,Interior,0,,,,,,,,,,,,,,,,,,,,,,,,,,,,,,,,,,,,
3AWjtizFX39x9Z5E26ApIh,IFCCOVERING,Second Floor,,General/Site,Roof,Interior,0,,,,,,,,,,,,,,,,,,,,,,,,,,,,,,,,,,,,
2E_ASYemDCnwOCLHb_utIl,IFCCOVERING,Second Floor,,General/Site,Roof,Interior,0,,,,,,,,,,,,,,,,,,,,,,,,,,,,,,,,,,,,
1w_cf5um15YeA5EFxBM09Q,IFCCOVERING,Second Floor,,General/Site,Roof,Interior,0,,,,,,,,,,,,,,,,,,,,,,,,,,,,,,,,,,,,
30ZmlhWbr4VBz3xLcW43Qb,IFCCOVERING,Second Floor,,General/Site,Roof,Interior,0,,,,,,,,,,,,,,,,,,,,,,,,,,,,,,,,,,,,
3YaphMQD12wxpovAu7Z8Pn,IFCCOVERING,Second Floor,,General/Site,Roof,Interior,0,,,,,,,,,,,,,,,,,,,,,,,,,,,,,,,,,,,,
2$4ln8GEbA0AHrv2xLdRy6,IFCCOVERING,Second Floor,,General/Site,Roof,Interior,0,,,,,,,,,,,,,,,,,,,,,,,,,,,,,,,,,,,,
0hLetPvKL1rf1mDgBZcqk3,IFCCOVERING,Second Floor,,General/Site,Roof,Interior,0,,,,,,,,,,,,,,,,,,,,,,,,,,,,,,,,,,,,
1h6OIrFBnAwum3k54RBlXq,IFCCOVERING,Second Floor,,General/Site,Roof,Interior,0,,,,,,,,,,,,,,,,,,,,,,,,,,,,,,,,,,,,
2rH49YgVH7KvIFa22Tb_9f,IFCCOVERING,Second Floor,,General/Site,Roof,Interior,0,,,,,,,,,,,,,,,,,,,,,,,,,,,,,,,,,,,,
3vP$ytW3j63eSFZgWReeQS,IFCCOVERING,Second Floor,,General/Site,Roof,Interior,0,,,,,,,,,,,,,,,,,,,,,,,,,,,,,,,,,,,,
25uQiKqNf5bfXw341XHUd6,IFCCOVERING,Second Floor,,General/Site,Roof,Interior,0,,,,,,,,,,,,,,,,,,,,,,,,,,,,,,,,,,,,
3gur72jAz1kxSp3cfUFZJj,IFCCOVERING,Second Floor,,General/Site,Roof,Interior,0,,,,,,,,,,,,,,,,,,,,,,,,,,,,,,,,,,,,
2MK8zXpo1AGfhA1dFKqBx8,IFCCOVERING,Second Floor,,General/Site,Roof,Interior,0,,,,,,,,,,,,,,,,,,,,,,,,,,,,,,,,,,,,
1LZFk8TJDB7vB9ESEfO2iI,IFCCOVERING,Second Floor,,General/Site,Roof,Interior,0,,,,,,,,,,,,,,,,,,,,,,,,,,,,,,,,,,,,
1$LJ1bwufAdu8NAhDURBqY,IFCCOVERING,Second Floor,,General/Site,Roof,Interior,0,,,,,,,,,,,,,,,,,,,,,,,,,,,,,,,,,,,,
0ViCxD6BzDnO2eLyPcgBNe,IFCCOVERING,Second Floor,,General/Site,Roof,Interior,0,,,,,,,,,,,,,,,,,,,,,,,,,,,,,,,,,,,,
3m8wkSX5z6dvcXgdaR23OK,IFCCOVERING,Second Floor,,General/Site,Roof,Interior,0,,,,,,,,,,,,,,,,,,,,,,,,,,,,,,,,,,,,
2w6Dec7xf2lPgmSw6K6QTY,IFCCOVERING,Second Floor,,General/Site,Roof,Interior,0,,,,,,,,,,,,,,,,,,,,,,,,,,,,,,,,,,,,
1y_WxlIob9QeKRNkTLDj9A,IFCCOVERING,Second Floor,,General/Site,Roof,Interior,0,,,,,,,,,,,,,,,,,,,,,,,,,,,,,,,,,,,,
1wUbVN$lj958cEYVoSJ3lQ,IFCCOVERING,Second Floor,,General/Site,Roof,Interior,0,,,,,,,,,,,,,,,,,,,,,,,,,,,,,,,,,,,,
2G8BhRIgHEMOEsNcGd5qW2,IFCCOVERING,Second Floor,,General/Site,Roof,Interior,0,,,,,,,,,,,,,,,,,,,,,,,,,,,,,,,,,,,,
34UW22WjPAWf6PzRNNXwsh,IFCCOVERING,Second Floor,,General/Site,Roof,Interior,0,,,,,,,,,,,,,,,,,,,,,,,,,,,,,,,,,,,,
0ribQrRunEwfbGqdPh_E8G,IFCCOVERING,Second Floor,,General/Site,Roof,Interior,0,,,,,,,,,,,,,,,,,,,,,,,,,,,,,,,,,,,,
3T3cipRsPB0Rcgks4vKbLd,IFCCOVERING,Second Floor,,General/Site,Roof,Interior,0,,,,,,,,,,,,,,,,,,,,,,,,,,,,,,,,,,,,
3LDABZjVfAZPWX89pADc26,IFCCOVERING,Second Floor,,General/Site,Roof,Interior,0,,,,,,,,,,,,,,,,,,,,,,,,,,,,,,,,,,,,
3obd1uuJz97g9xKEEl2gmO,IFCCOVERING,Second Floor,,General/Site,Roof,Interior,0,,,,,,,,,,,,,,,,,,,,,,,,,,,,,,,,,,,,
1bUFYp1eHDuxK5XD$fPYhl,IFCCOVERING,Second Floor,,General/Site,Roof,Interior,0,,,,,,,,,,,,,,,,,,,,,,,,,,,,,,,,,,,,
0dIoBkISP8duVBDSa$63CX,IFCCOVERING,Second Floor,,General/Site,Roof,Interior,0,,,,,,,,,,,,,,,,,,,,,,,,,,,,,,,,,,,,
1MfHZp3nD3BxafvCGta6YH,IFCCOVERING,Second Floor,,General/Site,Roof,Interior,0,,,,,,,,,,,,,,,,,,,,,,,,,,,,,,,,,,,,
1ru7RMAQL6mhhKGR1MdL4P,IFCCOVERING,Second Floor,Apartment 7,General/Site,Roof,Interior,0,,,,,,,,,,,,,,,,,,,,,,,,,,,,,,,,,,,,
0s9t5QP6H55uqtSD11XQbJ,IFCCOVERING,Second Floor,,General/Site,Roof,Interior,0,,,,,,,,,,,,,,,,,,,,,,,,,,,,,,,,,,,,
1o8zw8W1DBxhfuqPTVi40Y,IFCCOVERING,Second Floor,,General/Site,Roof,Interior,0,,,,,,,,,,,,,,,,,,,,,,,,,,,,,,,,,,,,
0xlwFvLOn1EP5we8AtJw6$,IFCCOVERING,Second Floor,,General/Site,Roof,Interior,0,,,,,,,,,,,,,,,,,,,,,,,,,,,,,,,,,,,,
17lsx1LbTFLR6JDeuC5LRA,IFCCOVERING,Second Floor,,General/Site,Roof,Interior,0,,,,,,,,,,,,,,,,,,,,,,,,,,,,,,,,,,,,
0OCXCn3OLEJPn9Ben$c09G,IFCCOVERING,Second Floor,,General/Site,Roof,Interior,0,,,,,,,,,,,,,,,,,,,,,,,,,,,,,,,,,,,,
3hqyh3fov9vxvrX2KulWNx,IFCCOVERING,Second Floor,,General/Site,Roof,Interior,0,,,,,,,,,,,,,,,,,,,,,,,,,,,,,,,,,,,,
3k4Z3diXzAWAnqMaC4UbXG,IFCCOVERING,Second Floor,,General/Site,Roof,Interior,0,,,,,,,,,,,,,,,,,,,,,,,,,,,,,,,,,,,,
10T_URhX986PdE3NdBihco,IFCCOVERING,Second Floor,,General/Site,Roof,Interior,0,,,,,,,,,,,,,,,,,,,,,,,,,,,,,,,,,,,,
02kNxbdKn4PhabTZKeKZeX,IFCCOVERING,Second Floor,,General/Site,Roof,Interior,0,,,,,,,,,,,,,,,,,,,,,,,,,,,,,,,,,,,,
0X2DCRiErF1wPAXKdSeEWq,IFCCOVERING,Second Floor,,General/Site,Roof,Interior,0,,,,,,,,,,,,,,,,,,,,,,,,,,,,,,,,,,,,
2D9nuK0m53QxxuIO8ZlCOd,IFCCOVERING,Second Floor,,General/Site,Roof,Interior,0,,,,,,,,,,,,,,,,,,,,,,,,,,,,,,,,,,,,
09Nbr_FCL478NyPQWwab1p,IFCCOVERING,Second Floor,,General/Site,Roof,Interior,0,,,,,,,,,,,,,,,,,,,,,,,,,,,,,,,,,,,,
3WIzlj1Yn7wxhUAR77evUo,IFCCOVERING,Second Floor,,General/Site,Roof,Interior,0,,,,,,,,,,,,,,,,,,,,,,,,,,,,,,,,,,,,
1h8PcImEHDV80gZfEGotBQ,IFCCOVERING,Second Floor,,General/Site,Roof,Interior,0,,,,,,,,,,,,,,,,,,,,,,,,,,,,,,,,,,,,
3HfPISjJLBkxOpROaZVqjZ,IFCCOVERING,Second Floor,,General/Site,Roof,Interior,0,,,,,,,,,,,,,,,,,,,,,,,,,,,,,,,,,,,,
1MYYNurHr0vwxccpuLtC2G,IFCCOVERING,Second Floor,,General/Site,Roof,Interior,0,,,,,,,,,,,,,,,,,,,,,,,,,,,,,,,,,,,,
1n7ltW7NP0IAR8jo$B0Loq,IFCCOVERING,Second Floor,,General/Site,Roof,Interior,0,,,,,,,,,,,,,,,,,,,,,,,,,,,,,,,,,,,,
1QPMQOO0b4y9nNJwRC$vND,IFCCOVERING,Second Floor,Apartment 7,General/Site,Roof,Interior,0,,,,,,,,,,,,,,,,,,,,,,,,,,,,,,,,,,,,
1frhZJ0dn9igmNDJAJJpL7,IFCCOVERING,Second Floor,Apartment 7,General/Site,Roof,Interior,0,,,,,,,,,,,,,,,,,,,,,,,,,,,,,,,,,,,,
3DmoEIa8fBMhPKSJSrb6_c,IFCCOVERING,Second Floor,Apartment 8,General/Site,Roof,Interior,0,,,,,,,,,,,,,,,,,,,,,,,,,,,,,,,,,,,,
22Sn1eMR53yR3yAIEQ8Vz$,IFCCOVERING,Second Floor,Apartment 8,General/Site,Roof,Interior,0,,,,,,,,,,,,,,,,,,,,,,,,,,,,,,,,,,,,
0QAH$QE0LERORbXUDVkjCO,IFCCOVERING,Second Floor,Apartment 8,General/Site,Roof,Interior,0,,,,,,,,,,,,,,,,,,,,,,,,,,,,,,,,,,,,
0k$DhH6jfDAwdj687vwW_7,IFCCOVERING,Second Floor,,General/Site,Roof,Interior,0,,,,,,,,,,,,,,,,,,,,,,,,,,,,,,,,,,,,
3dKbakG2DFL9knNaSiCEtA,IFCCOVERING,Second Floor,Apartment 8,General/Site,Roof,Interior,0,,,,,,,,,,,,,,,,,,,,,,,,,,,,,,,,,,,,
0vRo8zr1r2KPwl$Iz7YO89,IFCCOVERING,Second Floor,Apartment 7,General/Site,Roof,Interior,0,,,,,,,,,,,,,,,,,,,,,,,,,,,,,,,,,,,,
12KPhoDIP1SQktcRUxc8_B,IFCCOVERING,Second Floor,Apartment 8,General/Site,Roof,Interior,0,,,,,,,,,,,,,,,,,,,,,,,,,,,,,,,,,,,,
0VVyp1Gyz4CfN$qlgbz42$,IFCCOVERING,Second Floor,,General/Site,Roof,Interior,0,,,,,,,,,,,,,,,,,,,,,,,,,,,,,,,,,,,,
0OcXrOXLj09gSv4En94PF3,IFCCOVERING,Second Floor,,General/Site,Roof,Interior,0,,,,,,,,,,,,,,,,,,,,,,,,,,,,,,,,,,,,
3XaMzz5EPFJgWBW8rjlGud,IFCCOVERING,Second Floor,,General/Site,Roof,Interior,0,,,,,,,,,,,,,,,,,,,,,,,,,,,,,,,,,,,,
3nkmlq2$zAAPbH65k$qQft,IFCCOVERING,Second Floor,,General/Site,Roof,Interior,0,,,,,,,,,,,,,,,,,,,,,,,,,,,,,,,,,,,,
35LDL3pLv0o898Nl7E7WSe,IFCCOVERING,Second Floor,,General/Site,Roof,Interior,0,,,,,,,,,,,,,,,,,,,,,,,,,,,,,,,,,,,,
0iIJwHQH92pAAY9xCrPg0R,IFCCOVERING,Second Floor,,General/Site,Roof,Interior,0,,,,,,,,,,,,,,,,,,,,,,,,,,,,,,,,,,,,
3T1Rrw9vj91Ra66OACNMug,IFCCOVERING,Second Floor,,General/Site,Roof,Interior,0,,,,,,,,,,,,,,,,,,,,,,,,,,,,,,,,,,,,
3ANfFVlv96quj0YAXgG2EW,IFCCOVERING,Second Floor,,General/Site,Roof,Interior,0,,,,,,,,,,,,,,,,,,,,,,,,,,,,,,,,,,,,
1pCWgZVjb7fALaNH9m_8SV,IFCCOVERING,Second Floor,,General/Site,Roof,Interior,0,,,,,,,,,,,,,,,,,,,,,,,,,,,,,,,,,,,,
21LJCYmbn9$xZHIqsikfhc,IFCCOVERING,Second Floor,,General/Site,Roof,Interior,0,,,,,,,,,,,,,,,,,,,,,,,,,,,,,,,,,,,,
1NzfHSjQf0dP8pp4_Q0OQr,IFCCOVERING,Second Floor,,General/Site,Roof,Interior,0,,,,,,,,,,,,,,,,,,,,,,,,,,,,,,,,,,,,
1SWGutEqrBz85OYTimTpPT,IFCCOVERING,Second Floor,,General/Site,Roof,Interior,0,,,,,,,,,,,,,,,,,,,,,,,,,,,,,,,,,,,,
0ZCs69aVn4swjErd48MO87,IFCCOVERING,Second Floor,,General/Site,Roof,Interior,0,,,,,,,,,,,,,,,,,,,,,,,,,,,,,,,,,,,,
2HicuVfDT6OwMJhSmT5izA,IFCCOVERING,Second Floor,,General/Site,Roof,Interior,0,,,,,,,,,,,,,,,,,,,,,,,,,,,,,,,,,,,,
0gza7aYaf5hQtRm5IPfjPM,IFCCOVERING,Second Floor,,General/Site,Roof,Interior,0,,,,,,,,,,,,,,,,,,,,,,,,,,,,,,,,,,,,
2$De7CtqX3Mgoh9zgijQf7,IFCCOVERING,Second Floor,,General/Site,Roof,Interior,0,,,,,,,,,,,,,,,,,,,,,,,,,,,,,,,,,,,,
1bmL$ar598Uxf0yiGX2cVj,IFCCOVERING,Second Floor,,General/Site,Roof,Interior,0,,,,,,,,,,,,,,,,,,,,,,,,,,,,,,,,,,,,
10DhVls71AXQLFZFJNHFGp,IFCCOVERING,Second Floor,,General/Site,Roof,Interior,0,,,,,,,,,,,,,,,,,,,,,,,,,,,,,,,,,,,,
3mQzaEv2j2tPZFDdVGZ9OE,IFCCOVERING,Second Floor,,General/Site,Roof,Interior,0,,,,,,,,,,,,,,,,,,,,,,,,,,,,,,,,,,,,
3QvgrVNKj7EegodbnVdP_S,IFCCOVERING,Second Floor,,General/Site,Roof,Interior,0,,,,,,,,,,,,,,,,,,,,,,,,,,,,,,,,,,,,
21kO$RROb3D9Afl5VHwHqA,IFCCOVERING,Second Floor,,General/Site,Roof,Interior,0,,,,,,,,,,,,,,,,,,,,,,,,,,,,,,,,,,,,
2kGtcgvTXFYQiDOauRxh1J,IFCCOVERING,Second Floor,Apartment 8,General/Site,Roof,Interior,0,,,,,,,,,,,,,,,,,,,,,,,,,,,,,,,,,,,,
2OwQUmdIz75gGVCR1d9rsS,IFCCOVERING,Second Floor,,General/Site,Roof,Interior,0,,,,,,,,,,,,,,,,,,,,,,,,,,,,,,,,,,,,
35isLwzrLEMQ5J1PxgwhV2,IFCCOVERING,Second Floor,,General/Site,Roof,Interior,0,,,,,,,,,,,,,,,,,,,,,,,,,,,,,,,,,,,,
2L9I1faw5BH8B7d3U4o0k6,IFCCOVERING,Second Floor,,General/Site,Roof,Interior,0,,,,,,,,,,,,,,,,,,,,,,,,,,,,,,,,,,,,
3AO8rcyk509vx6_biIFGbq,IFCCOVERING,Second Floor,,General/Site,Roof,Interior,0,,,,,,,,,,,,,,,,,,,,,,,,,,,,,,,,,,,,
0Td24v2BHAUet$FM3mUVYG,IFCCOVERING,Second Floor,,General/Site,Roof,Interior,0,,,,,,,,,,,,,,,,,,,,,,,,,,,,,,,,,,,,
2CF46ZLfjDl9_OThXOL3Ui,IFCCOVERING,Second Floor,,General/Site,Roof,Interior,0,,,,,,,,,,,,,,,,,,,,,,,,,,,,,,,,,,,,
38mNkYl85BqBqgcQF2nPz2,IFCCOVERING,Second Floor,,General/Site,Roof,Interior,0,,,,,,,,,,,,,,,,,,,,,,,,,,,,,,,,,,,,
0wD8_2cWLCHwIYYV7oiWJR,IFCCOVERING,Second Floor,,General/Site,Roof,Interior,0,,,,,,,,,,,,,,,,,,,,,,,,,,,,,,,,,,,,
3FSNHKepX1b81SfN2h$in$,IFCCOVERING,Second Floor,,General/Site,Roof,Interior,0,,,,,,,,,,,,,,,,,,,,,,,,,,,,,,,,,,,,
2UW8Nuol55RvcYfIIg2t4F,IFCCOVERING,Second Floor,,General/Site,Roof,Interior,0,,,,,,,,,,,,,,,,,,,,,,,,,,,,,,,,,,,,
2iY8GEYm18rvxmJtXrcJUB,IFCCOVERING,Second Floor,,General/Site,Roof,Interior,0,,,,,,,,,,,,,,,,,,,,,,,,,,,,,,,,,,,,
1cElYUTi9EnwR5DfAu7DbS,IFCCOVERING,Second Floor,,General/Site,Roof,Interior,0,,,,,,,,,,,,,,,,,,,,,,,,,,,,,,,,,,,,
0yvaZZ5SXBvwsW8c$CiibL,IFCCOVERING,Second Floor,,General/Site,Roof,Interior,0,,,,,,,,,,,,,,,,,,,,,,,,,,,,,,,,,,,,
3zMbwuFL99dhfT$bnbCUQh,IFCCOVERING,Second Floor,,General/Site,Roof,Interior,0,,,,,,,,,,,,,,,,,,,,,,,,,,,,,,,,,,,,
2Vq61W0tTCYekxm1_Frfu6,IFCCOVERING,Second Floor,,General/Site,Roof,Interior,0,,,,,,,,,,,,,,,,,,,,,,,,,,,,,,,,,,,,
3WPwSEV4PAEepktdz_gSSU,IFCCOVERING,Second Floor,,General/Site,Roof,Interior,0,,,,,,,,,,,,,,,,,,,,,,,,,,,,,,,,,,,,
0y06tnvd582BNBP8CaSa14,IFCCOVERING,Second Floor,,General/Site,Roof,Interior,0,,,,,,,,,,,,,,,,,,,,,,,,,,,,,,,,,,,,
2dL94Anh50Eh_VcHmlZFPX,IFCCOVERING,Second Floor,,General/Site,Roof,Interior,0,,,,,,,,,,,,,,,,,,,,,,,,,,,,,,,,,,,,
1YUEu0$x5BQftN0VM$J8Lp,IFCCOVERING,Second Floor,,General/Site,Roof,Interior,0,,,,,,,,,,,,,,,,,,,,,,,,,,,,,,,,,,,,
2Eokw1FhzELA7So9o_Tfos,IFCCOVERING,Second Floor,,General/Site,Roof,Interior,0,,,,,,,,,,,,,,,,,,,,,,,,,,,,,,,,,,,,
20Zo3pxVH7uAXf86D5hIdN,IFCCOVERING,Second Floor,,General/Site,Roof,Interior,0,,,,,,,,,,,,,,,,,,,,,,,,,,,,,,,,,,,,
28QaB18Vv0uefl957GYaW8,IFCCOVERING,Second Floor,,General/Site,Roof,Interior,0,,,,,,,,,,,,,,,,,,,,,,,,,,,,,,,,,,,,
3Q1T3sQLH32uFM6qfRhP4g,IFCCOVERING,Second Floor,,General/Site,Roof,Interior,0,,,,,,,,,,,,,,,,,,,,,,,,,,,,,,,,,,,,
1TOSYTO4zAhuQuds2Dcoad,IFCCOVERING,Second Floor,,General/Site,Roof,Interior,0,,,,,,,,,,,,,,,,,,,,,,,,,,,,,,,,,,,,
0glQjezOP3jPGIGXddmdSc,IFCCOVERING,Second Floor,,General/Site,Roof,Interior,0,,,,,,,,,,,,,,,,,,,,,,,,,,,,,,,,,,,,
36ym$MS0P1GBH7IZQkZWGl,IFCCOVERING,Second Floor,,General/Site,Roof,Interior,0,,,,,,,,,,,,,,,,,,,,,,,,,,,,,,,,,,,,
0SedMzh2P71g$vtlS$lB_c,IFCCOVERING,Second Floor,,General/Site,Roof,Interior,0,,,,,,,,,,,,,,,,,,,,,,,,,,,,,,,,,,,,
0b7YxFrHD9YuacR5qdKp2D,IFCCOVERING,Second Floor,,General/Site,Roof,Interior,0,,,,,,,,,,,,,,,,,,,,,,,,,,,,,,,,,,,,
29CewCSbr0$xEvf$Dy0tWX,IFCCOVERING,Second Floor,,General/Site,Roof,Interior,0,,,,,,,,,,,,,,,,,,,,,,,,,,,,,,,,,,,,
0InzsGrqzC9Bv1Wd9Kbjii,IFCCOVERING,Second Floor,,General/Site,Roof,Interior,0,,,,,,,,,,,,,,,,,,,,,,,,,,,,,,,,,,,,
09MYoQ04P8sQ9TfWaBV7Pn,IFCCOVERING,Second Floor,,General/Site,Roof,Interior,0,,,,,,,,,,,,,,,,,,,,,,,,,,,,,,,,,,,,
0IQRdkI3TDXwk61BvckJx9,IFCCOVERING,Second Floor,,General/Site,Roof,Interior,0,,,,,,,,,,,,,,,,,,,,,,,,,,,,,,,,,,,,
0panV$MJPFOxsDAUxnXj4h,IFCCOVERING,Second Floor,,General/Site,Roof,Interior,0,,,,,,,,,,,,,,,,,,,,,,,,,,,,,,,,,,,,
1utO70jx97DuryPw49DqCV,IFCCOVERING,Second Floor,,General/Site,Roof,Interior,0,,,,,,,,,,,,,,,,,,,,,,,,,,,,,,,,,,,,
2pp4fNepzE2PJPOxU_AX$v,IFCCOVERING,Second Floor,,General/Site,Roof,Interior,0,,,,,,,,,,,,,,,,,,,,,,,,,,,,,,,,,,,,
2GYRRAAuX9P8pYnJXc1Q8z,IFCCOVERING,Second Floor,,General/Site,Roof,Interior,0,,,,,,,,,,,,,,,,,,,,,,,,,,,,,,,,,,,,
1qGak1w8fBUfMKn246Ht3e,IFCCOVERING,Second Floor,,General/Site,Roof,Interior,0,,,,,,,,,,,,,,,,,,,,,,,,,,,,,,,,,,,,
1IDLEGfTv99A6kafhmcwfR,IFCCOVERING,Second Floor,,General/Site,Roof,Interior,0,,,,,,,,,,,,,,,,,,,,,,,,,,,,,,,,,,,,
3vKCRqSgT3e86OyZmOT6qe,IFCCOVERING,Second Floor,,General/Site,Roof,Interior,0,,,,,,,,,,,,,,,,,,,,,,,,,,,,,,,,,,,,
0$rlGvynbClxBjanR1Zjq6,IFCCOVERING,Second Floor,,General/Site,Roof,Interior,0,,,,,,,,,,,,,,,,,,,,,,,,,,,,,,,,,,,,
1o14ktUjv4HvRfqcWwBdBL,IFCCOVERING,Second Floor,,General/Site,Roof,Interior,0,,,,,,,,,,,,,,,,,,,,,,,,,,,,,,,,,,,,
1VGuGMuYP6_fFqwZcVW2LZ,IFCCOVERING,Second Floor,,General/Site,Roof,Interior,0,,,,,,,,,,,,,,,,,,,,,,,,,,,,,,,,,,,,
3LR4u6V655Qu_OXaoJNfRI,IFCCOVERING,Second Floor,,General/Site,Roof,Interior,0,,,,,,,,,,,,,,,,,,,,,,,,,,,,,,,,,,,,
2EQFGlwUv1WPk51oM8OXVc,IFCCOVERING,Second Floor,,General/Site,Roof,Interior,0,,,,,,,,,,,,,,,,,,,,,,,,,,,,,,,,,,,,
0HqyEbXNj9B9pyPkfzqdot,IFCCOVERING,Second Floor,,General/Site,Roof,Interior,0,,,,,,,,,,,,,,,,,,,,,,,,,,,,,,,,,,,,
0bh_izAIvCGR4N2dD46iKk,IFCCOVERING,Second Floor,,General/Site,Roof,Interior,0,,,,,,,,,,,,,,,,,,,,,,,,,,,,,,,,,,,,
1EAotCuNzD2w4dz5DcwpX_,IFCCOVERING,Second Floor,,General/Site,Roof,Interior,0,,,,,,,,,,,,,,,,,,,,,,,,,,,,,,,,,,,,
0s32iHDqHCbhVTIurV1DM1,IFCCOVERING,Second Floor,Apartment 7,General/Site,Roof,Interior,0,,,,,,,,,,,,,,,,,,,,,,,,,,,,,,,,,,,,
0C15Ueyij9Ix_$X6QA82aH,IFCCOVERING,Second Floor,,General/Site,Roof,Interior,0,,,,,,,,,,,,,,,,,,,,,,,,,,,,,,,,,,,,
2iFPE94rj0YPhjIJrJuRfN,IFCCOVERING,Second Floor,Apartment 8,General/Site,Roof,Interior,0,,,,,,,,,,,,,,,,,,,,,,,,,,,,,,,,,,,,
1$ZSmKrKzBfBEkMo2u5OCd,IFCCOVERING,Second Floor,Apartment 7,General/Site,Roof,Interior,0,,,,,,,,,,,,,,,,,,,,,,,,,,,,,,,,,,,,
0AYEJj_YT5aw1Xbm_vQkge,IFCCOVERING,Second Floor,,General/Site,Roof,Interior,0,,,,,,,,,,,,,,,,,,,,,,,,,,,,,,,,,,,,
0TR7BhwiDF08mPxtQyahLL,IFCCOVERING,Second Floor,,General/Site,Roof,Interior,0,,,,,,,,,,,,,,,,,,,,,,,,,,,,,,,,,,,,
0p2RY$A7XBlf$Hm3rYXLDg,IFCCOVERING,Second Floor,,General/Site,Roof,Interior,0,,,,,,,,,,,,,,,,,,,,,,,,,,,,,,,,,,,,
3ejbAsRG1Fbgj6dreFz_OC,IFCCOVERING,Second Floor,,General/Site,Roof,Interior,0,,,,,,,,,,,,,,,,,,,,,,,,,,,,,,,,,,,,
1kIOG_bPX9qwW5h_iOhFqI,IFCCOVERING,Second Floor,,General/Site,Roof,Interior,0,,,,,,,,,,,,,,,,,,,,,,,,,,,,,,,,,,,,
1UpqXpHkP3EQWExrr2tUs7,IFCCOVERING,Second Floor,,General/Site,Roof,Interior,0,,,,,,,,,,,,,,,,,,,,,,,,,,,,,,,,,,,,
14NwEJAu1AKfKB4isUssF4,IFCCOVERING,Second Floor,,General/Site,Roof,Interior,0,,,,,,,,,,,,,,,,,,,,,,,,,,,,,,,,,,,,
2YHpvYar5Fo9ZjwKqXPKG9,IFCCOVERING,Second Floor,,General/Site,Roof,Interior,0,,,,,,,,,,,,,,,,,,,,,,,,,,,,,,,,,,,,
1FxXj6eeb9Sv00jRopMo7n,IFCCOVERING,Second Floor,,General/Site,Roof,Interior,0,,,,,,,,,,,,,,,,,,,,,,,,,,,,,,,,,,,,
057MDqFFb5qgenb6l63N4M,IFCCOVERING,Second Floor,,General/Site,Roof,Interior,0,,,,,,,,,,,,,,,,,,,,,,,,,,,,,,,,,,,,
2NQfYbTPr4490iq2kVoJd2,IFCCOVERING,Second Floor,,General/Site,Roof,Interior,0,,,,,,,,,,,,,,,,,,,,,,,,,,,,,,,,,,,,
3TOCkdOov3X9ubnqL1EJ$9,IFCCOVERING,Second Floor,,General/Site,Roof,Interior,0,,,,,,,,,,,,,,,,,,,,,,,,,,,,,,,,,,,,
0oiaAyK0zBEOjuWZRwpp9J,IFCCOVERING,Second Floor,,General/Site,Roof,Interior,0,,,,,,,,,,,,,,,,,,,,,,,,,,,,,,,,,,,,
3pbT9Upr5CPhheayA4MaGr,IFCCOVERING,Second Floor,,General/Site,Roof,Interior,0,,,,,,,,,,,,,,,,,,,,,,,,,,,,,,,,,,,,
11pB9wCfHBlR2L9Uc_W9hr,IFCCOVERING,Second Floor,,General/Site,Roof,Interior,0,,,,,,,,,,,,,,,,,,,,,,,,,,,,,,,,,,,,
2KU91dhGDBFRhIpbVu$ao1,IFCCOVERING,Second Floor,,General/Site,Roof,Interior,0,,,,,,,,,,,,,,,,,,,,,,,,,,,,,,,,,,,,
3295fRUAH0yAb3MiERHCS$,IFCCOVERING,Second Floor,,General/Site,Roof,Interior,0,,,,,,,,,,,,,,,,,,,,,,,,,,,,,,,,,,,,
28LRiezuj1GOfNsHqZaFZ5,IFCCOVERING,Second Floor,,General/Site,Roof,Interior,0,,,,,,,,,,,,,,,,,,,,,,,,,,,,,,,,,,,,
3NkMLpgyfBJxrhBJ1hWWu6,IFCCOVERING,Second Floor,,General/Site,Roof,Interior,0,,,,,,,,,,,,,,,,,,,,,,,,,,,,,,,,,,,,
0jDBRiB254gAJv7ftRYoVm,IFCCOVERING,Second Floor,,General/Site,Roof,Interior,0,,,,,,,,,,,,,,,,,,,,,,,,,,,,,,,,,,,,
2j4Tmo2iX7twR5JVfbF4$h,IFCCOVERING,Second Floor,,General/Site,Roof,Interior,0,,,,,,,,,,,,,,,,,,,,,,,,,,,,,,,,,,,,
0ZYEE2X9HFEwyXmDzfDoNL,IFCCOVERING,Second Floor,,General/Site,Roof,Interior,0,,,,,,,,,,,,,,,,,,,,,,,,,,,,,,,,,,,,
1hTtFy5GX29gKSYz67rHrm,IFCCOVERING,Second Floor,,General/Site,Roof,Interior,0,,,,,,,,,,,,,,,,,,,,,,,,,,,,,,,,,,,,
1JcJ_Zj0fC_gB5ZY0StrZs,IFCCOVERING,Second Floor,,General/Site,Roof,Interior,0,,,,,,,,,,,,,,,,,,,,,,,,,,,,,,,,,,,,
2Vc_vF_XDE_wq26mB7pWiy,IFCCOVERING,Second Floor,,General/Site,Roof,Interior,0,,,,,,,,,,,,,,,,,,,,,,,,,,,,,,,,,,,,
2480dOKSvFCRp650DQ7Us3,IFCCOVERING,Second Floor,,General/Site,Roof,Interior,0,,,,,,,,,,,,,,,,,,,,,,,,,,,,,,,,,,,,
2fYhFjv$X1Wv9AkbHXwz4$,IFCCOVERING,Second Floor,,General/Site,Roof,Interior,0,,,,,,,,,,,,,,,,,,,,,,,,,,,,,,,,,,,,
2M9gAhAcz78xKSJ9_HDSSr,IFCCOVERING,Second Floor,,General/Site,Roof,Interior,0,,,,,,,,,,,,,,,,,,,,,,,,,,,,,,,,,,,,
3JHMbjGtD4zx$tFA6xuKmS,IFCCOVERING,Second Floor,,General/Site,Roof,Interior,0,,,,,,,,,,,,,,,,,,,,,,,,,,,,,,,,,,,,
0EC1ShdPLDWA7l0_xCuX64,IFCCOVERING,Second Floor,,General/Site,Roof,Interior,0,,,,,,,,,,,,,,,,,,,,,,,,,,,,,,,,,,,,
3JHI0mVl5FuuvPw0ci59Rr,IFCCOVERING,Second Floor,,General/Site,Roof,Interior,0,,,,,,,,,,,,,,,,,,,,,,,,,,,,,,,,,,,,
1Sr_DsVDX15PglzR05U4Ap,IFCCOVERING,Second Floor,,General/Site,Roof,Interior,0,,,,,,,,,,,,,,,,,,,,,,,,,,,,,,,,,,,,
0LieXO3nv5ieyCsDgjxHp5,IFCCOVERING,Third Floor,,General/Site,Roof,Interior,0,,,,,,,,,,,,,,,,,,,,,,,,,,,,,,,,,,,,
32vgQ0GJf0z9oImXA6ATmb,IFCCOVERING,Third Floor,,General/Site,Roof,Interior,0,,,,,,,,,,,,,,,,,,,,,,,,,,,,,,,,,,,,
3vCCb9ccP9Wf_oMyDMnFBZ,IFCCOVERING,Third Floor,,General/Site,Roof,Interior,0,,,,,,,,,,,,,,,,,,,,,,,,,,,,,,,,,,,,
1_uOEsbJfFJPp_amZDYIuF,IFCCOVERING,Third Floor,,General/Site,Roof,Interior,0,,,,,,,,,,,,,,,,,,,,,,,,,,,,,,,,,,,,
1Qq$xL8217iBElIl7o8SO8,IFCCOVERING,Third Floor,,General/Site,Roof,Interior,0,,,,,,,,,,,,,,,,,,,,,,,,,,,,,,,,,,,,
39GpFl7Sb9COtYLmEq1bBG,IFCCOVERING,Third Floor,,General/Site,Roof,Interior,0,,,,,,,,,,,,,,,,,,,,,,,,,,,,,,,,,,,,
1iAvXA9o5BPgAwhGeJ88dm,IFCCOVERING,Third Floor,,General/Site,Roof,Interior,0,,,,,,,,,,,,,,,,,,,,,,,,,,,,,,,,,,,,
2N2M5zi3L3ghszlmPoJ3z$,IFCCOVERING,Third Floor,,General/Site,Roof,Interior,0,,,,,,,,,,,,,,,,,,,,,,,,,,,,,,,,,,,,
3T7qMysCj85xrHCzTZnlNj,IFCCOVERING,Third Floor,,General/Site,Roof,Interior,0,,,,,,,,,,,,,,,,,,,,,,,,,,,,,,,,,,,,
060KlqT792Gu$HoedzYDFv,IFCCOVERING,Third Floor,,General/Site,Roof,Interior,0,,,,,,,,,,,,,,,,,,,,,,,,,,,,,,,,,,,,
20qaS1_VH8IOJrYDQQgAEV,IFCCOVERING,Third Floor,,General/Site,Roof,Interior,0,,,,,,,,,,,,,,,,,,,,,,,,,,,,,,,,,,,,
3w_DN4OXLFLh0fZuG0WNd0,IFCCOVERING,Third Floor,Apartment 10,General/Site,Roof,Interior,0,,,,,,,,,,,,,,,,,,,,,,,,,,,,,,,,,,,,
0S6yiLKeLFxRxlKQDCeF5Q,IFCCOVERING,Third Floor,,General/Site,Roof,Interior,0,,,,,,,,,,,,,,,,,,,,,,,,,,,,,,,,,,,,
0x2Ptqk7D5yQfXDXwRCLJk,IFCCOVERING,Third Floor,,General/Site,Roof,Interior,0,,,,,,,,,,,,,,,,,,,,,,,,,,,,,,,,,,,,
0NYuZC_Zn0zxU$8bSIn_dg,IFCCOVERING,Third Floor,,General/Site,Roof,Interior,0,,,,,,,,,,,,,,,,,,,,,,,,,,,,,,,,,,,,
1MobKlpi5FmRBwmIGJvVe7,IFCCOVERING,Third Floor,,General/Site,Roof,Interior,0,,,,,,,,,,,,,,,,,,,,,,,,,,,,,,,,,,,,
18Dp7n99rCLBnu8_b3RxrR,IFCCOVERING,Third Floor,,General/Site,Roof,Interior,0,,,,,,,,,,,,,,,,,,,,,,,,,,,,,,,,,,,,
0$L4A9UZfDmgw7dxcFJ6jc,IFCCOVERING,Third Floor,Apartment 9,General/Site,Roof,Interior,0,,,,,,,,,,,,,,,,,,,,,,,,,,,,,,,,,,,,
1C_7pENU9C1f9RE1yHs49C,IFCCOVERING,Third Floor,,General/Site,Roof,Interior,0,,,,,,,,,,,,,,,,,,,,,,,,,,,,,,,,,,,,
1dFKnWr09Ccu32vbYplDwD,IFCCOVERING,Third Floor,,General/Site,Roof,Interior,0,,,,,,,,,,,,,,,,,,,,,,,,,,,,,,,,,,,,
3vD0BTagr0uhk85$J$0SBn,IFCCOVERING,Third Floor,,General/Site,Roof,Interior,0,,,,,,,,,,,,,,,,,,,,,,,,,,,,,,,,,,,,
3OZhFtFq98_OiNVPZhex1v,IFCCOVERING,Third Floor,,General/Site,Roof,Interior,0,,,,,,,,,,,,,,,,,,,,,,,,,,,,,,,,,,,,
03smbr_9zFUvoPc7iSmcEW,IFCCOVERING,Third Floor,,General/Site,Roof,Interior,0,,,,,,,,,,,,,,,,,,,,,,,,,,,,,,,,,,,,
2UvMAz_eX4de4Cch8tic9z,IFCCOVERING,Third Floor,,General/Site,Roof,Interior,0,,,,,,,,,,,,,,,,,,,,,,,,,,,,,,,,,,,,
2HxXb1h3n16BOCoDJT05OM,IFCCOVERING,Third Floor,,General/Site,Roof,Interior,0,,,,,,,,,,,,,,,,,,,,,,,,,,,,,,,,,,,,
2jqRiK6lr5dgbYAtO7O9PM,IFCCOVERING,Third Floor,,General/Site,Roof,Interior,0,,,,,,,,,,,,,,,,,,,,,,,,,,,,,,,,,,,,
2Ols16Ffn0OfFILBBVBCq0,IFCCOVERING,Third Floor,,General/Site,Roof,Interior,0,,,,,,,,,,,,,,,,,,,,,,,,,,,,,,,,,,,,
2vR3EzuD938euiaqi_IJrs,IFCCOVERING,Third Floor,,General/Site,Roof,Interior,0,,,,,,,,,,,,,,,,,,,,,,,,,,,,,,,,,,,,
0NyYxPZUD4yRDYesALtypI,IFCCOVERING,Third Floor,,General/Site,Roof,Interior,0,,,,,,,,,,,,,,,,,,,,,,,,,,,,,,,,,,,,
1psA1SFkz46B$nvThSMWVJ,IFCCOVERING,Third Floor,,General/Site,Roof,Interior,0,,,,,,,,,,,,,,,,,,,,,,,,,,,,,,,,,,,,
0BvgVb7tbFPgONeqDVpmh6,IFCCOVERING,Third Floor,,General/Site,Roof,Interior,0,,,,,,,,,,,,,,,,,,,,,,,,,,,,,,,,,,,,
22CPiCHcj4Bxue2KiwGzsR,IFCCOVERING,Third Floor,,General/Site,Roof,Interior,0,,,,,,,,,,,,,,,,,,,,,,,,,,,,,,,,,,,,
2ImEqCuXv75vgiqlVOUjEf,IFCCOVERING,Third Floor,,General/Site,Roof,Interior,0,,,,,,,,,,,,,,,,,,,,,,,,,,,,,,,,,,,,
1Gbp9IjqnCH8qFauUzhZdl,IFCCOVERING,Third Floor,,General/Site,Roof,Interior,0,,,,,,,,,,,,,,,,,,,,,,,,,,,,,,,,,,,,
073WUmvbzFVP7tMfJQovg6,IFCCOVERING,Third Floor,,General/Site,Roof,Interior,0,,,,,,,,,,,,,,,,,,,,,,,,,,,,,,,,,,,,
1Bl$g4$Xj9_way2hS6t0mR,IFCCOVERING,Third Floor,,General/Site,Roof,Interior,0,,,,,,,,,,,,,,,,,,,,,,,,,,,,,,,,,,,,
0lF5MOhTPBxPrLOQzM_gU0,IFCCOVERING,Third Floor,,General/Site,Roof,Interior,0,,,,,,,,,,,,,,,,,,,,,,,,,,,,,,,,,,,,
0S1K8Yu71E_un$LwiOlwLx,IFCCOVERING,Third Floor,,General/Site,Roof,Interior,0,,,,,,,,,,,,,,,,,,,,,,,,,,,,,,,,,,,,
084MuEGfD4UB54wB7sJMXL,IFCCOVERING,Third Floor,,General/Site,Roof,Interior,0,,,,,,,,,,,,,,,,,,,,,,,,,,,,,,,,,,,,
076HlgMHrARxcQXjHQlH0F,IFCCOVERING,Third Floor,,General/Site,Roof,Interior,0,,,,,,,,,,,,,,,,,,,,,,,,,,,,,,,,,,,,
1aaOikRob3bgg_3yQy6Szd,IFCCOVERING,Third Floor,,General/Site,Roof,Interior,0,,,,,,,,,,,,,,,,,,,,,,,,,,,,,,,,,,,,
0pqU6HD255hfeIC1Uq50S1,IFCCOVERING,Third Floor,,General/Site,Roof,Interior,0,,,,,,,,,,,,,,,,,,,,,,,,,,,,,,,,,,,,
3Mw6I$3jTDpfnDIqR6LUHT,IFCCOVERING,Third Floor,,General/Site,Roof,Interior,0,,,,,,,,,,,,,,,,,,,,,,,,,,,,,,,,,,,,
0i7j8tAjD5rRuCqJ6ezihd,IFCCOVERING,Third Floor,,General/Site,Roof,Interior,0,,,,,,,,,,,,,,,,,,,,,,,,,,,,,,,,,,,,
3xnzCngZjAzvkMG2BR630l,IFCCOVERING,Third Floor,,General/Site,Roof,Interior,0,,,,,,,,,,,,,,,,,,,,,,,,,,,,,,,,,,,,
1t85DArmT6kf9ywbUlIRFz,IFCCOVERING,Third Floor,,General/Site,Roof,Interior,0,,,,,,,,,,,,,,,,,,,,,,,,,,,,,,,,,,,,
0ElVppX1z0vxLzi2aJH2W7,IFCCOVERING,Third Floor,,General/Site,Roof,Interior,0,,,,,,,,,,,,,,,,,,,,,,,,,,,,,,,,,,,,
0Rm1W96cz6D8f3cpOKhmS2,IFCCOVERING,Third Floor,,General/Site,Roof,Interior,0,,,,,,,,,,,,,,,,,,,,,,,,,,,,,,,,,,,,
1fB4$oVgn5QAaPzu8vkn5T,IFCCOVERING,Third Floor,,General/Site,Roof,Interior,0,,,,,,,,,,,,,,,,,,,,,,,,,,,,,,,,,,,,
1YsW3XlsH6jQAy3oVokVoI,IFCCOVERING,Third Floor,,General/Site,Roof,Interior,0,,,,,,,,,,,,,,,,,,,,,,,,,,,,,,,,,,,,
2SZgOSofP2PBFS$KAhUxu3,IFCCOVERING,Third Floor,,General/Site,Roof,Interior,0,,,,,,,,,,,,,,,,,,,,,,,,,,,,,,,,,,,,
2m10JreMjEuev6HFzD4D49,IFCCOVERING,Third Floor,,General/Site,Roof,Interior,0,,,,,,,,,,,,,,,,,,,,,,,,,,,,,,,,,,,,
1tjp29RIr40A2eYyYopJsk,IFCCOVERING,Third Floor,,General/Site,Roof,Interior,0,,,,,,,,,,,,,,,,,,,,,,,,,,,,,,,,,,,,
0WsSA1Ed59ug0q7nnFXPve,IFCCOVERING,Third Floor,,General/Site,Roof,Interior,0,,,,,,,,,,,,,,,,,,,,,,,,,,,,,,,,,,,,
02XXlov8DEKQFyDiiYoPhg,IFCCOVERING,Third Floor,,General/Site,Roof,Interior,0,,,,,,,,,,,,,,,,,,,,,,,,,,,,,,,,,,,,
1WKfFPPXz7u9cYPIIKAbtZ,IFCCOVERING,Third Floor,,General/Site,Roof,Interior,0,,,,,,,,,,,,,,,,,,,,,,,,,,,,,,,,,,,,
3cCcW0W6j2ABG7I6YIUg87,IFCCOVERING,Third Floor,,General/Site,Roof,Interior,0,,,,,,,,,,,,,,,,,,,,,,,,,,,,,,,,,,,,
2ty$zyCYf0$xzqKTXJNBRF,IFCCOVERING,Third Floor,,General/Site,Roof,Interior,0,,,,,,,,,,,,,,,,,,,,,,,,,,,,,,,,,,,,
3XwZdWLPH69Ryy109kxzfz,IFCCOVERING,Third Floor,,General/Site,Roof,Interior,0,,,,,,,,,,,,,,,,,,,,,,,,,,,,,,,,,,,,
1R66Mk6E5E4RQ3NyH$65HW,IFCCOVERING,Third Floor,,General/Site,Roof,Interior,0,,,,,,,,,,,,,,,,,,,,,,,,,,,,,,,,,,,,
2QcbYP419CMQIUe7UH$G10,IFCCOVERING,Third Floor,,General/Site,Roof,Interior,0,,,,,,,,,,,,,,,,,,,,,,,,,,,,,,,,,,,,
06sD8w3ST4duPuzpbh7oCt,IFCCOVERING,Third Floor,,General/Site,Roof,Interior,0,,,,,,,,,,,,,,,,,,,,,,,,,,,,,,,,,,,,
1p8tMCSiDA9BMekyCEXxm4,IFCCOVERING,Third Floor,,General/Site,Roof,Interior,0,,,,,,,,,,,,,,,,,,,,,,,,,,,,,,,,,,,,
3ampq18Jf7lwcdUQsC9ELw,IFCCOVERING,Third Floor,,General/Site,Roof,Interior,0,,,,,,,,,,,,,,,,,,,,,,,,,,,,,,,,,,,,
1Ng355F4jBIeAZAjT89Lch,IFCCOVERING,Third Floor,,General/Site,Roof,Interior,0,,,,,,,,,,,,,,,,,,,,,,,,,,,,,,,,,,,,
2aGRk9dUT3QfRDM$chQJxe,IFCCOVERING,Third Floor,,General/Site,Roof,Interior,0,,,,,,,,,,,,,,,,,,,,,,,,,,,,,,,,,,,,
1_GzmlO1TBiABQxzSGZZrZ,IFCCOVERING,Third Floor,Apartment 9,General/Site,Roof,Interior,0,,,,,,,,,,,,,,,,,,,,,,,,,,,,,,,,,,,,
2QWMMtVgr0JgWsv2DLzF7c,IFCCOVERING,Third Floor,,General/Site,Roof,Interior,0,,,,,,,,,,,,,,,,,,,,,,,,,,,,,,,,,,,,
00hCT13WfBF8N8FQIt$J2l,IFCCOVERING,Third Floor,,General/Site,Roof,Interior,0,,,,,,,,,,,,,,,,,,,,,,,,,,,,,,,,,,,,
3HuQGFOlv0Ff2CeiPm6Jvv,IFCCOVERING,Third Floor,,General/Site,Roof,Interior,0,,,,,,,,,,,,,,,,,,,,,,,,,,,,,,,,,,,,
0Z$DWPfDHFuwWkO48eGofb,IFCCOVERING,Third Floor,,General/Site,Roof,Interior,0,,,,,,,,,,,,,,,,,,,,,,,,,,,,,,,,,,,,
3IcDiqhvX1g8WQXPyLVg8h,IFCCOVERING,Third Floor,,General/Site,Roof,Interior,0,,,,,,,,,,,,,,,,,,,,,,,,,,,,,,,,,,,,
0UBLnPUmbDfewlJ53v3rRJ,IFCCOVERING,Third Floor,,General/Site,Roof,Interior,0,,,,,,,,,,,,,,,,,,,,,,,,,,,,,,,,,,,,
3HJ_rxuUXFHABm2sh8TAiD,IFCCOVERING,Third Floor,,General/Site,Roof,Interior,0,,,,,,,,,,,,,,,,,,,,,,,,,,,,,,,,,,,,
33QM8YIkT8c8TWUTGk5BVl,IFCCOVERING,Third Floor,,General/Site,Roof,Interior,0,,,,,,,,,,,,,,,,,,,,,,,,,,,,,,,,,,,,
3giNVs41rBVvDbNPTLQa0z,IFCCOVERING,Third Floor,,General/Site,Roof,Interior,0,,,,,,,,,,,,,,,,,,,,,,,,,,,,,,,,,,,,
2co_J38$rAPgF0BMkaxIMo,IFCCOVERING,Third Floor,,General/Site,Roof,Interior,0,,,,,,,,,,,,,,,,,,,,,,,,,,,,,,,,,,,,
0DYlaEcPbFJutaRlGuFgbt,IFCCOVERING,Third Floor,,General/Site,Roof,Interior,0,,,,,,,,,,,,,,,,,,,,,,,,,,,,,,,,,,,,
2LWjDdCajEqx6y3aO2HdiR,IFCCOVERING,Third Floor,,General/Site,Roof,Interior,0,,,,,,,,,,,,,,,,,,,,,,,,,,,,,,,,,,,,
10bN0z379CJhFXHqofjUP_,IFCCOVERING,Third Floor,,General/Site,Roof,Interior,0,,,,,,,,,,,,,,,,,,,,,,,,,,,,,,,,,,,,
2eRxj4gIfFgu0RxCwhz81R,IFCCOVERING,Third Floor,,General/Site,Roof,Interior,0,,,,,,,,,,,,,,,,,,,,,,,,,,,,,,,,,,,,
1Hm6POv9fEk9TWMS0Ns4xj,IFCCOVERING,Third Floor,,General/Site,Roof,Interior,0,,,,,,,,,,,,,,,,,,,,,,,,,,,,,,,,,,,,
0uaYCfrtnEfva0Ru0FR_MR,IFCCOVERING,Third Floor,,General/Site,Roof,Interior,0,,,,,,,,,,,,,,,,,,,,,,,,,,,,,,,,,,,,
30RNdh5KT3VQO2E1k1mYLD,IFCCOVERING,Third Floor,,General/Site,Roof,Interior,0,,,,,,,,,,,,,,,,,,,,,,,,,,,,,,,,,,,,
2ZSytQhY57Axfczkpn70w7,IFCCOVERING,Third Floor,,General/Site,Roof,Interior,0,,,,,,,,,,,,,,,,,,,,,,,,,,,,,,,,,,,,
02aIMWay94eB_0ewOkU2jC,IFCCOVERING,Third Floor,,General/Site,Roof,Interior,0,,,,,,,,,,,,,,,,,,,,,,,,,,,,,,,,,,,,
1NzdsA9F19C9Sa97jyY$0Z,IFCCOVERING,Third Floor,,General/Site,Roof,Interior,0,,,,,,,,,,,,,,,,,,,,,,,,,,,,,,,,,,,,
0rrkjr7HH6UR1XhYkSKSzD,IFCCOVERING,Third Floor,,General/Site,Roof,Interior,0,,,,,,,,,,,,,,,,,,,,,,,,,,,,,,,,,,,,
06aJsxADj1Lgu$aZGB_IeC,IFCCOVERING,Third Floor,,General/Site,Roof,Interior,0,,,,,,,,,,,,,,,,,,,,,,,,,,,,,,,,,,,,
0vGLmKskn49Azn9wjmDot0,IFCCOVERING,Third Floor,,General/Site,Roof,Interior,0,,,,,,,,,,,,,,,,,,,,,,,,,,,,,,,,,,,,
1Gi3rj3CLAEOfIqg7z0A0u,IFCCOVERING,Third Floor,,General/Site,Roof,Interior,0,,,,,,,,,,,,,,,,,,,,,,,,,,,,,,,,,,,,
3ZGkzxSJn3lxyWq$0GP9a9,IFCCOVERING,Third Floor,,General/Site,Roof,Interior,0,,,,,,,,,,,,,,,,,,,,,,,,,,,,,,,,,,,,
3yNt3UUvrFVuQi0ULeCXl9,IFCCOVERING,Third Floor,,General/Site,Roof,Interior,0,,,,,,,,,,,,,,,,,,,,,,,,,,,,,,,,,,,,
0r6fpOLj98nubZrzu0liTO,IFCCOVERING,Third Floor,,General/Site,Roof,Interior,0,,,,,,,,,,,,,,,,,,,,,,,,,,,,,,,,,,,,
2I4SuK_bvCfBZvpoyVJP3V,IFCCOVERING,Third Floor,,General/Site,Roof,Interior,0,,,,,,,,,,,,,,,,,,,,,,,,,,,,,,,,,,,,
3jbVQG98T2EPpi1W1aqOW5,IFCCOVERING,Third Floor,,General/Site,Roof,Interior,0,,,,,,,,,,,,,,,,,,,,,,,,,,,,,,,,,,,,
1vtw8BuLD8veq8_wmfDR52,IFCCOVERING,Third Floor,,General/Site,Roof,Interior,0,,,,,,,,,,,,,,,,,,,,,,,,,,,,,,,,,,,,
1thLGZXUv57v2ItyjMeQXf,IFCCOVERING,Third Floor,,General/Site,Roof,Interior,0,,,,,,,,,,,,,,,,,,,,,,,,,,,,,,,,,,,,
3KwtARMrX7SOZcscyIrGyC,IFCCOVERING,Third Floor,,General/Site,Roof,Interior,0,,,,,,,,,,,,,,,,,,,,,,,,,,,,,,,,,,,,
03pWrikv57TvJ6ZuhGktHh,IFCCOVERING,Third Floor,,General/Site,Roof,Interior,0,,,,,,,,,,,,,,,,,,,,,,,,,,,,,,,,,,,,
2luRa0gbH7jxkpjjSUl3pE,IFCCOVERING,Third Floor,,General/Site,Roof,Interior,0,,,,,,,,,,,,,,,,,,,,,,,,,,,,,,,,,,,,
1L540sTSbBmBcA50ERiYup,IFCCOVERING,Third Floor,,General/Site,Roof,Interior,0,,,,,,,,,,,,,,,,,,,,,,,,,,,,,,,,,,,,
0_FtwVBcH6BQrvFHbzx1Dk,IFCCOVERING,Third Floor,,General/Site,Roof,Interior,0,,,,,,,,,,,,,,,,,,,,,,,,,,,,,,,,,,,,
0UxNakFZTANgAC$rAiuj6F,IFCCOVERING,Third Floor,,General/Site,Roof,Interior,0,,,,,,,,,,,,,,,,,,,,,,,,,,,,,,,,,,,,
0xYczUi_DC$uHsMfWYC1cm,IFCCOVERING,Third Floor,,General/Site,Roof,Interior,0,,,,,,,,,,,,,,,,,,,,,,,,,,,,,,,,,,,,
3WouziRxH4uR2_owFdNFcu,IFCCOVERING,Third Floor,,General/Site,Roof,Interior,0,,,,,,,,,,,,,,,,,,,,,,,,,,,,,,,,,,,,
2MxSh9bCP7ZBz$BGxG_ibw,IFCCOVERING,Third Floor,,General/Site,Roof,Interior,0,,,,,,,,,,,,,,,,,,,,,,,,,,,,,,,,,,,,
0eJBv34Gj84OaBxH3TWGhQ,IFCCOVERING,Third Floor,,General/Site,Roof,Interior,0,,,,,,,,,,,,,,,,,,,,,,,,,,,,,,,,,,,,
3cZLLGdR95LRq_SGHsiSEH,IFCCOVERING,Third Floor,,General/Site,Roof,Interior,0,,,,,,,,,,,,,,,,,,,,,,,,,,,,,,,,,,,,
2ri1rsgxHE2uQ86INwq8Bk,IFCCOVERING,Third Floor,,General/Site,Roof,Interior,0,,,,,,,,,,,,,,,,,,,,,,,,,,,,,,,,,,,,
2hzhHecYH4DRxRjMrY7aDF,IFCCOVERING,Third Floor,,General/Site,Roof,Interior,0,,,,,,,,,,,,,,,,,,,,,,,,,,,,,,,,,,,,
1DP8_RrxDA6OUbCzkhGBkS,IFCCOVERING,Third Floor,,General/Site,Roof,Interior,0,,,,,,,,,,,,,,,,,,,,,,,,,,,,,,,,,,,,
0iiUVi2oz1cu456pLIEBrw,IFCCOVERING,Third Floor,,General/Site,Roof,Interior,0,,,,,,,,,,,,,,,,,,,,,,,,,,,,,,,,,,,,
3aRTlU3d1AYfZGcnT9LcMq,IFCCOVERING,Third Floor,,General/Site,Roof,Interior,0,,,,,,,,,,,,,,,,,,,,,,,,,,,,,,,,,,,,
0yLBPKu31D1vDx5GVfY958,IFCCOVERING,Third Floor,,General/Site,Roof,Interior,0,,,,,,,,,,,,,,,,,,,,,,,,,,,,,,,,,,,,
0BKBbpiYr0OgmvCJOzCAvr,IFCCOVERING,Third Floor,,General/Site,Roof,Interior,0,,,,,,,,,,,,,,,,,,,,,,,,,,,,,,,,,,,,
3nQzcl9yfDx8XFP1KB1Y7h,IFCCOVERING,Third Floor,,General/Site,Roof,Interior,0,,,,,,,,,,,,,,,,,,,,,,,,,,,,,,,,,,,,
3Uc9xy30X1YgbuzfSR_5VR,IFCCOVERING,Third Floor,,General/Site,Roof,Interior,0,,,,,,,,,,,,,,,,,,,,,,,,,,,,,,,,,,,,
0$F05rIB57RRRZiqjaqUll,IFCCOVERING,Third Floor,,General/Site,Roof,Interior,0,,,,,,,,,,,,,,,,,,,,,,,,,,,,,,,,,,,,
2j0Cjr2VD2Oe4TYfR2IsZN,IFCCOVERING,Third Floor,,General/Site,Roof,Interior,0,,,,,,,,,,,,,,,,,,,,,,,,,,,,,,,,,,,,
1c67CzKtDF8AmzcD91WzgC,IFCCOVERING,Third Floor,,General/Site,Roof,Interior,0,,,,,,,,,,,,,,,,,,,,,,,,,,,,,,,,,,,,
0Cq0ejyCr8CAZ1dRbJwLxY,IFCCOVERING,Third Floor,,General/Site,Roof,Interior,0,,,,,,,,,,,,,,,,,,,,,,,,,,,,,,,,,,,,
2cVWEkvT98owxXzOdVzPb9,IFCCOVERING,Third Floor,,General/Site,Roof,Interior,0,,,,,,,,,,,,,,,,,,,,,,,,,,,,,,,,,,,,
3d2nJgMI9CjQzC$8xbRsav,IFCCOVERING,Third Floor,,General/Site,Roof,Interior,0,,,,,,,,,,,,,,,,,,,,,,,,,,,,,,,,,,,,
2DVXVfHh19_RWQAlCWweGf,IFCCOVERING,Third Floor,,General/Site,Roof,Interior,0,,,,,,,,,,,,,,,,,,,,,,,,,,,,,,,,,,,,
0TkPiffgH2F9ecpR4cH2fM,IFCCOVERING,Third Floor,,General/Site,Roof,Interior,0,,,,,,,,,,,,,,,,,,,,,,,,,,,,,,,,,,,,
2bveNickX1ExWAfaczL7h0,IFCCOVERING,Third Floor,,General/Site,Roof,Interior,0,,,,,,,,,,,,,,,,,,,,,,,,,,,,,,,,,,,,
1RnQ0vya9EEg9faif0k5Gi,IFCCOVERING,Third Floor,,General/Site,Roof,Interior,0,,,,,,,,,,,,,,,,,,,,,,,,,,,,,,,,,,,,
3o22TI0vbCtvrgrNz6E9A5,IFCCOVERING,Third Floor,,General/Site,Roof,Interior,0,,,,,,,,,,,,,,,,,,,,,,,,,,,,,,,,,,,,
3BHb_mQO9DKg80Cz6u_Kts,IFCCOVERING,Third Floor,,General/Site,Roof,Interior,0,,,,,,,,,,,,,,,,,,,,,,,,,,,,,,,,,,,,
2B86HCsDbDGhE9ovePDUkY,IFCCOVERING,Third Floor,,General/Site,Roof,Interior,0,,,,,,,,,,,,,,,,,,,,,,,,,,,,,,,,,,,,
05bROVkHT2bgNF4mUs06Rr,IFCCOVERING,Third Floor,,General/Site,Roof,Interior,0,,,,,,,,,,,,,,,,,,,,,,,,,,,,,,,,,,,,
0THNH9PuLCEvFEu2A7hbcb,IFCCOVERING,Third Floor,,General/Site,Roof,Interior,0,,,,,,,,,,,,,,,,,,,,,,,,,,,,,,,,,,,,
1RgA6k5QP5fet0BrCTTf3V,IFCCOVERING,Third Floor,,General/Site,Roof,Interior,0,,,,,,,,,,,,,,,,,,,,,,,,,,,,,,,,,,,,
2RQXtiw29B_QRcxLu0wRox,IFCCOVERING,Third Floor,,General/Site,Roof,Interior,0,,,,,,,,,,,,,,,,,,,,,,,,,,,,,,,,,,,,
39t0QG08P7FP1c6XeRS3v0,IFCCOVERING,Third Floor,,General/Site,Roof,Interior,0,,,,,,,,,,,,,,,,,,,,,,,,,,,,,,,,,,,,
2FjY3Urq17lOf$rlT6tG2h,IFCCOVERING,Third Floor,,General/Site,Roof,Interior,0,,,,,,,,,,,,,,,,,,,,,,,,,,,,,,,,,,,,
3k0s2gnPH0ZQJPPHVLLxb1,IFCCOVERING,Third Floor,,General/Site,Roof,Interior,0,,,,,,,,,,,,,,,,,,,,,,,,,,,,,,,,,,,,
0q$WK1cVn34PHzUEx1nmKO,IFCCOVERING,Third Floor,,General/Site,Roof,Interior,0,,,,,,,,,,,,,,,,,,,,,,,,,,,,,,,,,,,,
0YT9Ueq0H96xWlmhTRvnZ3,IFCCOVERING,Third Floor,,General/Site,Roof,Interior,0,,,,,,,,,,,,,,,,,,,,,,,,,,,,,,,,,,,,
1QktBndX97RQpItEIfOQaW,IFCCOVERING,Third Floor,,General/Site,Roof,Interior,0,,,,,,,,,,,,,,,,,,,,,,,,,,,,,,,,,,,,
1FUrcYj0f92PA33k_iZRgM,IFCCOVERING,Third Floor,,General/Site,Roof,Interior,0,,,,,,,,,,,,,,,,,,,,,,,,,,,,,,,,,,,,
3j5xSeVaj0aRBDQNtVhx06,IFCCOVERING,Third Floor,,General/Site,Roof,Interior,0,,,,,,,,,,,,,,,,,,,,,,,,,,,,,,,,,,,,
1kmR9XtDn2wePYCP63gW6A,IFCCOVERING,Third Floor,,General/Site,Roof,Interior,0,,,,,,,,,,,,,,,,,,,,,,,,,,,,,,,,,,,,
2Pzo2PdEz0PReT90aB0bj1,IFCCOVERING,Third Floor,,General/Site,Roof,Interior,0,,,,,,,,,,,,,,,,,,,,,,,,,,,,,,,,,,,,
3QQfRd06z0mO7cU4UjlrQU,IFCCOVERING,Third Floor,,General/Site,Roof,Interior,0,,,,,,,,,,,,,,,,,,,,,,,,,,,,,,,,,,,,
2n_EIQdrb7uPHkAVRk7Nlh,IFCCOVERING,Third Floor,,General/Site,Roof,Interior,0,,,,,,,,,,,,,,,,,,,,,,,,,,,,,,,,,,,,
25zRLsCPHBjemUZ_8XRjHc,IFCCOVERING,Third Floor,,General/Site,Roof,Interior,0,,,,,,,,,,,,,,,,,,,,,,,,,,,,,,,,,,,,
1U4pp7dej93Q3GW4LFiaz4,IFCCOVERING,Third Floor,,General/Site,Roof,Interior,0,,,,,,,,,,,,,,,,,,,,,,,,,,,,,,,,,,,,
1apcpi6JT0EAJrTYBr3zEQ,IFCCOVERING,Third Floor,,General/Site,Roof,Interior,0,,,,,,,,,,,,,,,,,,,,,,,,,,,,,,,,,,,,
2QBL2MUyH5Gwd$UtGRR9kS,IFCCOVERING,Third Floor,,General/Site,Roof,Interior,0,,,,,,,,,,,,,,,,,,,,,,,,,,,,,,,,,,,,
0n8gPopvP4NA5QhJ9UsXZZ,IFCCOVERING,Third Floor,,General/Site,Roof,Interior,0,,,,,,,,,,,,,,,,,,,,,,,,,,,,,,,,,,,,
1kYQDrm1n9wQiz9bYkEQia,IFCCOVERING,Third Floor,,General/Site,Roof,Interior,0,,,,,,,,,,,,,,,,,,,,,,,,,,,,,,,,,,,,
0GMQjWbZj8b9H6eED4FIfe,IFCCOVERING,Third Floor,,General/Site,Roof,Interior,0,,,,,,,,,,,,,,,,,,,,,,,,,,,,,,,,,,,,
1MLARFXcr57P8bjPE$2f6P,IFCCOVERING,Third Floor,,General/Site,Roof,Interior,0,,,,,,,,,,,,,,,,,,,,,,,,,,,,,,,,,,,,
0iwJfacnTE4gBabkE8YOih,IFCCOVERING,Third Floor,,General/Site,Roof,Interior,0,,,,,,,,,,,,,,,,,,,,,,,,,,,,,,,,,,,,
3UQuFU_p1CW9gyzgi1GDyq,IFCCOVERING,Third Floor,,General/Site,Roof,Interior,0,,,,,,,,,,,,,,,,,,,,,,,,,,,,,,,,,,,,
2KZwlAXZz0VQ6CI37SRcM4,IFCCOVERING,Third Floor,,General/Site,Roof,Interior,0,,,,,,,,,,,,,,,,,,,,,,,,,,,,,,,,,,,,
2qBQA5PKL36voBEFN$NkTp,IFCCOVERING,Third Floor,,General/Site,Roof,Interior,0,,,,,,,,,,,,,,,,,,,,,,,,,,,,,,,,,,,,
0A0p_wBZfCQhts_HNwn5bh,IFCCOVERING,Third Floor,,General/Site,Roof,Interior,0,,,,,,,,,,,,,,,,,,,,,,,,,,,,,,,,,,,,
222r0YxQv2zu5UBo1lIlYe,IFCCOVERING,Third Floor,,General/Site,Roof,Interior,0,,,,,,,,,,,,,,,,,,,,,,,,,,,,,,,,,,,,
1Tvv24AGXDfPWtbbyXSJy8,IFCCOVERING,Third Floor,,General/Site,Roof,Interior,0,,,,,,,,,,,,,,,,,,,,,,,,,,,,,,,,,,,,
09kERARQP7GeTPyP2$AbXQ,IFCCOVERING,Third Floor,,General/Site,Roof,Interior,0,,,,,,,,,,,,,,,,,,,,,,,,,,,,,,,,,,,,
1iKxKHaUj5WRwwtlFZ6ySs,IFCCOVERING,Third Floor,,General/Site,Roof,Interior,0,,,,,,,,,,,,,,,,,,,,,,,,,,,,,,,,,,,,
0ROquW1Wr0pAjIh1Kh8uPZ,IFCCOVERING,Third Floor,,General/Site,Roof,Interior,0,,,,,,,,,,,,,,,,,,,,,,,,,,,,,,,,,,,,
0UAQF4TETFQB5ZdQnHYbMq,IFCCOVERING,Third Floor,,General/Site,Roof,Interior,0,,,,,,,,,,,,,,,,,,,,,,,,,,,,,,,,,,,,
0L5DWSdZPBF9gCb$CtQ5xK,IFCCOVERING,Third Floor,,General/Site,Roof,Interior,0,,,,,,,,,,,,,,,,,,,,,,,,,,,,,,,,,,,,
0q6iVMN3XBAgcWxQl7eMHz,IFCCOVERING,Third Floor,,General/Site,Roof,Interior,0,,,,,,,,,,,,,,,,,,,,,,,,,,,,,,,,,,,,
1NGYc6Rab18w5pR6Whdcs0,IFCCOVERING,Third Floor,,General/Site,Roof,Interior,0,,,,,,,,,,,,,,,,,,,,,,,,,,,,,,,,,,,,
1i1MdPJS9DXeXCmKe2vzmB,IFCCOVERING,Third Floor,,General/Site,Roof,Interior,0,,,,,,,,,,,,,,,,,,,,,,,,,,,,,,,,,,,,
2drH0jRgT5bPUk7GSY3q4h,IFCCOVERING,Third Floor,,General/Site,Roof,Interior,0,,,,,,,,,,,,,,,,,,,,,,,,,,,,,,,,,,,,
0ykQXo8J98ZPBP3cPP__Qu,IFCCOVERING,Third Floor,,General/Site,Roof,Interior,0,,,,,,,,,,,,,,,,,,,,,,,,,,,,,,,,,,,,
32ttZRjSr4_xv4Cgn3PFOY,IFCCOVERING,Third Floor,,General/Site,Roof,Interior,0,,,,,,,,,,,,,,,,,,,,,,,,,,,,,,,,,,,,
2lrFnbFfnA6BKIq0SDTlg6,IFCCOVERING,Third Floor,,General/Site,Roof,Interior,0,,,,,,,,,,,,,,,,,,,,,,,,,,,,,,,,,,,,
1Nti3d$H11khMc$wb05YzL,IFCCOVERING,Third Floor,,General/Site,Roof,Interior,0,,,,,,,,,,,,,,,,,,,,,,,,,,,,,,,,,,,,
0PAwLRy6fCWep1uxqOr2Dk,IFCCOVERING,Third Floor,,General/Site,Roof,Interior,0,,,,,,,,,,,,,,,,,,,,,,,,,,,,,,,,,,,,
1zV4q2M6HE5vgsz6OoZ3No,IFCCOVERING,Third Floor,,General/Site,Roof,Interior,0,,,,,,,,,,,,,,,,,,,,,,,,,,,,,,,,,,,,
08X0ng2L12egpsZ8VZA9wm,IFCCOVERING,Third Floor,,General/Site,Roof,Interior,0,,,,,,,,,,,,,,,,,,,,,,,,,,,,,,,,,,,,
0sj$lCc0D4Y8n1IbHDvraD,IFCCOVERING,Third Floor,,General/Site,Roof,Interior,0,,,,,,,,,,,,,,,,,,,,,,,,,,,,,,,,,,,,
1bmLQ1kqHEDQHLQnafdt5A,IFCCOVERING,Third Floor,,General/Site,Roof,Interior,0,,,,,,,,,,,,,,,,,,,,,,,,,,,,,,,,,,,,
2PXu8_JfrAkO_qqIflsULq,IFCCOVERING,Third Floor,,General/Site,Roof,Interior,0,,,,,,,,,,,,,,,,,,,,,,,,,,,,,,,,,,,,
3hp1ogHnHEC9eB1EF4bOaz,IFCCOVERING,Third Floor,,General/Site,Roof,Interior,0,,,,,,,,,,,,,,,,,,,,,,,,,,,,,,,,,,,,
0UHoHjlq907fKvrMiyD5Gz,IFCCOVERING,Third Floor,,General/Site,Roof,Interior,0,,,,,,,,,,,,,,,,,,,,,,,,,,,,,,,,,,,,
1tAQUP$z94UwTQpNeJX4E8,IFCCOVERING,Third Floor,,General/Site,Roof,Interior,0,,,,,,,,,,,,,,,,,,,,,,,,,,,,,,,,,,,,
1I8GdRgtDEoxj2$_ds2ndO,IFCCOVERING,Third Floor,,General/Site,Roof,Interior,0,,,,,,,,,,,,,,,,,,,,,,,,,,,,,,,,,,,,
0lJ567uOr8MeD_B0FMWVVF,IFCCOVERING,Third Floor,,General/Site,Roof,Interior,0,,,,,,,,,,,,,,,,,,,,,,,,,,,,,,,,,,,,
0hT8iB0E1A7wfEmOXSnJvc,IFCCOVERING,Third Floor,,General/Site,Roof,Interior,0,,,,,,,,,,,,,,,,,,,,,,,,,,,,,,,,,,,,
05Ymi586r3ggIG8cxB0Rf_,IFCCOVERING,Third Floor,,General/Site,Roof,Interior,0,,,,,,,,,,,,,,,,,,,,,,,,,,,,,,,,,,,,
24t9qQjNT1bfDuk21kjNTC,IFCCOVERING,Third Floor,,General/Site,Roof,Interior,0,,,,,,,,,,,,,,,,,,,,,,,,,,,,,,,,,,,,
3ZTwGn2B9BEQU_ALg3yFlg,IFCCOVERING,Third Floor,,General/Site,Roof,Interior,0,,,,,,,,,,,,,,,,,,,,,,,,,,,,,,,,,,,,
0I5QJhEqvDhfQkGLcddUMg,IFCCOVERING,Third Floor,,General/Site,Roof,Interior,0,,,,,,,,,,,,,,,,,,,,,,,,,,,,,,,,,,,,
3guW3U0SD3wgl5jn2hgJEU,IFCCOVERING,Third Floor,,General/Site,Roof,Interior,0,,,,,,,,,,,,,,,,,,,,,,,,,,,,,,,,,,,,
3ji3uXoaf4uha_5sq561tH,IFCCOVERING,Third Floor,,General/Site,Roof,Interior,0,,,,,,,,,,,,,,,,,,,,,,,,,,,,,,,,,,,,
2HZVTQfvz2_RY0R3QBsj6V,IFCCOVERING,Third Floor,,General/Site,Roof,Interior,0,,,,,,,,,,,,,,,,,,,,,,,,,,,,,,,,,,,,
35i9FqpvT028dX6SBVtQmA,IFCCOVERING,Third Floor,,General/Site,Roof,Interior,0,,,,,,,,,,,,,,,,,,,,,,,,,,,,,,,,,,,,
334Y17iJr22BXIk291fNGo,IFCCOVERING,Third Floor,,General/Site,Roof,Interior,0,,,,,,,,,,,,,,,,,,,,,,,,,,,,,,,,,,,,
1fj0gUwAz2eAsbUPokBdb0,IFCCOVERING,Third Floor,,General/Site,Roof,Interior,0,,,,,,,,,,,,,,,,,,,,,,,,,,,,,,,,,,,,
2xAbe3h_L6bvEukL$DO6Zc,IFCCOVERING,Third Floor,,General/Site,Roof,Interior,0,,,,,,,,,,,,,,,,,,,,,,,,,,,,,,,,,,,,
3ots05Q3fFAv5R1j_x6t5j,IFCCOVERING,Third Floor,,General/Site,Roof,Interior,0,,,,,,,,,,,,,,,,,,,,,,,,,,,,,,,,,,,,
0VN5m9rRvFBfCJL$w6D_zX,IFCCOVERING,Third Floor,,General/Site,Roof,Interior,0,,,,,,,,,,,,,,,,,,,,,,,,,,,,,,,,,,,,
2U4A8Ms4v0auESKMfvz85Y,IFCCOVERING,Third Floor,,General/Site,Roof,Interior,0,,,,,,,,,,,,,,,,,,,,,,,,,,,,,,,,,,,,
2GwL61XzDCFuArXk84Ej5c,IFCCOVERING,Third Floor,,General/Site,Roof,Interior,0,,,,,,,,,,,,,,,,,,,,,,,,,,,,,,,,,,,,
05jDLn0119e8pQbPNAGZCD,IFCCOVERING,Third Floor,,General/Site,Roof,Interior,0,,,,,,,,,,,,,,,,,,,,,,,,,,,,,,,,,,,,
1$9qBsSV91vxGdJqqymNZX,IFCCOVERING,Third Floor,,General/Site,Roof,Interior,0,,,,,,,,,,,,,,,,,,,,,,,,,,,,,,,,,,,,
1rrjjg8zbDu90Ocs57$MGt,IFCCOVERING,Third Floor,,General/Site,Roof,Interior,0,,,,,,,,,,,,,,,,,,,,,,,,,,,,,,,,,,,,
2cY48rP9H62eHWQuna27bq,IFCCOVERING,Third Floor,,General/Site,Roof,Interior,0,,,,,,,,,,,,,,,,,,,,,,,,,,,,,,,,,,,,
1kHIecCUj4kOFyoUA1bpvA,IFCCOVERING,Third Floor,,General/Site,Roof,Interior,0,,,,,,,,,,,,,,,,,,,,,,,,,,,,,,,,,,,,
1ck34j0sjFcR7n6p9GRnpr,IFCCOVERING,Third Floor,,General/Site,Roof,Interior,0,,,,,,,,,,,,,,,,,,,,,,,,,,,,,,,,,,,,
3RG4Ga7W51Jh1knSEm6Fpx,IFCCOVERING,Third Floor,,General/Site,Roof,Interior,0,,,,,,,,,,,,,,,,,,,,,,,,,,,,,,,,,,,,
2wpm4alUj19feTfDE5fobp,IFCCOVERING,Third Floor,,General/Site,Roof,Interior,0,,,,,,,,,,,,,,,,,,,,,,,,,,,,,,,,,,,,
03DVZDcd11$x3EJ5Rh8D4H,IFCCOVERING,Third Floor,,General/Site,Roof,Interior,0,,,,,,,,,,,,,,,,,,,,,,,,,,,,,,,,,,,,
2Y0iHtQaX1ze$QlTxN7IFj,IFCCOVERING,Third Floor,,General/Site,Roof,Interior,0,,,,,,,,,,,,,,,,,,,,,,,,,,,,,,,,,,,,
0HjhYu7Kj9gQCLGWXDPX5C,IFCCOVERING,Third Floor,,General/Site,Roof,Interior,0,,,,,,,,,,,,,,,,,,,,,,,,,,,,,,,,,,,,
3JUqnIn1LEe9tBprrH_hJ_,IFCCOVERING,Third Floor,,General/Site,Roof,Interior,0,,,,,,,,,,,,,,,,,,,,,,,,,,,,,,,,,,,,
1fCE3RpHvF7fv4kMTIRMt0,IFCCOVERING,Third Floor,,General/Site,Roof,Interior,0,,,,,,,,,,,,,,,,,,,,,,,,,,,,,,,,,,,,
3FnxuQphHAD8yQeRloaQi8,IFCCOVERING,Third Floor,,General/Site,Roof,Interior,0,,,,,,,,,,,,,,,,,,,,,,,,,,,,,,,,,,,,
3J0KGJrZTAo9UNLfw4elZZ,IFCCOVERING,Third Floor,,General/Site,Roof,Interior,0,,,,,,,,,,,,,,,,,,,,,,,,,,,,,,,,,,,,
35t2xHm4DBExLJ0CORgukC,IFCCOVERING,Third Floor,,General/Site,Roof,Interior,0,,,,,,,,,,,,,,,,,,,,,,,,,,,,,,,,,,,,
2j1Fovcvz5HgXIi7FWz81X,IFCCOVERING,Third Floor,,General/Site,Roof,Interior,0,,,,,,,,,,,,,,,,,,,,,,,,,,,,,,,,,,,,
3Q9aBeRTv5fBvpRZ$t7jPr,IFCCOVERING,Third Floor,,General/Site,Roof,Interior,0,,,,,,,,,,,,,,,,,,,,,,,,,,,,,,,,,,,,
0GcelRyNX9BOyXRW2rtA00,IFCCOVERING,Third Floor,,General/Site,Roof,Interior,0,,,,,,,,,,,,,,,,,,,,,,,,,,,,,,,,,,,,
1ByNMBWGbEo8knuiL7x6Ml,IFCCOVERING,Third Floor,,General/Site,Roof,Interior,0,,,,,,,,,,,,,,,,,,,,,,,,,,,,,,,,,,,,
19G_XSBNTBueynel97NaWy,IFCCOVERING,Third Floor,,General/Site,Roof,Interior,0,,,,,,,,,,,,,,,,,,,,,,,,,,,,,,,,,,,,
3V0PMwqR53QR$j9HKqkfvl,IFCCOVERING,Third Floor,,General/Site,Roof,Interior,0,,,,,,,,,,,,,,,,,,,,,,,,,,,,,,,,,,,,
0d7qTzb2vF5OX_8cOpudvE,IFCCOVERING,Third Floor,,General/Site,Roof,Interior,0,,,,,,,,,,,,,,,,,,,,,,,,,,,,,,,,,,,,
0IGbdkW4T6A9MsGqwIYWS6,IFCCOVERING,Third Floor,,General/Site,Roof,Interior,0,,,,,,,,,,,,,,,,,,,,,,,,,,,,,,,,,,,,
0iiILGPCn7m8zSUPKOu9Ne,IFCCOVERING,Third Floor,,General/Site,Roof,Interior,0,,,,,,,,,,,,,,,,,,,,,,,,,,,,,,,,,,,,
0GAUCrOVz34OZPcDA3MnPN,IFCCOVERING,Third Floor,,General/Site,Roof,Interior,0,,,,,,,,,,,,,,,,,,,,,,,,,,,,,,,,,,,,
3ZyOkZwyj6VOP__XwPGRjf,IFCCOVERING,Third Floor,,General/Site,Roof,Interior,0,,,,,,,,,,,,,,,,,,,,,,,,,,,,,,,,,,,,
3SYCrkVTLBseq0W7bRCSq6,IFCCOVERING,Third Floor,,General/Site,Roof,Interior,0,,,,,,,,,,,,,,,,,,,,,,,,,,,,,,,,,,,,
2K35IpSY1ClO$FMKtOlMgx,IFCCOVERING,Third Floor,,General/Site,Roof,Interior,0,,,,,,,,,,,,,,,,,,,,,,,,,,,,,,,,,,,,
1uk7d9pNrE8BubY5THsvyO,IFCCOVERING,Third Floor,,General/Site,Roof,Interior,0,,,,,,,,,,,,,,,,,,,,,,,,,,,,,,,,,,,,
1s_n81$JD3UhHqGcWYmFxB,IFCCOVERING,Third Floor,,General/Site,Roof,Interior,0,,,,,,,,,,,,,,,,,,,,,,,,,,,,,,,,,,,,
15Z5paLVTCWeFsxBI51Mb7,IFCCOVERING,Third Floor,,General/Site,Roof,Interior,0,,,,,,,,,,,,,,,,,,,,,,,,,,,,,,,,,,,,
1eXj7_MUH4IBVcBlsEW9co,IFCCOVERING,Third Floor,,General/Site,Roof,Interior,0,,,,,,,,,,,,,,,,,,,,,,,,,,,,,,,,,,,,
0mmjjgnCX52hcaIrr6r4lq,IFCCOVERING,Third Floor,,General/Site,Roof,Interior,0,,,,,,,,,,,,,,,,,,,,,,,,,,,,,,,,,,,,
34JNltW1P5fvHFGSejDlC2,IFCCOVERING,Roof,,General/Site,Roof,Interior,0,,,,,,,,,,,,,,,,,,,,,,,,,,,,,,,,,,,,
0c9IdEzTz61uKg3zrEBJVm,IFCCOVERING,Roof,,General/Site,Roof,Interior,0,,,,,,,,,,,,,,,,,,,,,,,,,,,,,,,,,,,,
2age63NXnAhgoyZ4w51acp,IFCCOVERING,Roof,,General/Site,Roof,Interior,0,,,,,,,,,,,,,,,,,,,,,,,,,,,,,,,,,,,,
1e$Q88BQnE7O$7835zlGIF,IFCCOVERING,Roof,,General/Site,Roof,Interior,0,,,,,,,,,,,,,,,,,,,,,,,,,,,,,,,,,,,,
1CPapQAlf4YQ_ggfHZhkiy,IFCCOVERING,Roof,,General/Site,Roof,Interior,0,,,,,,,,,,,,,,,,,,,,,,,,,,,,,,,,,,,,
0vzoXh8HfE39$x$uEJYJop,IFCCOVERING,Roof,,General/Site,Roof,Interior,0,,,,,,,,,,,,,,,,,,,,,,,,,,,,,,,,,,,,
3nJZgUzE597eilBObAKJsS,IFCCOVERING,Roof,,General/Site,Roof,Interior,0,,,,,,,,,,,,,,,,,,,,,,,,,,,,,,,,,,,,
2GynMxLJb7Ve_WEsuAUB$o,IFCCOVERING,Roof,,General/Site,Roof,Interior,0,,,,,,,,,,,,,,,,,,,,,,,,,,,,,,,,,,,,
3Y0AN$7uH9RhdeNNvTVRg$,IFCCOVERING,Roof,,General/Site,Roof,Interior,0,,,,,,,,,,,,,,,,,,,,,,,,,,,,,,,,,,,,
043PX6AOf83xoc4Zbos9VV,IFCCOVERING,Roof,,General/Site,Roof,Interior,0,,,,,,,,,,,,,,,,,,,,,,,,,,,,,,,,,,,,
0zd_iziX1AY9MZe3svKzqb,IFCCOVERING,Roof,,General/Site,Roof,Interior,0,,,,,,,,,,,,,,,,,,,,,,,,,,,,,,,,,,,,
2mZ5fvqSj1euAdxjC9HqAB,IFCCOVERING,Roof,,General/Site,Roof,Interior,0,,,,,,,,,,,,,,,,,,,,,,,,,,,,,,,,,,,,
0ObAt5weD2MxClwOERiQnw,IFCCOVERING,Roof,,General/Site,Roof,Interior,0,,,,,,,,,,,,,,,,,,,,,,,,,,,,,,,,,,,,
34Be1aT1v1OvkAriYtmErY,IFCCOVERING,Roof,,General/Site,Roof,Interior,0,,,,,,,,,,,,,,,,,,,,,,,,,,,,,,,,,,,,
0DWNLFS3f90xUoIMNC0Sga,IFCCOVERING,Roof,,General/Site,Roof,Interior,0,,,,,,,,,,,,,,,,,,,,,,,,,,,,,,,,,,,,
1DuveohfH4WR1QYJJTIX7y,IFCCOVERING,Roof,,General/Site,Roof,Interior,0,,,,,,,,,,,,,,,,,,,,,,,,,,,,,,,,,,,,
0JRYbvFdjFAB_tKlo5P96w,IFCCOVERING,Roof,,General/Site,Roof,Interior,0,,,,,,,,,,,,,,,,,,,,,,,,,,,,,,,,,,,,
3UQ33BDj906hjRSEychaoC,IFCCOVERING,Roof,,General/Site,Roof,Interior,0,,,,,,,,,,,,,,,,,,,,,,,,,,,,,,,,,,,,
2bpIrXOZ92983I_HbHdZFi,IFCCOVERING,Roof,,General/Site,Roof,Interior,0,,,,,,,,,,,,,,,,,,,,,,,,,,,,,,,,,,,,
1wykn3KDnCoudJp7QNksnd,IFCCOVERING,Roof,,General/Site,Roof,Interior,0,,,,,,,,,,,,,,,,,,,,,,,,,,,,,,,,,,,,
18j3O$xcX2Ih_wQkZiN2od,IFCCOVERING,Roof,,General/Site,Roof,Interior,0,,,,,,,,,,,,,,,,,,,,,,,,,,,,,,,,,,,,
1iuxXQWBPCYA7Rz0YLIxyA,IFCCOVERING,Roof,,General/Site,Roof,Interior,0,,,,,,,,,,,,,,,,,,,,,,,,,,,,,,,,,,,,
1k4Rf11O17$OYfDaxGxz3e,IFCCOVERING,Roof,,General/Site,Roof,Interior,0,,,,,,,,,,,,,,,,,,,,,,,,,,,,,,,,,,,,
3pQAnFkeX04g52jtEH0Dvh,IFCCOVERING,Roof,,General/Site,Roof,Interior,0,,,,,,,,,,,,,,,,,,,,,,,,,,,,,,,,,,,,
09SZlPVEb6r9Ec24AvLDlG,IFCCOVERING,Roof,,General/Site,Roof,Interior,0,,,,,,,,,,,,,,,,,,,,,,,,,,,,,,,,,,,,
1RyDPnl4j9jw8UdQXoPg5I,IFCCOVERING,Roof,,General/Site,Roof,Interior,0,,,,,,,,,,,,,,,,,,,,,,,,,,,,,,,,,,,,
0895cLYvD0efUtx54FTnZC,IFCCOVERING,Roof,,General/Site,Roof,Interior,0,,,,,,,,,,,,,,,,,,,,,,,,,,,,,,,,,,,,
2ni0avf4HBwg_b_tyPlIZ6,IFCCOVERING,Roof,,General/Site,Roof,Interior,0,,,,,,,,,,,,,,,,,,,,,,,,,,,,,,,,,,,,
18L80FXaTFqQkxAxe6gxiq,IFCCOVERING,Roof,,General/Site,Roof,Interior,0,,,,,,,,,,,,,,,,,,,,,,,,,,,,,,,,,,,,
3IB3xrPQX1QRY5aGAACbBk,IFCCOVERING,Roof,,General/Site,Roof,Interior,0,,,,,,,,,,,,,,,,,,,,,,,,,,,,,,,,,,,,
3u190ZIbnDxO$OBXifkC69,IFCCOVERING,Roof,,General/Site,Roof,Interior,0,,,,,,,,,,,,,,,,,,,,,,,,,,,,,,,,,,,,
0xL1KS4Jn4tvNr_zsPU2DS,IFCCOVERING,Roof,,General/Site,Roof,Interior,0,,,,,,,,,,,,,,,,,,,,,,,,,,,,,,,,,,,,
1FklLgvdf6k9P7X6p$cmMH,IFCCOVERING,Roof,,General/Site,Roof,Interior,0,,,,,,,,,,,,,,,,,,,,,,,,,,,,,,,,,,,,
0VymRZHp9BOhjgUfrjAKzq,IFCCOVERING,Roof,,General/Site,Roof,Interior,0,,,,,,,,,,,,,,,,,,,,,,,,,,,,,,,,,,,,
3es57B9Kr3nxL4uBITV$0e,IFCCOVERING,Roof,,General/Site,Roof,Interior,0,,,,,,,,,,,,,,,,,,,,,,,,,,,,,,,,,,,,
0p7yfDe0j4WvQUwDkYbs7$,IFCCOVERING,Roof,,General/Site,Roof,Interior,0,,,,,,,,,,,,,,,,,,,,,,,,,,,,,,,,,,,,
1qusSXTC18mfE4QjdMbQ63,IFCCOVERING,Roof,,General/Site,Roof,Interior,0,,,,,,,,,,,,,,,,,,,,,,,,,,,,,,,,,,,,
3TFL0Ju9LDQgSJxobHl3$w,IFCCOVERING,Roof,,General/Site,Roof,Interior,0,,,,,,,,,,,,,,,,,,,,,,,,,,,,,,,,,,,,
1OZC_D4lr2vvtv4Uzv1h7y,IFCCOVERING,Roof,,General/Site,Roof,Interior,0,,,,,,,,,,,,,,,,,,,,,,,,,,,,,,,,,,,,
1gtT69JG5By9F_0sy4FLYd,IFCCOVERING,Roof,,General/Site,Roof,Interior,0,,,,,,,,,,,,,,,,,,,,,,,,,,,,,,,,,,,,
3Jf9ZsOdX4lxvB4vA5QFsX,IFCCOVERING,Roof,,General/Site,Roof,Interior,0,,,,,,,,,,,,,,,,,,,,,,,,,,,,,,,,,,,,
2LsC2SPxT4E9ldwfzBGB1q,IFCCOVERING,Roof,,General/Site,Roof,Interior,0,,,,,,,,,,,,,,,,,,,,,,,,,,,,,,,,,,,,
1IkmLh_3f0kQF_dY3ZnoJP,IFCCOVERING,Roof,,General/Site,Roof,Interior,0,,,,,,,,,,,,,,,,,,,,,,,,,,,,,,,,,,,,
3XIUgXVbnFKQSYryskQU5E,IFCCOVERING,Roof,,General/Site,Roof,Interior,0,,,,,,,,,,,,,,,,,,,,,,,,,,,,,,,,,,,,
170g0N6ubFUhSWd3VkbHb9,IFCCOVERING,Roof,,General/Site,Roof,Interior,0,,,,,,,,,,,,,,,,,,,,,,,,,,,,,,,,,,,,
3z_Eg_Hdb58RDXlM4R631N,IFCCOVERING,Roof,,General/Site,Roof,Interior,0,,,,,,,,,,,,,,,,,,,,,,,,,,,,,,,,,,,,
0THMhnC3bCkOfmEg9TgXOt,IFCCOVERING,Roof,,General/Site,Roof,Interior,0,,,,,,,,,,,,,,,,,,,,,,,,,,,,,,,,,,,,
2zOanEmO58$eeXsC8DOirU,IFCCOVERING,Roof,,General/Site,Roof,Interior,0,,,,,,,,,,,,,,,,,,,,,,,,,,,,,,,,,,,,
3EX2aqVhHFQwjjx_PJrXeE,IFCCOVERING,Roof,,General/Site,Roof,Interior,0,,,,,,,,,,,,,,,,,,,,,,,,,,,,,,,,,,,,
08lH9za3P9jecQyNaF4KGb,IFCCOVERING,Roof,,General/Site,Roof,Interior,0,,,,,,,,,,,,,,,,,,,,,,,,,,,,,,,,,,,,
3ynDn1ea13$gIzSQ2enRMY,IFCCOVERING,Roof,,General/Site,Roof,Interior,0,,,,,,,,,,,,,,,,,,,,,,,,,,,,,,,,,,,,
1QoB6_SpnFPBXRtOPdV9N$,IFCCOVERING,Roof,,General/Site,Roof,Interior,0,,,,,,,,,,,,,,,,,,,,,,,,,,,,,,,,,,,,
0p27RiiT19xelAQrqqsftR,IFCCOVERING,Roof,,General/Site,Roof,Interior,0,,,,,,,,,,,,,,,,,,,,,,,,,,,,,,,,,,,,
28V12FgnD0s9CjoP4l2wQI,IFCCOVERING,Roof,,General/Site,Roof,Interior,0,,,,,,,,,,,,,,,,,,,,,,,,,,,,,,,,,,,,
1ZtDJBmdr5bR_I261dN0q3,IFCCOVERING,Roof,,General/Site,Roof,Interior,0,,,,,,,,,,,,,,,,,,,,,,,,,,,,,,,,,,,,
3DzOvd0HbA$xhmjmtoOwt7,IFCCOVERING,Roof,,General/Site,Roof,Interior,0,,,,,,,,,,,,,,,,,,,,,,,,,,,,,,,,,,,,
0CcWdkFKHBKAnqgxPTFe1U,IFCCOVERING,Roof,,General/Site,Roof,Interior,0,,,,,,,,,,,,,,,,,,,,,,,,,,,,,,,,,,,,
28RZKVZWPCs9FnstAi4TbZ,IFCCOVERING,Roof,,General/Site,Roof,Interior,0,,,,,,,,,,,,,,,,,,,,,,,,,,,,,,,,,,,,
2wb7gprT9F5AXyrytG14BN,IFCCOVERING,Roof,,General/Site,Roof,Interior,0,,,,,,,,,,,,,,,,,,,,,,,,,,,,,,,,,,,,
1qx_n$ZfL1NP$VgI75FPBB,IFCCOVERING,Roof,,General/Site,Roof,Interior,0,,,,,,,,,,,,,,,,,,,,,,,,,,,,,,,,,,,,
1sooJhQxfAH8FBfF6x64qL,IFCCOVERING,Roof,,General/Site,Roof,Interior,0,,,,,,,,,,,,,,,,,,,,,,,,,,,,,,,,,,,,
2A1BJf2192yfFByyaN8$zi,IFCCOVERING,Roof,,General/Site,Roof,Interior,0,,,,,,,,,,,,,,,,,,,,,,,,,,,,,,,,,,,,
330IW2iyz448LF_Uelo693,IFCCOVERING,Roof,,General/Site,Roof,Interior,0,,,,,,,,,,,,,,,,,,,,,,,,,,,,,,,,,,,,
34PiJxCXD6$vk7dbQ8JotD,IFCCOVERING,Roof,,General/Site,Roof,Interior,0,,,,,,,,,,,,,,,,,,,,,,,,,,,,,,,,,,,,
2O_w7ukLn5D8wLx4QHtZfP,IFCCOVERING,Roof,,General/Site,Roof,Interior,0,,,,,,,,,,,,,,,,,,,,,,,,,,,,,,,,,,,,
3NcYOxRB595vydyrjPB9FM,IFCCOVERING,Roof,,General/Site,Roof,Interior,0,,,,,,,,,,,,,,,,,,,,,,,,,,,,,,,,,,,,
1NrKB6rJ18yPmGKViHyJE1,IFCCOVERING,Roof,,General/Site,Roof,Interior,0,,,,,,,,,,,,,,,,,,,,,,,,,,,,,,,,,,,,
077PbBhFjAePwaM3D6gylm,IFCCOVERING,Roof,,General/Site,Roof,Interior,0,,,,,,,,,,,,,,,,,,,,,,,,,,,,,,,,,,,,
1j_7xtyYjAo9$IXsPAr5VM,IFCCOVERING,Roof,,General/Site,Roof,Interior,0,,,,,,,,,,,,,,,,,,,,,,,,,,,,,,,,,,,,
3LAcMlpf50iBKOKVQ6qJxc,IFCCOVERING,Roof,,General/Site,Roof,Interior,0,,,,,,,,,,,,,,,,,,,,,,,,,,,,,,,,,,,,
05bqiJpWD8P8C1EPv_SevE,IFCCOVERING,Roof,,General/Site,Roof,Interior,0,,,,,,,,,,,,,,,,,,,,,,,,,,,,,,,,,,,,
29OJ0hucX5Cge9CeGAK1d1,IFCCOVERING,Roof,,General/Site,Roof,Interior,0,,,,,,,,,,,,,,,,,,,,,,,,,,,,,,,,,,,,
007EdO4Ev0s9IbUJ5Vdm13,IFCCOVERING,Roof,,General/Site,Roof,Interior,0,,,,,,,,,,,,,,,,,,,,,,,,,,,,,,,,,,,,
2nFvwkQmD7wxHttzw6lCuB,IFCCOVERING,Roof,,General/Site,Roof,Interior,0,,,,,,,,,,,,,,,,,,,,,,,,,,,,,,,,,,,,
2_qkz45TD94g2BUobZq4zQ,IFCCOVERING,Roof,,General/Site,Roof,Interior,0,,,,,,,,,,,,,,,,,,,,,,,,,,,,,,,,,,,,
2ktMa9IwL59PXif$PjNqSu,IFCCOVERING,Roof,,General/Site,Roof,Interior,0,,,,,,,,,,,,,,,,,,,,,,,,,,,,,,,,,,,,
21fjc2SQT5P9NHPwYW4dxU,IFCCOVERING,Roof,,General/Site,Roof,Interior,0,,,,,,,,,,,,,,,,,,,,,,,,,,,,,,,,,,,,
0q7mXX_PvEOg5k2NDcPggi,IFCCOVERING,Roof,,General/Site,Roof,Interior,0,,,,,,,,,,,,,,,,,,,,,,,,,,,,,,,,,,,,
2Y8OFCZi990u1q8JZhA7Nm,IFCCOVERING,Roof,,General/Site,Roof,Interior,0,,,,,,,,,,,,,,,,,,,,,,,,,,,,,,,,,,,,
1StlI_4Zj2tgKZ_VnndMra,IFCCOVERING,Roof,,General/Site,Roof,Interior,0,,,,,,,,,,,,,,,,,,,,,,,,,,,,,,,,,,,,
3N7WsQQaXFIAp2oGPhpOUE,IFCCOVERING,Roof,,General/Site,Roof,Interior,0,,,,,,,,,,,,,,,,,,,,,,,,,,,,,,,,,,,,
2jeVzwCWPCE8F_SnAwlNEj,IFCCOVERING,Roof,,General/Site,Roof,Interior,0,,,,,,,,,,,,,,,,,,,,,,,,,,,,,,,,,,,,
3AuWbUKFXCyfDFR1jmC$if,IFCCOVERING,Roof,,General/Site,Roof,Interior,0,,,,,,,,,,,,,,,,,,,,,,,,,,,,,,,,,,,,
0G1qG9WQT019FbQGRbcM_O,IFCCOVERING,Roof,,General/Site,Roof,Interior,0,,,,,,,,,,,,,,,,,,,,,,,,,,,,,,,,,,,,
0j63Qbjar0XvxIeCyvLIaA,IFCCOVERING,Roof,,General/Site,Roof,Interior,0,,,,,,,,,,,,,,,,,,,,,,,,,,,,,,,,,,,,
0ulaH__F57I8bf1xXuALEc,IFCCOVERING,Roof,,General/Site,Roof,Interior,0,,,,,,,,,,,,,,,,,,,,,,,,,,,,,,,,,,,,
3YMQjAo6T4sxpIeXuXsy3J,IFCCOVERING,Roof,,General/Site,Roof,Interior,0,,,,,,,,,,,,,,,,,,,,,,,,,,,,,,,,,,,,
2CjrbRdivBKwflG89qjawB,IFCCOVERING,Roof,,General/Site,Roof,Interior,0,,,,,,,,,,,,,,,,,,,,,,,,,,,,,,,,,,,,
1mua6_dEP2df$a0h$IPIVR,IFCCOVERING,Roof,,General/Site,Roof,Interior,0,,,,,,,,,,,,,,,,,,,,,,,,,,,,,,,,,,,,
2zcmw5pdXD4wv6P3Mq8Q2i,IFCCOVERING,Roof,,General/Site,Roof,Interior,0,,,,,,,,,,,,,,,,,,,,,,,,,,,,,,,,,,,,
1d7CbVz1vF2fOv5MGQRRf0,IFCCOVERING,Roof,,General/Site,Roof,Interior,0,,,,,,,,,,,,,,,,,,,,,,,,,,,,,,,,,,,,
13UN2k$BH20A6yaOiM5MWg,IFCCOVERING,Roof,,General/Site,Roof,Interior,0,,,,,,,,,,,,,,,,,,,,,,,,,,,,,,,,,,,,
3aDkGincHBpBzd7zTFwySJ,IFCCOVERING,Roof,,General/Site,Roof,Interior,0,,,,,,,,,,,,,,,,,,,,,,,,,,,,,,,,,,,,
29eJj7o$f07P2jkTGBDnsC,IFCCOVERING,Roof,,General/Site,Roof,Interior,0,,,,,,,,,,,,,,,,,,,,,,,,,,,,,,,,,,,,
1GprA7Hw5B_9BR1J5CstVW,IFCCOVERING,Roof,,General/Site,Roof,Interior,0,,,,,,,,,,,,,,,,,,,,,,,,,,,,,,,,,,,,
29Up$J8TnE4g2LrFM6GCkb,IFCCOVERING,Roof,,General/Site,Roof,Interior,0,,,,,,,,,,,,,,,,,,,,,,,,,,,,,,,,,,,,
0_yYR1DCD7KB6hh9c_6O5h,IFCCOVERING,Roof,,General/Site,Roof,Interior,0,,,,,,,,,,,,,,,,,,,,,,,,,,,,,,,,,,,,
2rmEATycj2nOrsXJptlFWG,IFCCOVERING,Roof,,General/Site,Roof,Interior,0,,,,,,,,,,,,,,,,,,,,,,,,,,,,,,,,,,,,
0vth7pyXzF5vcuU7jodliw,IFCCOVERING,Roof,,General/Site,Roof,Interior,0,,,,,,,,,,,,,,,,,,,,,,,,,,,,,,,,,,,,
02E$ptvW50Nxxtamik$2wC,IFCCOVERING,Roof,,General/Site,Roof,Interior,0,,,,,,,,,,,,,,,,,,,,,,,,,,,,,,,,,,,,
0ijD7GP8j2Swp7ktN9m7qN,IFCCOVERING,Roof,,General/Site,Roof,Interior,0,,,,,,,,,,,,,,,,,,,,,,,,,,,,,,,,,,,,
37NYNRiC58BPTi3UGx1Lg0,IFCCOVERING,Roof,,General/Site,Roof,Interior,0,,,,,,,,,,,,,,,,,,,,,,,,,,,,,,,,,,,,
2RF67F7YTCuvezQOCzGPFd,IFCCOVERING,Roof,,General/Site,Roof,Interior,0,,,,,,,,,,,,,,,,,,,,,,,,,,,,,,,,,,,,
0Qs8fwiLD97v5f_np7NiOW,IFCCOVERING,Roof,,General/Site,Roof,Interior,0,,,,,,,,,,,,,,,,,,,,,,,,,,,,,,,,,,,,
25QZ2M2dz0hfHDxRPzINWG,IFCCOVERING,Roof,,General/Site,Roof,Interior,0,,,,,,,,,,,,,,,,,,,,,,,,,,,,,,,,,,,,
0h_kYyh7j2v98ZEQdGS4F3,IFCCOVERING,Roof,,General/Site,Roof,Interior,0,,,,,,,,,,,,,,,,,,,,,,,,,,,,,,,,,,,,
05GQypXcLAuRfcmTq9pxIN,IFCCOVERING,Roof,,General/Site,Roof,Interior,0,,,,,,,,,,,,,,,,,,,,,,,,,,,,,,,,,,,,
3wXjoQfTzCRAsUokqpsK6l,IFCCOVERING,Roof,,General/Site,Roof,Interior,0,,,,,,,,,,,,,,,,,,,,,,,,,,,,,,,,,,,,
3aiTjMbnDDgAkKAn3fj5FC,IFCCOVERING,Roof,,General/Site,Roof,Interior,0,,,,,,,,,,,,,,,,,,,,,,,,,,,,,,,,,,,,
2iMmm86cTBPhnYAVtZZhqc,IFCCOVERING,Roof,,General/Site,Roof,Interior,0,,,,,,,,,,,,,,,,,,,,,,,,,,,,,,,,,,,,
0LTn_tGMzElwpmIICs0ZBj,IFCCOVERING,Roof,,General/Site,Roof,Interior,0,,,,,,,,,,,,,,,,,,,,,,,,,,,,,,,,,,,,
0wjyNCK495J8Nv1vs$NO0q,IFCCOVERING,Roof,,General/Site,Roof,Interior,0,,,,,,,,,,,,,,,,,,,,,,,,,,,,,,,,,,,,
2tNLEu$zP6Bu8NPKlg7Az$,IFCCOVERING,Roof,,General/Site,Roof,Interior,0,,,,,,,,,,,,,,,,,,,,,,,,,,,,,,,,,,,,
15Sq6P$yfEfgjt$MD79rLw,IFCCOVERING,Roof,,General/Site,Roof,Interior,0,,,,,,,,,,,,,,,,,,,,,,,,,,,,,,,,,,,,
1f1zrYEsD1RQz71I4YQ3VD,IFCCOVERING,Roof,,General/Site,Roof,Interior,0,,,,,,,,,,,,,,,,,,,,,,,,,,,,,,,,,,,,
3K3E0bxsHD_hoBrmHufvK0,IFCCOVERING,Roof,,General/Site,Roof,Interior,0,,,,,,,,,,,,,,,,,,,,,,,,,,,,,,,,,,,,
1J3SOINGPCXxYv_m_sbcg2,IFCCOVERING,Roof,,General/Site,Roof,Interior,0,,,,,,,,,,,,,,,,,,,,,,,,,,,,,,,,,,,,
0hP2Gt1o9An8XJnv4OGngC,IFCCOVERING,Roof,,General/Site,Roof,Interior,0,,,,,,,,,,,,,,,,,,,,,,,,,,,,,,,,,,,,
22g9e9_FHFeRG_xGNPD4LK,IFCCOVERING,Roof,,General/Site,Roof,Interior,0,,,,,,,,,,,,,,,,,,,,,,,,,,,,,,,,,,,,
1lJrmoPCfFevVvyk$w5$Q9,IFCCOVERING,Roof,,General/Site,Roof,Interior,0,,,,,,,,,,,,,,,,,,,,,,,,,,,,,,,,,,,,
21eMQS5KD4DuU0PNZNweER,IFCCOVERING,Roof,,General/Site,Roof,Interior,0,,,,,,,,,,,,,,,,,,,,,,,,,,,,,,,,,,,,
21Zwif4XXB3RzOTp8nhzRs,IFCCOVERING,Roof,,General/Site,Roof,Interior,0,,,,,,,,,,,,,,,,,,,,,,,,,,,,,,,,,,,,
2XrGzKCU50vuIMEsCbcEnt,IFCCOVERING,Roof,,General/Site,Roof,Interior,0,,,,,,,,,,,,,,,,,,,,,,,,,,,,,,,,,,,,
2_UAY21$LEZ9NMCZTKd3rC,IFCCOVERING,Roof,,General/Site,Roof,Interior,0,,,,,,,,,,,,,,,,,,,,,,,,,,,,,,,,,,,,
2RTW9dTi1CmvE8oX9Nvtlb,IFCCOVERING,Roof,,General/Site,Roof,Interior,0,,,,,,,,,,,,,,,,,,,,,,,,,,,,,,,,,,,,
2r2EjwTZjDbh2MQkvRMusV,IFCCOVERING,Roof,,General/Site,Roof,Interior,0,,,,,,,,,,,,,,,,,,,,,,,,,,,,,,,,,,,,
29ENgAa$j4mwOc7oW10OMr,IFCCOVERING,Roof,,General/Site,Roof,Interior,0,,,,,,,,,,,,,,,,,,,,,,,,,,,,,,,,,,,,
2zLhZWWK5DdukuKzMVGInd,IFCCOVERING,Roof,,General/Site,Roof,Interior,0,,,,,,,,,,,,,,,,,,,,,,,,,,,,,,,,,,,,
0IXh5kQxf1wgYV86fUU143,IFCCOVERING,Roof,,General/Site,Roof,Interior,0,,,,,,,,,,,,,,,,,,,,,,,,,,,,,,,,,,,,
06WKt96oH0A9FdTRJhrbwI,IFCCOVERING,Roof,,General/Site,Roof,Interior,0,,,,,,,,,,,,,,,,,,,,,,,,,,,,,,,,,,,,
3FmvEdU4fCBBeQfYs_1atB,IFCCOVERING,Roof,,General/Site,Roof,Interior,0,,,,,,,,,,,,,,,,,,,,,,,,,,,,,,,,,,,,
2v$O$1Pp57o8xRLvBrxiMd,IFCCOVERING,Roof,,General/Site,Roof,Interior,0,,,,,,,,,,,,,,,,,,,,,,,,,,,,,,,,,,,,
385Jmpo3D4IA4h_yCC3Suf,IFCCOVERING,Roof,,General/Site,Roof,Interior,0,,,,,,,,,,,,,,,,,,,,,,,,,,,,,,,,,,,,
2SxMEU$5bF_OVLH6sPEGa9,IFCCOVERING,Roof,,General/Site,Roof,Interior,0,,,,,,,,,,,,,,,,,,,,,,,,,,,,,,,,,,,,
2VVb023W54Hf$jiGlOW8WA,IFCCOVERING,Roof,,General/Site,Roof,Interior,0,,,,,,,,,,,,,,,,,,,,,,,,,,,,,,,,,,,,
3aDx8aCVL5KRDxtxINPvzX,IFCCOVERING,Roof,,General/Site,Roof,Interior,0,,,,,,,,,,,,,,,,,,,,,,,,,,,,,,,,,,,,
0nmcPmz716yhfDcg8VlpyJ,IFCCOVERING,Roof,,General/Site,Roof,Interior,0,,,,,,,,,,,,,,,,,,,,,,,,,,,,,,,,,,,,
2t_Zbz36T31eqbCcVxkhsp,IFCCOVERING,Roof,,General/Site,Roof,Interior,0,,,,,,,,,,,,,,,,,,,,,,,,,,,,,,,,,,,,
3Cjnj19jD1EvUuWNJvdBKY,IFCCOVERING,Roof,,General/Site,Roof,Interior,0,,,,,,,,,,,,,,,,,,,,,,,,,,,,,,,,,,,,
3GxidcjM56meiP7yXKT5IW,IFCCOVERING,Roof,,General/Site,Roof,Interior,0,,,,,,,,,,,,,,,,,,,,,,,,,,,,,,,,,,,,
14JbhrU61Fkxc5OFUcYIgy,IFCCOVERING,Roof,,General/Site,Roof,Interior,0,,,,,,,,,,,,,,,,,,,,,,,,,,,,,,,,,,,,
0nefdpq9569wDrmnlXr03n,IFCCOVERING,Roof,,General/Site,Roof,Interior,0,,,,,,,,,,,,,,,,,,,,,,,,,,,,,,,,,,,,
1oOcBJ7EH2WfCV4Gyh_DFk,IFCCOVERING,Roof,,General/Site,Roof,Interior,0,,,,,,,,,,,,,,,,,,,,,,,,,,,,,,,,,,,,
0L5r1zQ5z0981wfV9gzQ7N,IFCCOVERING,Roof,,General/Site,Roof,Interior,0,,,,,,,,,,,,,,,,,,,,,,,,,,,,,,,,,,,,
33qrjPuXz4$vwsI2dIFFIk,IFCCOVERING,Roof,,General/Site,Roof,Interior,0,,,,,,,,,,,,,,,,,,,,,,,,,,,,,,,,,,,,
19YV6A6J50ee1dHLkiEyOi,IFCCOVERING,Roof,,General/Site,Roof,Interior,0,,,,,,,,,,,,,,,,,,,,,,,,,,,,,,,,,,,,
3YiHA19E56RQRyXOSzU0_C,IFCCOVERING,Roof,,General/Site,Roof,Interior,0,,,,,,,,,,,,,,,,,,,,,,,,,,,,,,,,,,,,
1zjpZvT0nArhoPk4sPEn4R,IFCCOVERING,Roof,,General/Site,Roof,Interior,0,,,,,,,,,,,,,,,,,,,,,,,,,,,,,,,,,,,,
25oEkXx7T0Ovcl7ykheyU8,IFCCOVERING,Roof,,General/Site,Roof,Interior,0,,,,,,,,,,,,,,,,,,,,,,,,,,,,,,,,,,,,
28iLbtzzb9T9lE6oiN0LsQ,IFCCOVERING,Roof,,General/Site,Roof,Interior,0,,,,,,,,,,,,,,,,,,,,,,,,,,,,,,,,,,,,
2VeiKOLNH2lgfRcYo1__zt,IFCCOVERING,Roof,,General/Site,Roof,Interior,0,,,,,,,,,,,,,,,,,,,,,,,,,,,,,,,,,,,,
14Z2fixR1A2B1wTsMhRvew,IFCCOVERING,Roof,,General/Site,Roof,Interior,0,,,,,,,,,,,,,,,,,,,,,,,,,,,,,,,,,,,,
3PrMOenHL4xfR0aG_iBv2k,IFCCOVERING,Roof,,General/Site,Roof,Interior,0,,,,,,,,,,,,,,,,,,,,,,,,,,,,,,,,,,,,
1hZRfsL$17jQHTJno$1uJR,IFCCOVERING,Roof,,General/Site,Roof,Interior,0,,,,,,,,,,,,,,,,,,,,,,,,,,,,,,,,,,,,
3D9SVbrQf1DwPsm4JIZULQ,IFCCOVERING,Roof,,General/Site,Roof,Interior,0,,,,,,,,,,,,,,,,,,,,,,,,,,,,,,,,,,,,
3dJd5ylvfFBQiuyLDP2ZrF,IFCCOVERING,Roof,,General/Site,Roof,Interior,0,,,,,,,,,,,,,,,,,,,,,,,,,,,,,,,,,,,,
3nXm2iQaP1LwQoGtNqWtXz,IFCCOVERING,Roof,,General/Site,Roof,Interior,0,,,,,,,,,,,,,,,,,,,,,,,,,,,,,,,,,,,,
3yjlObltnCpO3ehdiY7mcZ,IFCCOVERING,Roof,,General/Site,Roof,Interior,0,,,,,,,,,,,,,,,,,,,,,,,,,,,,,,,,,,,,
2IW6IWMcn9p9GSb$1bcM9y,IFCDOOR,Ground Floor,Apartment 1,Finishing,Door,Exterior,27,N,,Added (synthetic),Apartment 1,AFBOUW,Not Started,Finishing,0,Low,N,,,Finishing Subcontractor,,,,,,FIN-0,Subcontract,,,,,,,,,,,5,,,EUR,,
1xjGgwmzP23uthLfXurB67,IFCDOOR,Ground Floor,,Finishing,Door,Exterior,1,N,,Added (synthetic),,GEVEL,Not Started,Finishing,0,Low,N,16 hrs (2 days),11.9,Finishing Subcontractor,2.0018,149,148,150,149,FIN-0,Subcontract,"Balcony railing installation, Ground Floor",18.56,796.48,220.86,1017.34,1126.81,109.47,10.8,1179.25,1146.09,5,56.34,Pending,EUR,2015-06-18,
39Lqndo0HD0PPTIv$0QRef,IFCDOOR,Ground Floor,,Finishing,Door,Exterior,1,N,,Added (synthetic),,GEVEL,Not Started,Finishing,0,Low,N,16 hrs (2 days),11.9,Finishing Subcontractor,2.0018,149,148,150,149,FIN-0,Subcontract,"Balcony railing installation, Ground Floor",18.56,796.48,220.86,1017.34,1126.81,109.47,10.8,1179.25,1146.09,5,56.34,Pending,EUR,2015-06-18,
1aJ$Qkat1AFgC0aRnCKwoP,IFCDOOR,Ground Floor,,Finishing,Door,Exterior,1,N,,Added (synthetic),,GEVEL,Not Started,Finishing,0,Low,N,16 hrs (2 days),11.9,Finishing Subcontractor,2.0018,149,148,150,149,FIN-0,Subcontract,"Balcony railing installation, Ground Floor",18.56,796.48,220.86,1017.34,1126.81,109.47,10.8,1179.25,1146.09,5,56.34,Pending,EUR,2015-06-18,
2Vb0PGtxLAoxa0tjC07GCC,IFCDOOR,Ground Floor,,Finishing,Door,Exterior,1,N,,Added (synthetic),,GEVEL,Not Started,Finishing,0,Low,N,16 hrs (2 days),11.9,Finishing Subcontractor,2.0018,149,148,150,149,FIN-0,Subcontract,"Balcony railing installation, Ground Floor",18.56,796.48,220.86,1017.34,1126.81,109.47,10.8,1179.25,1146.09,5,56.34,Pending,EUR,2015-06-18,
31JhVzvWf3EhVtVaBbU7f1,IFCDOOR,Ground Floor,,Finishing,Door,Exterior,1,N,,Added (synthetic),,GEVEL,Not Started,Finishing,0,Low,N,16 hrs (2 days),11.9,Finishing Subcontractor,2.0018,149,148,150,149,FIN-0,Subcontract,"Balcony railing installation, Ground Floor",18.56,796.48,220.86,1017.34,1126.81,109.47,10.8,1179.25,1146.09,5,56.34,Pending,EUR,2015-06-18,
3KMMm8oqPDGRsQcfPPC6kS,IFCDOOR,Ground Floor,Apartment 1,Finishing,Door,Exterior,27,N,,Added (synthetic),Apartment 1,AFBOUW,Not Started,Finishing,0,Low,N,,,Finishing Subcontractor,,,,,,FIN-0,Subcontract,,,,,,,,,,,5,,,EUR,,
2DaLEnOpD71xPKiE7SoDTP,IFCDOOR,Ground Floor,,Finishing,Door,Exterior,1,N,,Added (synthetic),,GEVEL,Not Started,Finishing,0,Low,N,16 hrs (2 days),11.9,Finishing Subcontractor,2.0018,149,148,150,149,FIN-0,Subcontract,"Balcony railing installation, Ground Floor",18.56,796.48,220.86,1017.34,1126.81,109.47,10.8,1179.25,1146.09,5,56.34,Pending,EUR,2015-06-18,
3J3WcMT$r8Zhg8fsSyC9$A,IFCDOOR,Ground Floor,Apartment 1,Finishing,Door,Exterior,27,N,,Added (synthetic),Apartment 1,AFBOUW,Not Started,Finishing,0,Low,N,,,Finishing Subcontractor,,,,,,FIN-0,Subcontract,,,,,,,,,,,5,,,EUR,,
0$bCLIu6XFZvKNAS5U2$M5,IFCDOOR,Ground Floor,,Finishing,Door,Exterior,1,N,,Added (synthetic),,GEVEL,Not Started,Finishing,0,Low,N,16 hrs (2 days),11.9,Finishing Subcontractor,2.0018,149,148,150,149,FIN-0,Subcontract,"Balcony railing installation, Ground Floor",18.56,796.48,220.86,1017.34,1126.81,109.47,10.8,1179.25,1146.09,5,56.34,Pending,EUR,2015-06-18,
2ANGxgZInBiOwD5Faih5nH,IFCDOOR,Ground Floor,,Finishing,Door,Exterior,1,N,,Added (synthetic),,GEVEL,Not Started,Finishing,0,Low,N,16 hrs (2 days),11.9,Finishing Subcontractor,2.0018,149,148,150,149,FIN-0,Subcontract,"Balcony railing installation, Ground Floor",18.56,796.48,220.86,1017.34,1126.81,109.47,10.8,1179.25,1146.09,5,56.34,Pending,EUR,2015-06-18,
2qunupXbPCmxdwcf_gKob5,IFCDOOR,Ground Floor,Apartment 1,Finishing,Door,Exterior,27,N,,Added (synthetic),Apartment 1,AFBOUW,Not Started,Finishing,0,Low,N,,,Finishing Subcontractor,,,,,,FIN-0,Subcontract,,,,,,,,,,,5,,,EUR,,
1ktZHnXqP81AONft3VUKlo,IFCDOOR,Ground Floor,,Finishing,Door,Exterior,1,N,,Added (synthetic),,GEVEL,Not Started,Finishing,0,Low,N,16 hrs (2 days),11.9,Finishing Subcontractor,2.0018,149,148,150,149,FIN-0,Subcontract,"Balcony railing installation, Ground Floor",18.56,796.48,220.86,1017.34,1126.81,109.47,10.8,1179.25,1146.09,5,56.34,Pending,EUR,2015-06-18,
3ztvEc4nv0AQG9DRef3G4g,IFCDOOR,Ground Floor,,Finishing,Door,Exterior,1,N,,Added (synthetic),,GEVEL,Not Started,Finishing,0,Low,N,16 hrs (2 days),11.9,Finishing Subcontractor,2.0018,149,148,150,149,FIN-0,Subcontract,"Balcony railing installation, Ground Floor",18.56,796.48,220.86,1017.34,1126.81,109.47,10.8,1179.25,1146.09,5,56.34,Pending,EUR,2015-06-18,
1s39gsbh161QnI10muM$N9,IFCDOOR,Ground Floor,,Finishing,Door,Exterior,1,N,,Added (synthetic),,GEVEL,Not Started,Finishing,0,Low,N,16 hrs (2 days),11.9,Finishing Subcontractor,2.0018,149,148,150,149,FIN-0,Subcontract,"Balcony railing installation, Ground Floor",18.56,796.48,220.86,1017.34,1126.81,109.47,10.8,1179.25,1146.09,5,56.34,Pending,EUR,2015-06-18,
2lIYJtavL8Qgz5F0uXNHL_,IFCDOOR,Ground Floor,Apartment 2,Finishing,Door,Exterior,27,N,,Added (synthetic),Apartment 2,AFBOUW,Not Started,Finishing,0,Low,N,,,Finishing Subcontractor,,,,,,FIN-0,Subcontract,,,,,,,,,,,5,,,EUR,,
0O3slHyAT0WgNB1xnKYnaE,IFCDOOR,Ground Floor,Apartment 1,Finishing,Door,Exterior,27,N,,Added (synthetic),Apartment 1,AFBOUW,Not Started,Finishing,0,Low,N,,,Finishing Subcontractor,,,,,,FIN-0,Subcontract,,,,,,,,,,,5,,,EUR,,
0ZNb2THTz00eu1RAEsgAJm,IFCDOOR,Ground Floor,Apartment 2,Finishing,Door,Exterior,27,N,,Added (synthetic),Apartment 2,AFBOUW,Not Started,Finishing,0,Low,N,,,Finishing Subcontractor,,,,,,FIN-0,Subcontract,,,,,,,,,,,5,,,EUR,,
3IAsrlzln2x9CGCwGk5aBc,IFCDOOR,Ground Floor,,Finishing,Door,Exterior,1,N,,Added (synthetic),,GEVEL,Not Started,Finishing,0,Low,N,16 hrs (2 days),11.9,Finishing Subcontractor,2.0018,149,148,150,149,FIN-0,Subcontract,"Balcony railing installation, Ground Floor",18.56,796.48,220.86,1017.34,1126.81,109.47,10.8,1179.25,1146.09,5,56.34,Pending,EUR,2015-06-18,
0ci9nEgpD5hOOJ58LmeO5E,IFCDOOR,Ground Floor,Apartment 2,Finishing,Door,Exterior,27,N,,Added (synthetic),Apartment 2,AFBOUW,Not Started,Finishing,0,Low,N,,,Finishing Subcontractor,,,,,,FIN-0,Subcontract,,,,,,,,,,,5,,,EUR,,
2WU8Fxger4FOI4ySi472UL,IFCDOOR,Ground Floor,,Finishing,Door,Exterior,1,N,,Added (synthetic),,GEVEL,Not Started,Finishing,0,Low,N,16 hrs (2 days),11.9,Finishing Subcontractor,2.0018,149,148,150,149,FIN-0,Subcontract,"Balcony railing installation, Ground Floor",18.56,796.48,220.86,1017.34,1126.81,109.47,10.8,1179.25,1146.09,5,56.34,Pending,EUR,2015-06-18,
2$o2jRMbz4Ug6JAhiXdSr5,IFCDOOR,Ground Floor,,Finishing,Door,Exterior,1,N,,Added (synthetic),,GEVEL,Not Started,Finishing,0,Low,N,16 hrs (2 days),11.9,Finishing Subcontractor,2.0018,149,148,150,149,FIN-0,Subcontract,"Balcony railing installation, Ground Floor",18.56,796.48,220.86,1017.34,1126.81,109.47,10.8,1179.25,1146.09,5,56.34,Pending,EUR,2015-06-18,
2O5ano1e1EJeQxf8IVwahY,IFCDOOR,Ground Floor,,Finishing,Door,Exterior,1,N,,Added (synthetic),,GEVEL,Not Started,Finishing,0,Low,N,16 hrs (2 days),11.9,Finishing Subcontractor,2.0018,149,148,150,149,FIN-0,Subcontract,"Balcony railing installation, Ground Floor",18.56,796.48,220.86,1017.34,1126.81,109.47,10.8,1179.25,1146.09,5,56.34,Pending,EUR,2015-06-18,
0B9KdcSuf3jh8POLbkPzQ4,IFCDOOR,Ground Floor,Apartment 2,Finishing,Door,Exterior,27,N,,Added (synthetic),Apartment 2,AFBOUW,Not Started,Finishing,0,Low,N,,,Finishing Subcontractor,,,,,,FIN-0,Subcontract,,,,,,,,,,,5,,,EUR,,
0B9hE_gGb05uoY$Fs9k827,IFCDOOR,Ground Floor,Apartment 1,Finishing,Door,Exterior,27,N,,Added (synthetic),Apartment 1,AFBOUW,Not Started,Finishing,0,Low,N,,,Finishing Subcontractor,,,,,,FIN-0,Subcontract,,,,,,,,,,,5,,,EUR,,
0YHiCuhWH8Qh_HTW9vOiHy,IFCDOOR,Ground Floor,Apartment 1,Finishing,Door,Exterior,27,N,,Added (synthetic),Apartment 1,AFBOUW,Not Started,Finishing,0,Low,N,,,Finishing Subcontractor,,,,,,FIN-0,Subcontract,,,,,,,,,,,5,,,EUR,,
1h4sXeQ3fCCQTfDg40kePC,IFCDOOR,Ground Floor,Apartment 1,Finishing,Door,Exterior,27,N,,Added (synthetic),Apartment 1,AFBOUW,Not Started,Finishing,0,Low,N,,,Finishing Subcontractor,,,,,,FIN-0,Subcontract,,,,,,,,,,,5,,,EUR,,
2KQzcnl4P108p1xYLp2BcG,IFCDOOR,Ground Floor,,Finishing,Door,Exterior,1,N,,Added (synthetic),,GEVEL,Not Started,Finishing,0,Low,N,16 hrs (2 days),11.9,Finishing Subcontractor,2.0018,149,148,150,149,FIN-0,Subcontract,"Balcony railing installation, Ground Floor",18.56,796.48,220.86,1017.34,1126.81,109.47,10.8,1179.25,1146.09,5,56.34,Pending,EUR,2015-06-18,
1btohEUvb9RxFSreiwC9NA,IFCDOOR,Ground Floor,,Finishing,Door,Exterior,1,N,,Added (synthetic),,GEVEL,Not Started,Finishing,0,Low,N,16 hrs (2 days),11.9,Finishing Subcontractor,2.0018,149,148,150,149,FIN-0,Subcontract,"Balcony railing installation, Ground Floor",18.56,796.48,220.86,1017.34,1126.81,109.47,10.8,1179.25,1146.09,5,56.34,Pending,EUR,2015-06-18,
1dnueTAkL0h8RlVLQtwd3w,IFCDOOR,Ground Floor,,Finishing,Door,Exterior,1,N,,Added (synthetic),,GEVEL,Not Started,Finishing,0,Low,N,16 hrs (2 days),11.9,Finishing Subcontractor,2.0018,149,148,150,149,FIN-0,Subcontract,"Balcony railing installation, Ground Floor",18.56,796.48,220.86,1017.34,1126.81,109.47,10.8,1179.25,1146.09,5,56.34,Pending,EUR,2015-06-18,
28KVDgny54GgQmudzivmSF,IFCDOOR,Ground Floor,,Finishing,Door,Exterior,1,N,,Added (synthetic),,GEVEL,Not Started,Finishing,0,Low,N,16 hrs (2 days),11.9,Finishing Subcontractor,2.0018,149,148,150,149,FIN-0,Subcontract,"Balcony railing installation, Ground Floor",18.56,796.48,220.86,1017.34,1126.81,109.47,10.8,1179.25,1146.09,5,56.34,Pending,EUR,2015-06-18,
1oUU4liMH32hV5EvVPxQjH,IFCDOOR,Ground Floor,,Finishing,Door,Exterior,1,N,,Added (synthetic),,GEVEL,Not Started,Finishing,0,Low,N,16 hrs (2 days),11.9,Finishing Subcontractor,2.0018,149,148,150,149,FIN-0,Subcontract,"Balcony railing installation, Ground Floor",18.56,796.48,220.86,1017.34,1126.81,109.47,10.8,1179.25,1146.09,5,56.34,Pending,EUR,2015-06-18,
0X248I49P2ruJd$STte42p,IFCDOOR,Ground Floor,,Finishing,Door,Exterior,1,N,,Added (synthetic),,GEVEL,Not Started,Finishing,0,Low,N,16 hrs (2 days),11.9,Finishing Subcontractor,2.0018,149,148,150,149,FIN-0,Subcontract,"Balcony railing installation, Ground Floor",18.56,796.48,220.86,1017.34,1126.81,109.47,10.8,1179.25,1146.09,5,56.34,Pending,EUR,2015-06-18,
2lRzoejMfDL9Jj8LLmEFKf,IFCDOOR,Ground Floor,,Finishing,Door,Exterior,1,N,,Added (synthetic),,GEVEL,Not Started,Finishing,0,Low,N,16 hrs (2 days),11.9,Finishing Subcontractor,2.0018,149,148,150,149,FIN-0,Subcontract,"Balcony railing installation, Ground Floor",18.56,796.48,220.86,1017.34,1126.81,109.47,10.8,1179.25,1146.09,5,56.34,Pending,EUR,2015-06-18,
1jm08JDI1AxPr7MMlr69d8,IFCDOOR,Ground Floor,,Finishing,Door,Exterior,1,N,,Added (synthetic),,GEVEL,Not Started,Finishing,0,Low,N,16 hrs (2 days),11.9,Finishing Subcontractor,2.0018,149,148,150,149,FIN-0,Subcontract,"Balcony railing installation, Ground Floor",18.56,796.48,220.86,1017.34,1126.81,109.47,10.8,1179.25,1146.09,5,56.34,Pending,EUR,2015-06-18,
2VhjvgnFDDXBW8fTsJGXX_,IFCDOOR,Ground Floor,,Finishing,Door,Exterior,1,N,,Added (synthetic),,GEVEL,Not Started,Finishing,0,Low,N,16 hrs (2 days),11.9,Finishing Subcontractor,2.0018,149,148,150,149,FIN-0,Subcontract,"Balcony railing installation, Ground Floor",18.56,796.48,220.86,1017.34,1126.81,109.47,10.8,1179.25,1146.09,5,56.34,Pending,EUR,2015-06-18,
0zCkMWkdv5GfPfhUIwPa9J,IFCDOOR,Ground Floor,,Finishing,Door,Exterior,1,N,,Added (synthetic),,GEVEL,Not Started,Finishing,0,Low,N,16 hrs (2 days),11.9,Finishing Subcontractor,2.0018,149,148,150,149,FIN-0,Subcontract,"Balcony railing installation, Ground Floor",18.56,796.48,220.86,1017.34,1126.81,109.47,10.8,1179.25,1146.09,5,56.34,Pending,EUR,2015-06-18,
0FjOoBbcP2FxJiAEY$_Ky$,IFCDOOR,Ground Floor,,Finishing,Door,Exterior,1,N,,Added (synthetic),,GEVEL,Not Started,Finishing,0,Low,N,16 hrs (2 days),11.9,Finishing Subcontractor,2.0018,149,148,150,149,FIN-0,Subcontract,"Balcony railing installation, Ground Floor",18.56,796.48,220.86,1017.34,1126.81,109.47,10.8,1179.25,1146.09,5,56.34,Pending,EUR,2015-06-18,
1N$Oi2JN18FvfRlqLXpxqx,IFCDOOR,Ground Floor,,Finishing,Door,Exterior,1,N,,Added (synthetic),,GEVEL,Not Started,Finishing,0,Low,N,16 hrs (2 days),11.9,Finishing Subcontractor,2.0018,149,148,150,149,FIN-0,Subcontract,"Balcony railing installation, Ground Floor",18.56,796.48,220.86,1017.34,1126.81,109.47,10.8,1179.25,1146.09,5,56.34,Pending,EUR,2015-06-18,
1k3S_FTjr5YgVNsOxgXfqg,IFCDOOR,Ground Floor,,Finishing,Door,Exterior,1,N,,Added (synthetic),,GEVEL,Not Started,Finishing,0,Low,N,16 hrs (2 days),11.9,Finishing Subcontractor,2.0018,149,148,150,149,FIN-0,Subcontract,"Balcony railing installation, Ground Floor",18.56,796.48,220.86,1017.34,1126.81,109.47,10.8,1179.25,1146.09,5,56.34,Pending,EUR,2015-06-18,
2hVrKM8Vv2Xxs7m9ITda8L,IFCDOOR,Ground Floor,,Finishing,Door,Exterior,1,N,,Added (synthetic),,GEVEL,Not Started,Finishing,0,Low,N,16 hrs (2 days),11.9,Finishing Subcontractor,2.0018,149,148,150,149,FIN-0,Subcontract,"Balcony railing installation, Ground Floor",18.56,796.48,220.86,1017.34,1126.81,109.47,10.8,1179.25,1146.09,5,56.34,Pending,EUR,2015-06-18,
0yy1u9ooTD5vShTp5wGvUE,IFCDOOR,Ground Floor,Apartment 1,Finishing,Door,Interior,27,N,,Added (synthetic),Apartment 1,AFBOUW,Not Started,Finishing,0,Low,N,,,Finishing Subcontractor,,,,,,FIN-0,Subcontract,,,,,,,,,,,5,,,EUR,,
3YCmX8dc506hVi08zLmpbh,IFCDOOR,Ground Floor,,Finishing,Door,Interior,1,N,,Added (synthetic),,GEVEL,Not Started,Finishing,0,Low,N,16 hrs (2 days),11.9,Finishing Subcontractor,2.0018,149,148,150,149,FIN-0,Subcontract,"Balcony railing installation, Ground Floor",18.56,796.48,220.86,1017.34,1126.81,109.47,10.8,1179.25,1146.09,5,56.34,Pending,EUR,2015-06-18,
1V8Tq0OFj91OWiIb7OgssW,IFCDOOR,Ground Floor,,Finishing,Door,Interior,1,N,,Added (synthetic),,GEVEL,Not Started,Finishing,0,Low,N,16 hrs (2 days),11.9,Finishing Subcontractor,2.0018,149,148,150,149,FIN-0,Subcontract,"Balcony railing installation, Ground Floor",18.56,796.48,220.86,1017.34,1126.81,109.47,10.8,1179.25,1146.09,5,56.34,Pending,EUR,2015-06-18,
2qQEfBo11B5RTiiCq7k79L,IFCDOOR,Ground Floor,,Finishing,Door,Interior,1,N,,Added (synthetic),,GEVEL,Not Started,Finishing,0,Low,N,16 hrs (2 days),11.9,Finishing Subcontractor,2.0018,149,148,150,149,FIN-0,Subcontract,"Balcony railing installation, Ground Floor",18.56,796.48,220.86,1017.34,1126.81,109.47,10.8,1179.25,1146.09,5,56.34,Pending,EUR,2015-06-18,
1uxuNhGl5C28Agr6eD5Bmj,IFCDOOR,Ground Floor,,Finishing,Door,Interior,1,N,,Added (synthetic),,GEVEL,Not Started,Finishing,0,Low,N,16 hrs (2 days),11.9,Finishing Subcontractor,2.0018,149,148,150,149,FIN-0,Subcontract,"Balcony railing installation, Ground Floor",18.56,796.48,220.86,1017.34,1126.81,109.47,10.8,1179.25,1146.09,5,56.34,Pending,EUR,2015-06-18,
2tt4s65cb2fgd3alKSa46a,IFCDOOR,Ground Floor,,Finishing,Door,Interior,1,N,,Added (synthetic),,GEVEL,Not Started,Finishing,0,Low,N,16 hrs (2 days),11.9,Finishing Subcontractor,2.0018,149,148,150,149,FIN-0,Subcontract,"Balcony railing installation, Ground Floor",18.56,796.48,220.86,1017.34,1126.81,109.47,10.8,1179.25,1146.09,5,56.34,Pending,EUR,2015-06-18,
1DMKLKe45CzO6gemze$ha$,IFCDOOR,Ground Floor,,Finishing,Door,Interior,1,N,,Added (synthetic),,GEVEL,Not Started,Finishing,0,Low,N,16 hrs (2 days),11.9,Finishing Subcontractor,2.0018,149,148,150,149,FIN-0,Subcontract,"Balcony railing installation, Ground Floor",18.56,796.48,220.86,1017.34,1126.81,109.47,10.8,1179.25,1146.09,5,56.34,Pending,EUR,2015-06-18,
3OgInA0dD3qBERzneS1WG0,IFCDOOR,Ground Floor,Apartment 1,Finishing,Door,Interior,27,N,,Added (synthetic),Apartment 1,AFBOUW,Not Started,Finishing,0,Low,N,,,Finishing Subcontractor,,,,,,FIN-0,Subcontract,,,,,,,,,,,5,,,EUR,,
1cjDN$L7j3xQ6006KWGjlJ,IFCDOOR,Ground Floor,Apartment 1,Finishing,Door,Interior,27,N,,Added (synthetic),Apartment 1,AFBOUW,Not Started,Finishing,0,Low,N,,,Finishing Subcontractor,,,,,,FIN-0,Subcontract,,,,,,,,,,,5,,,EUR,,
3cjGEZBqP9GQh7eyumO1LZ,IFCDOOR,Ground Floor,Apartment 2,Finishing,Door,Interior,27,N,,Added (synthetic),Apartment 2,AFBOUW,Not Started,Finishing,0,Low,N,,,Finishing Subcontractor,,,,,,FIN-0,Subcontract,,,,,,,,,,,5,,,EUR,,
1LZHcsRev6lhsez4LMDFr$,IFCDOOR,Ground Floor,Apartment 2,Finishing,Door,Interior,27,N,,Added (synthetic),Apartment 2,AFBOUW,Not Started,Finishing,0,Low,N,,,Finishing Subcontractor,,,,,,FIN-0,Subcontract,,,,,,,,,,,5,,,EUR,,
0wAyj9PWL7guJFQHdw7ccc,IFCDOOR,Ground Floor,Apartment 2,Finishing,Door,Interior,27,N,,Added (synthetic),Apartment 2,AFBOUW,Not Started,Finishing,0,Low,N,,,Finishing Subcontractor,,,,,,FIN-0,Subcontract,,,,,,,,,,,5,,,EUR,,
03KwpgDxXCQBYi7KkY7sYB,IFCDOOR,Ground Floor,Apartment 2,Finishing,Door,Interior,27,N,,Added (synthetic),Apartment 2,AFBOUW,Not Started,Finishing,0,Low,N,,,Finishing Subcontractor,,,,,,FIN-0,Subcontract,,,,,,,,,,,5,,,EUR,,
2cb8c3os963f5n9Wjr4O99,IFCDOOR,Ground Floor,Apartment 2,Finishing,Door,Interior,27,N,,Added (synthetic),Apartment 2,AFBOUW,Not Started,Finishing,0,Low,N,,,Finishing Subcontractor,,,,,,FIN-0,Subcontract,,,,,,,,,,,5,,,EUR,,
3N5xNVjr9Ehhxk6BUdGUAs,IFCDOOR,Ground Floor,Apartment 1,Finishing,Door,Interior,27,N,,Added (synthetic),Apartment 1,AFBOUW,Not Started,Finishing,0,Low,N,,,Finishing Subcontractor,,,,,,FIN-0,Subcontract,,,,,,,,,,,5,,,EUR,,
15D5L0A5L99eNxZZrhk3Pa,IFCDOOR,Ground Floor,Apartment 3,Finishing,Door,Interior,27,N,,Added (synthetic),Apartment 3,AFBOUW,Not Started,Finishing,0,Low,N,,,Finishing Subcontractor,,,,,,FIN-0,Subcontract,,,,,,,,,,,5,,,EUR,,
2AH9fQqwXE9O9QvwUR77zF,IFCDOOR,Ground Floor,Apartment 3,Finishing,Door,Interior,27,N,,Added (synthetic),Apartment 3,AFBOUW,Not Started,Finishing,0,Low,N,,,Finishing Subcontractor,,,,,,FIN-0,Subcontract,,,,,,,,,,,5,,,EUR,,
02v5nA3u16Nh8SnTLbZVnM,IFCDOOR,Ground Floor,Apartment 3,Finishing,Door,Interior,27,N,,Added (synthetic),Apartment 3,AFBOUW,Not Started,Finishing,0,Low,N,,,Finishing Subcontractor,,,,,,FIN-0,Subcontract,,,,,,,,,,,5,,,EUR,,
3BDarYIf1EXRuu7o6glIV$,IFCDOOR,Ground Floor,Apartment 3,Finishing,Door,Interior,27,N,,Added (synthetic),Apartment 3,AFBOUW,Not Started,Finishing,0,Low,N,,,Finishing Subcontractor,,,,,,FIN-0,Subcontract,,,,,,,,,,,5,,,EUR,,
2lVoJcfoDAWB0KDozjmBha,IFCDOOR,Ground Floor,Apartment 3,Finishing,Door,Interior,27,N,,Added (synthetic),Apartment 3,AFBOUW,Not Started,Finishing,0,Low,N,,,Finishing Subcontractor,,,,,,FIN-0,Subcontract,,,,,,,,,,,5,,,EUR,,
3lE1SkMIbDaBDRbQV9PuSz,IFCDOOR,Ground Floor,,Finishing,Door,Interior,1,N,,Added (synthetic),,GEVEL,Not Started,Finishing,0,Low,N,16 hrs (2 days),11.9,Finishing Subcontractor,2.0018,149,148,150,149,FIN-0,Subcontract,"Balcony railing installation, Ground Floor",18.56,796.48,220.86,1017.34,1126.81,109.47,10.8,1179.25,1146.09,5,56.34,Pending,EUR,2015-06-18,
1donuLXK125fRkeWlAA8Cq,IFCDOOR,Ground Floor,Apartment 3,Finishing,Door,Interior,27,N,,Added (synthetic),Apartment 3,AFBOUW,Not Started,Finishing,0,Low,N,,,Finishing Subcontractor,,,,,,FIN-0,Subcontract,,,,,,,,,,,5,,,EUR,,
3I96DDOZX58xC3RmUZssQx,IFCDOOR,Ground Floor,Apartment 3,Finishing,Door,Interior,27,N,,Added (synthetic),Apartment 3,AFBOUW,Not Started,Finishing,0,Low,N,,,Finishing Subcontractor,,,,,,FIN-0,Subcontract,,,,,,,,,,,5,,,EUR,,
3lsMx$fx16hhyCY_qE6IRh,IFCDOOR,Ground Floor,,Finishing,Door,Interior,1,N,,Added (synthetic),,GEVEL,Not Started,Finishing,0,Low,N,16 hrs (2 days),11.9,Finishing Subcontractor,2.0018,149,148,150,149,FIN-0,Subcontract,"Balcony railing installation, Ground Floor",18.56,796.48,220.86,1017.34,1126.81,109.47,10.8,1179.25,1146.09,5,56.34,Pending,EUR,2015-06-18,
3V4FbFEIL7Texif7yDL7jp,IFCDOOR,Ground Floor,,Finishing,Door,Interior,1,N,,Added (synthetic),,GEVEL,Not Started,Finishing,0,Low,N,16 hrs (2 days),11.9,Finishing Subcontractor,2.0018,149,148,150,149,FIN-0,Subcontract,"Balcony railing installation, Ground Floor",18.56,796.48,220.86,1017.34,1126.81,109.47,10.8,1179.25,1146.09,5,56.34,Pending,EUR,2015-06-18,
0zzou4R_11kPXaS0hC0pre,IFCDOOR,Ground Floor,,Finishing,Door,Interior,1,N,,Added (synthetic),,GEVEL,Not Started,Finishing,0,Low,N,16 hrs (2 days),11.9,Finishing Subcontractor,2.0018,149,148,150,149,FIN-0,Subcontract,"Balcony railing installation, Ground Floor",18.56,796.48,220.86,1017.34,1126.81,109.47,10.8,1179.25,1146.09,5,56.34,Pending,EUR,2015-06-18,
2RuuzaH1vFUwKXpU33GTyt,IFCDOOR,Ground Floor,,Finishing,Door,Interior,1,N,,Added (synthetic),,GEVEL,Not Started,Finishing,0,Low,N,16 hrs (2 days),11.9,Finishing Subcontractor,2.0018,149,148,150,149,FIN-0,Subcontract,"Balcony railing installation, Ground Floor",18.56,796.48,220.86,1017.34,1126.81,109.47,10.8,1179.25,1146.09,5,56.34,Pending,EUR,2015-06-18,
2uTeXyy8XDYvkI0uWy38WP,IFCDOOR,Ground Floor,Apartment 2,Finishing,Door,Interior,27,N,,Added (synthetic),Apartment 2,AFBOUW,Not Started,Finishing,0,Low,N,,,Finishing Subcontractor,,,,,,FIN-0,Subcontract,,,,,,,,,,,5,,,EUR,,
012S6Z0qLCRuoYXSZ2tygw,IFCDOOR,Ground Floor,,Finishing,Door,Interior,1,N,,Added (synthetic),,GEVEL,Not Started,Finishing,0,Low,N,16 hrs (2 days),11.9,Finishing Subcontractor,2.0018,149,148,150,149,FIN-0,Subcontract,"Balcony railing installation, Ground Floor",18.56,796.48,220.86,1017.34,1126.81,109.47,10.8,1179.25,1146.09,5,56.34,Pending,EUR,2015-06-18,
38X2u$b_51PQbXrbF3UXq0,IFCDOOR,Ground Floor,,Finishing,Door,Interior,1,N,,Added (synthetic),,GEVEL,Not Started,Finishing,0,Low,N,16 hrs (2 days),11.9,Finishing Subcontractor,2.0018,149,148,150,149,FIN-0,Subcontract,"Balcony railing installation, Ground Floor",18.56,796.48,220.86,1017.34,1126.81,109.47,10.8,1179.25,1146.09,5,56.34,Pending,EUR,2015-06-18,
0MO3NBPw1FofnfwKUa2odt,IFCDOOR,Ground Floor,,Finishing,Door,Interior,1,N,,Added (synthetic),,GEVEL,Not Started,Finishing,0,Low,N,16 hrs (2 days),11.9,Finishing Subcontractor,2.0018,149,148,150,149,FIN-0,Subcontract,"Balcony railing installation, Ground Floor",18.56,796.48,220.86,1017.34,1126.81,109.47,10.8,1179.25,1146.09,5,56.34,Pending,EUR,2015-06-18,
27b7kJ2C50Wxcp8woudHRw,IFCDOOR,Ground Floor,Apartment 2,Finishing,Door,Exterior,27,N,,Added (synthetic),Apartment 2,AFBOUW,Not Started,Finishing,0,Low,N,,,Finishing Subcontractor,,,,,,FIN-0,Subcontract,,,,,,,,,,,5,,,EUR,,
0JzQ9ARmz4J9VOnJDh2nWI,IFCDOOR,Ground Floor,Apartment 2,Finishing,Door,Exterior,27,N,,Added (synthetic),Apartment 2,AFBOUW,Not Started,Finishing,0,Low,N,,,Finishing Subcontractor,,,,,,FIN-0,Subcontract,,,,,,,,,,,5,,,EUR,,
1$7$AzEPH8hxqREDEXC9Ab,IFCDOOR,Ground Floor,Apartment 2,Finishing,Door,Exterior,27,N,,Added (synthetic),Apartment 2,AFBOUW,Not Started,Finishing,0,Low,N,,,Finishing Subcontractor,,,,,,FIN-0,Subcontract,,,,,,,,,,,5,,,EUR,,
2b6PFyVHj5AwfHVP2cSS7T,IFCDOOR,Ground Floor,Apartment 2,Finishing,Door,Exterior,27,N,,Added (synthetic),Apartment 2,AFBOUW,Not Started,Finishing,0,Low,N,,,Finishing Subcontractor,,,,,,FIN-0,Subcontract,,,,,,,,,,,5,,,EUR,,
0NZRpUHUn8f9KjPRtTRauP,IFCDOOR,Ground Floor,,Finishing,Door,Interior,1,N,,Added (synthetic),,GEVEL,Not Started,Finishing,0,Low,N,16 hrs (2 days),11.9,Finishing Subcontractor,2.0018,149,148,150,149,FIN-0,Subcontract,"Balcony railing installation, Ground Floor",18.56,796.48,220.86,1017.34,1126.81,109.47,10.8,1179.25,1146.09,5,56.34,Pending,EUR,2015-06-18,
3b$SMEeUf10eNHEHoPH0ta,IFCDOOR,Ground Floor,Apartment 3,Finishing,Door,Interior,27,N,,Added (synthetic),Apartment 3,AFBOUW,Not Started,Finishing,0,Low,N,,,Finishing Subcontractor,,,,,,FIN-0,Subcontract,,,,,,,,,,,5,,,EUR,,
2$GgreKs5Auv1nDBFIDDQQ,IFCDOOR,Ground Floor,Apartment 2,Finishing,Door,Interior,27,N,,Added (synthetic),Apartment 2,AFBOUW,Not Started,Finishing,0,Low,N,,,Finishing Subcontractor,,,,,,FIN-0,Subcontract,,,,,,,,,,,5,,,EUR,,
0NWv8IgP5Ch9a8sHZoyivA,IFCDOOR,Ground Floor,Apartment 2,Finishing,Door,Interior,27,N,,Added (synthetic),Apartment 2,AFBOUW,Not Started,Finishing,0,Low,N,,,Finishing Subcontractor,,,,,,FIN-0,Subcontract,,,,,,,,,,,5,,,EUR,,
1ZFLyNI$fDRgE2KgYahsry,IFCDOOR,First Floor,,Finishing,Door,Interior,1,N,,Added (synthetic),,GEVEL,Not Started,Finishing,0,Low,N,16 hrs (2 days),9.4,Finishing Subcontractor,2.0024,155,154,156,155,FIN-0,Subcontract,"Balcony railing installation, First Floor",43.42,681.12,408.15,1089.27,1162.97,73.7,6.8,1206.9,1216.62,5,58.15,Pending,EUR,2015-07-01,
3qYGwE1BDBbP2FWtfJUDNa,IFCDOOR,First Floor,,Finishing,Door,Interior,1,N,,Added (synthetic),,GEVEL,Not Started,Finishing,0,Low,N,16 hrs (2 days),9.4,Finishing Subcontractor,2.0024,155,154,156,155,FIN-0,Subcontract,"Balcony railing installation, First Floor",43.42,681.12,408.15,1089.27,1162.97,73.7,6.8,1206.9,1216.62,5,58.15,Pending,EUR,2015-07-01,
1zWpVk7Az3eeFDJEw36Ky9,IFCDOOR,First Floor,,Finishing,Door,Exterior,1,N,,Added (synthetic),,GEVEL,Not Started,Finishing,0,Low,N,16 hrs (2 days),9.4,Finishing Subcontractor,2.0024,155,154,156,155,FIN-0,Subcontract,"Balcony railing installation, First Floor",43.42,681.12,408.15,1089.27,1162.97,73.7,6.8,1206.9,1216.62,5,58.15,Pending,EUR,2015-07-01,
2u5XGmt4D2bRNIEXQ9IBsW,IFCDOOR,First Floor,,Finishing,Door,Exterior,1,N,,Added (synthetic),,GEVEL,Not Started,Finishing,0,Low,N,16 hrs (2 days),9.4,Finishing Subcontractor,2.0024,155,154,156,155,FIN-0,Subcontract,"Balcony railing installation, First Floor",43.42,681.12,408.15,1089.27,1162.97,73.7,6.8,1206.9,1216.62,5,58.15,Pending,EUR,2015-07-01,
04E1PaUW1Fze4qITB_nFaa,IFCDOOR,First Floor,,Finishing,Door,Exterior,1,N,,Added (synthetic),,GEVEL,Not Started,Finishing,0,Low,N,16 hrs (2 days),9.4,Finishing Subcontractor,2.0024,155,154,156,155,FIN-0,Subcontract,"Balcony railing installation, First Floor",43.42,681.12,408.15,1089.27,1162.97,73.7,6.8,1206.9,1216.62,5,58.15,Pending,EUR,2015-07-01,
1HDfKcH0v4VRSVJicriZF4,IFCDOOR,First Floor,,Finishing,Door,Exterior,1,N,,Added (synthetic),,GEVEL,Not Started,Finishing,0,Low,N,16 hrs (2 days),9.4,Finishing Subcontractor,2.0024,155,154,156,155,FIN-0,Subcontract,"Balcony railing installation, First Floor",43.42,681.12,408.15,1089.27,1162.97,73.7,6.8,1206.9,1216.62,5,58.15,Pending,EUR,2015-07-01,
08IQ8vQ6n73vV7LBrwxuZu,IFCDOOR,First Floor,,Finishing,Door,Exterior,1,N,,Added (synthetic),,GEVEL,Not Started,Finishing,0,Low,N,16 hrs (2 days),9.4,Finishing Subcontractor,2.0024,155,154,156,155,FIN-0,Subcontract,"Balcony railing installation, First Floor",43.42,681.12,408.15,1089.27,1162.97,73.7,6.8,1206.9,1216.62,5,58.15,Pending,EUR,2015-07-01,
1fXWFMY$T5VwEu43MZumk6,IFCDOOR,First Floor,,Finishing,Door,Exterior,1,N,,Added (synthetic),,GEVEL,Not Started,Finishing,0,Low,N,16 hrs (2 days),9.4,Finishing Subcontractor,2.0024,155,154,156,155,FIN-0,Subcontract,"Balcony railing installation, First Floor",43.42,681.12,408.15,1089.27,1162.97,73.7,6.8,1206.9,1216.62,5,58.15,Pending,EUR,2015-07-01,
3VeGPWRHL5QfWdPbnVK9h3,IFCDOOR,First Floor,,Finishing,Door,Exterior,1,N,,Added (synthetic),,GEVEL,Not Started,Finishing,0,Low,N,16 hrs (2 days),9.4,Finishing Subcontractor,2.0024,155,154,156,155,FIN-0,Subcontract,"Balcony railing installation, First Floor",43.42,681.12,408.15,1089.27,1162.97,73.7,6.8,1206.9,1216.62,5,58.15,Pending,EUR,2015-07-01,
0K1kgDm1jFHfoPfMpxkAe5,IFCDOOR,First Floor,,Finishing,Door,Exterior,1,N,,Added (synthetic),,GEVEL,Not Started,Finishing,0,Low,N,16 hrs (2 days),9.4,Finishing Subcontractor,2.0024,155,154,156,155,FIN-0,Subcontract,"Balcony railing installation, First Floor",43.42,681.12,408.15,1089.27,1162.97,73.7,6.8,1206.9,1216.62,5,58.15,Pending,EUR,2015-07-01,
1a0yXwaPr6bQS$tJIhLQr1,IFCDOOR,First Floor,,Finishing,Door,Exterior,1,N,,Added (synthetic),,GEVEL,Not Started,Finishing,0,Low,N,16 hrs (2 days),9.4,Finishing Subcontractor,2.0024,155,154,156,155,FIN-0,Subcontract,"Balcony railing installation, First Floor",43.42,681.12,408.15,1089.27,1162.97,73.7,6.8,1206.9,1216.62,5,58.15,Pending,EUR,2015-07-01,
0yGGfH85nFPvINarcAfBNX,IFCDOOR,First Floor,,Finishing,Door,Exterior,1,N,,Added (synthetic),,GEVEL,Not Started,Finishing,0,Low,N,16 hrs (2 days),9.4,Finishing Subcontractor,2.0024,155,154,156,155,FIN-0,Subcontract,"Balcony railing installation, First Floor",43.42,681.12,408.15,1089.27,1162.97,73.7,6.8,1206.9,1216.62,5,58.15,Pending,EUR,2015-07-01,
2qY72vI$D0SenCZx1z6HDK,IFCDOOR,First Floor,,Finishing,Door,Exterior,1,N,,Added (synthetic),,GEVEL,Not Started,Finishing,0,Low,N,16 hrs (2 days),9.4,Finishing Subcontractor,2.0024,155,154,156,155,FIN-0,Subcontract,"Balcony railing installation, First Floor",43.42,681.12,408.15,1089.27,1162.97,73.7,6.8,1206.9,1216.62,5,58.15,Pending,EUR,2015-07-01,
2VN0ufVPXBz91XSIqSEA4N,IFCDOOR,First Floor,,Finishing,Door,Exterior,1,N,,Added (synthetic),,GEVEL,Not Started,Finishing,0,Low,N,16 hrs (2 days),9.4,Finishing Subcontractor,2.0024,155,154,156,155,FIN-0,Subcontract,"Balcony railing installation, First Floor",43.42,681.12,408.15,1089.27,1162.97,73.7,6.8,1206.9,1216.62,5,58.15,Pending,EUR,2015-07-01,
1YmJTz8Sn4SxVWF6uxPIi6,IFCDOOR,First Floor,,Finishing,Door,Exterior,1,N,,Added (synthetic),,GEVEL,Not Started,Finishing,0,Low,N,16 hrs (2 days),9.4,Finishing Subcontractor,2.0024,155,154,156,155,FIN-0,Subcontract,"Balcony railing installation, First Floor",43.42,681.12,408.15,1089.27,1162.97,73.7,6.8,1206.9,1216.62,5,58.15,Pending,EUR,2015-07-01,
3qU0EkhG9CDeH0fDWtriF3,IFCDOOR,First Floor,,Finishing,Door,Exterior,1,N,,Added (synthetic),,GEVEL,Not Started,Finishing,0,Low,N,16 hrs (2 days),9.4,Finishing Subcontractor,2.0024,155,154,156,155,FIN-0,Subcontract,"Balcony railing installation, First Floor",43.42,681.12,408.15,1089.27,1162.97,73.7,6.8,1206.9,1216.62,5,58.15,Pending,EUR,2015-07-01,
09NbJFNdj9fxN2xh$EA6wX,IFCDOOR,First Floor,,Finishing,Door,Interior,1,N,,Added (synthetic),,GEVEL,Not Started,Finishing,0,Low,N,16 hrs (2 days),9.4,Finishing Subcontractor,2.0024,155,154,156,155,FIN-0,Subcontract,"Balcony railing installation, First Floor",43.42,681.12,408.15,1089.27,1162.97,73.7,6.8,1206.9,1216.62,5,58.15,Pending,EUR,2015-07-01,
1Le1BurSf8iQTApHN20xGM,IFCDOOR,First Floor,,Finishing,Door,Interior,1,N,,Added (synthetic),,GEVEL,Not Started,Finishing,0,Low,N,16 hrs (2 days),9.4,Finishing Subcontractor,2.0024,155,154,156,155,FIN-0,Subcontract,"Balcony railing installation, First Floor",43.42,681.12,408.15,1089.27,1162.97,73.7,6.8,1206.9,1216.62,5,58.15,Pending,EUR,2015-07-01,
0ETp$wstn6uO7g6ZydQW6K,IFCDOOR,First Floor,,Finishing,Door,Interior,1,N,,Added (synthetic),,GEVEL,Not Started,Finishing,0,Low,N,16 hrs (2 days),9.4,Finishing Subcontractor,2.0024,155,154,156,155,FIN-0,Subcontract,"Balcony railing installation, First Floor",43.42,681.12,408.15,1089.27,1162.97,73.7,6.8,1206.9,1216.62,5,58.15,Pending,EUR,2015-07-01,
14rAyAJ$L5nPK$yo6WYX5X,IFCDOOR,First Floor,,Finishing,Door,Interior,1,N,,Added (synthetic),,GEVEL,Not Started,Finishing,0,Low,N,16 hrs (2 days),9.4,Finishing Subcontractor,2.0024,155,154,156,155,FIN-0,Subcontract,"Balcony railing installation, First Floor",43.42,681.12,408.15,1089.27,1162.97,73.7,6.8,1206.9,1216.62,5,58.15,Pending,EUR,2015-07-01,
0m7Z8$vfnDLxF9ZlRdjI6b,IFCDOOR,First Floor,,Finishing,Door,Interior,1,N,,Added (synthetic),,GEVEL,Not Started,Finishing,0,Low,N,16 hrs (2 days),9.4,Finishing Subcontractor,2.0024,155,154,156,155,FIN-0,Subcontract,"Balcony railing installation, First Floor",43.42,681.12,408.15,1089.27,1162.97,73.7,6.8,1206.9,1216.62,5,58.15,Pending,EUR,2015-07-01,
2i$ImWrU5CrPuyb0cxLRsY,IFCDOOR,First Floor,,Finishing,Door,Interior,1,N,,Added (synthetic),,GEVEL,Not Started,Finishing,0,Low,N,16 hrs (2 days),9.4,Finishing Subcontractor,2.0024,155,154,156,155,FIN-0,Subcontract,"Balcony railing installation, First Floor",43.42,681.12,408.15,1089.27,1162.97,73.7,6.8,1206.9,1216.62,5,58.15,Pending,EUR,2015-07-01,
2zIan9UMbEDv$MtEuXRGaI,IFCDOOR,First Floor,,Finishing,Door,Interior,1,N,,Added (synthetic),,GEVEL,Not Started,Finishing,0,Low,N,16 hrs (2 days),9.4,Finishing Subcontractor,2.0024,155,154,156,155,FIN-0,Subcontract,"Balcony railing installation, First Floor",43.42,681.12,408.15,1089.27,1162.97,73.7,6.8,1206.9,1216.62,5,58.15,Pending,EUR,2015-07-01,
275N_u7Z9EtgoRNFproXEn,IFCDOOR,First Floor,,Finishing,Door,Interior,1,N,,Added (synthetic),,GEVEL,Not Started,Finishing,0,Low,N,16 hrs (2 days),9.4,Finishing Subcontractor,2.0024,155,154,156,155,FIN-0,Subcontract,"Balcony railing installation, First Floor",43.42,681.12,408.15,1089.27,1162.97,73.7,6.8,1206.9,1216.62,5,58.15,Pending,EUR,2015-07-01,
2wNrfbWo5F3AXCQjcATu9n,IFCDOOR,First Floor,,Finishing,Door,Interior,1,N,,Added (synthetic),,GEVEL,Not Started,Finishing,0,Low,N,16 hrs (2 days),9.4,Finishing Subcontractor,2.0024,155,154,156,155,FIN-0,Subcontract,"Balcony railing installation, First Floor",43.42,681.12,408.15,1089.27,1162.97,73.7,6.8,1206.9,1216.62,5,58.15,Pending,EUR,2015-07-01,
2mNENoxwD4MQMQY_gKi$v7,IFCDOOR,First Floor,,Finishing,Door,Interior,1,N,,Added (synthetic),,GEVEL,Not Started,Finishing,0,Low,N,16 hrs (2 days),9.4,Finishing Subcontractor,2.0024,155,154,156,155,FIN-0,Subcontract,"Balcony railing installation, First Floor",43.42,681.12,408.15,1089.27,1162.97,73.7,6.8,1206.9,1216.62,5,58.15,Pending,EUR,2015-07-01,
14tZx$UMb8cBHoti0zk1Nr,IFCDOOR,First Floor,,Finishing,Door,Interior,1,N,,Added (synthetic),,GEVEL,Not Started,Finishing,0,Low,N,16 hrs (2 days),9.4,Finishing Subcontractor,2.0024,155,154,156,155,FIN-0,Subcontract,"Balcony railing installation, First Floor",43.42,681.12,408.15,1089.27,1162.97,73.7,6.8,1206.9,1216.62,5,58.15,Pending,EUR,2015-07-01,
0paFAbnyj3DQz4eYs1LQRb,IFCDOOR,First Floor,,Finishing,Door,Interior,1,N,,Added (synthetic),,GEVEL,Not Started,Finishing,0,Low,N,16 hrs (2 days),9.4,Finishing Subcontractor,2.0024,155,154,156,155,FIN-0,Subcontract,"Balcony railing installation, First Floor",43.42,681.12,408.15,1089.27,1162.97,73.7,6.8,1206.9,1216.62,5,58.15,Pending,EUR,2015-07-01,
0oXb8$CCzDygbz5_8Oxzxv,IFCDOOR,First Floor,,Finishing,Door,Interior,1,N,,Added (synthetic),,GEVEL,Not Started,Finishing,0,Low,N,16 hrs (2 days),9.4,Finishing Subcontractor,2.0024,155,154,156,155,FIN-0,Subcontract,"Balcony railing installation, First Floor",43.42,681.12,408.15,1089.27,1162.97,73.7,6.8,1206.9,1216.62,5,58.15,Pending,EUR,2015-07-01,
12kDL1eWzET9Qm2diwFxeL,IFCDOOR,First Floor,,Finishing,Door,Interior,1,N,,Added (synthetic),,GEVEL,Not Started,Finishing,0,Low,N,16 hrs (2 days),9.4,Finishing Subcontractor,2.0024,155,154,156,155,FIN-0,Subcontract,"Balcony railing installation, First Floor",43.42,681.12,408.15,1089.27,1162.97,73.7,6.8,1206.9,1216.62,5,58.15,Pending,EUR,2015-07-01,
3FUHlAm49BC88X$DRC3IqI,IFCDOOR,First Floor,,Finishing,Door,Interior,1,N,,Added (synthetic),,GEVEL,Not Started,Finishing,0,Low,N,16 hrs (2 days),9.4,Finishing Subcontractor,2.0024,155,154,156,155,FIN-0,Subcontract,"Balcony railing installation, First Floor",43.42,681.12,408.15,1089.27,1162.97,73.7,6.8,1206.9,1216.62,5,58.15,Pending,EUR,2015-07-01,
2XH6N5hOT3yAuGpef5XEDg,IFCDOOR,First Floor,,Finishing,Door,Interior,1,N,,Added (synthetic),,GEVEL,Not Started,Finishing,0,Low,N,16 hrs (2 days),9.4,Finishing Subcontractor,2.0024,155,154,156,155,FIN-0,Subcontract,"Balcony railing installation, First Floor",43.42,681.12,408.15,1089.27,1162.97,73.7,6.8,1206.9,1216.62,5,58.15,Pending,EUR,2015-07-01,
0WcADPJA571PyQI1eSlkC4,IFCDOOR,First Floor,,Finishing,Door,Interior,1,N,,Added (synthetic),,GEVEL,Not Started,Finishing,0,Low,N,16 hrs (2 days),9.4,Finishing Subcontractor,2.0024,155,154,156,155,FIN-0,Subcontract,"Balcony railing installation, First Floor",43.42,681.12,408.15,1089.27,1162.97,73.7,6.8,1206.9,1216.62,5,58.15,Pending,EUR,2015-07-01,
0hLbfgnI116fYrSi5yltYv,IFCDOOR,First Floor,,Finishing,Door,Interior,1,N,,Added (synthetic),,GEVEL,Not Started,Finishing,0,Low,N,16 hrs (2 days),9.4,Finishing Subcontractor,2.0024,155,154,156,155,FIN-0,Subcontract,"Balcony railing installation, First Floor",43.42,681.12,408.15,1089.27,1162.97,73.7,6.8,1206.9,1216.62,5,58.15,Pending,EUR,2015-07-01,
3LHBKM1sPCkOXvRtwp$pev,IFCDOOR,First Floor,,Finishing,Door,Interior,1,N,,Added (synthetic),,GEVEL,Not Started,Finishing,0,Low,N,16 hrs (2 days),9.4,Finishing Subcontractor,2.0024,155,154,156,155,FIN-0,Subcontract,"Balcony railing installation, First Floor",43.42,681.12,408.15,1089.27,1162.97,73.7,6.8,1206.9,1216.62,5,58.15,Pending,EUR,2015-07-01,
26_$0XSjr4qx6Hsbp36s4D,IFCDOOR,First Floor,,Finishing,Door,Interior,1,N,,Added (synthetic),,GEVEL,Not Started,Finishing,0,Low,N,16 hrs (2 days),9.4,Finishing Subcontractor,2.0024,155,154,156,155,FIN-0,Subcontract,"Balcony railing installation, First Floor",43.42,681.12,408.15,1089.27,1162.97,73.7,6.8,1206.9,1216.62,5,58.15,Pending,EUR,2015-07-01,
36ovl7bSP7_8ZDfLgjHA1Q,IFCDOOR,First Floor,,Finishing,Door,Interior,1,N,,Added (synthetic),,GEVEL,Not Started,Finishing,0,Low,N,16 hrs (2 days),9.4,Finishing Subcontractor,2.0024,155,154,156,155,FIN-0,Subcontract,"Balcony railing installation, First Floor",43.42,681.12,408.15,1089.27,1162.97,73.7,6.8,1206.9,1216.62,5,58.15,Pending,EUR,2015-07-01,
3vVPMVKpv8WR4t1AhJIyPH,IFCDOOR,First Floor,,Finishing,Door,Interior,1,N,,Added (synthetic),,GEVEL,Not Started,Finishing,0,Low,N,16 hrs (2 days),9.4,Finishing Subcontractor,2.0024,155,154,156,155,FIN-0,Subcontract,"Balcony railing installation, First Floor",43.42,681.12,408.15,1089.27,1162.97,73.7,6.8,1206.9,1216.62,5,58.15,Pending,EUR,2015-07-01,
2i1Z9kKWv4ie2N0CBoZWie,IFCDOOR,First Floor,,Finishing,Door,Interior,1,N,,Added (synthetic),,GEVEL,Not Started,Finishing,0,Low,N,16 hrs (2 days),9.4,Finishing Subcontractor,2.0024,155,154,156,155,FIN-0,Subcontract,"Balcony railing installation, First Floor",43.42,681.12,408.15,1089.27,1162.97,73.7,6.8,1206.9,1216.62,5,58.15,Pending,EUR,2015-07-01,
1weVzahvb12Qj14QP5JtRt,IFCDOOR,First Floor,,Finishing,Door,Interior,1,N,,Added (synthetic),,GEVEL,Not Started,Finishing,0,Low,N,16 hrs (2 days),9.4,Finishing Subcontractor,2.0024,155,154,156,155,FIN-0,Subcontract,"Balcony railing installation, First Floor",43.42,681.12,408.15,1089.27,1162.97,73.7,6.8,1206.9,1216.62,5,58.15,Pending,EUR,2015-07-01,
3D1M31qn1D9eCfALMUlAC6,IFCDOOR,First Floor,,Finishing,Door,Interior,1,N,,Added (synthetic),,GEVEL,Not Started,Finishing,0,Low,N,16 hrs (2 days),9.4,Finishing Subcontractor,2.0024,155,154,156,155,FIN-0,Subcontract,"Balcony railing installation, First Floor",43.42,681.12,408.15,1089.27,1162.97,73.7,6.8,1206.9,1216.62,5,58.15,Pending,EUR,2015-07-01,
3Ch3PayTPB6BbnIbMg0VDz,IFCDOOR,First Floor,,Finishing,Door,Interior,1,N,,Added (synthetic),,GEVEL,Not Started,Finishing,0,Low,N,16 hrs (2 days),9.4,Finishing Subcontractor,2.0024,155,154,156,155,FIN-0,Subcontract,"Balcony railing installation, First Floor",43.42,681.12,408.15,1089.27,1162.97,73.7,6.8,1206.9,1216.62,5,58.15,Pending,EUR,2015-07-01,
1lOvmnURjBcPf07ELTOqCT,IFCDOOR,First Floor,,Finishing,Door,Interior,1,N,,Added (synthetic),,GEVEL,Not Started,Finishing,0,Low,N,16 hrs (2 days),9.4,Finishing Subcontractor,2.0024,155,154,156,155,FIN-0,Subcontract,"Balcony railing installation, First Floor",43.42,681.12,408.15,1089.27,1162.97,73.7,6.8,1206.9,1216.62,5,58.15,Pending,EUR,2015-07-01,
3topRXa9T1svryvk0HDA1V,IFCDOOR,First Floor,,Finishing,Door,Interior,1,N,,Added (synthetic),,GEVEL,Not Started,Finishing,0,Low,N,16 hrs (2 days),9.4,Finishing Subcontractor,2.0024,155,154,156,155,FIN-0,Subcontract,"Balcony railing installation, First Floor",43.42,681.12,408.15,1089.27,1162.97,73.7,6.8,1206.9,1216.62,5,58.15,Pending,EUR,2015-07-01,
0DE9eeknn1UwV6HdBQLtSn,IFCDOOR,First Floor,,Finishing,Door,Interior,1,N,,Added (synthetic),,GEVEL,Not Started,Finishing,0,Low,N,16 hrs (2 days),9.4,Finishing Subcontractor,2.0024,155,154,156,155,FIN-0,Subcontract,"Balcony railing installation, First Floor",43.42,681.12,408.15,1089.27,1162.97,73.7,6.8,1206.9,1216.62,5,58.15,Pending,EUR,2015-07-01,
29ln2Cp8P9jBBVLpq36yJx,IFCDOOR,First Floor,,Finishing,Door,Interior,1,N,,Added (synthetic),,GEVEL,Not Started,Finishing,0,Low,N,16 hrs (2 days),9.4,Finishing Subcontractor,2.0024,155,154,156,155,FIN-0,Subcontract,"Balcony railing installation, First Floor",43.42,681.12,408.15,1089.27,1162.97,73.7,6.8,1206.9,1216.62,5,58.15,Pending,EUR,2015-07-01,
0REpZXGX116vUWlC_COT3l,IFCDOOR,First Floor,,Finishing,Door,Interior,1,N,,Added (synthetic),,GEVEL,Not Started,Finishing,0,Low,N,16 hrs (2 days),9.4,Finishing Subcontractor,2.0024,155,154,156,155,FIN-0,Subcontract,"Balcony railing installation, First Floor",43.42,681.12,408.15,1089.27,1162.97,73.7,6.8,1206.9,1216.62,5,58.15,Pending,EUR,2015-07-01,
1X$gsMt2nFuv_fouZFh5_Z,IFCDOOR,First Floor,,Finishing,Door,Interior,1,N,,Added (synthetic),,GEVEL,Not Started,Finishing,0,Low,N,16 hrs (2 days),9.4,Finishing Subcontractor,2.0024,155,154,156,155,FIN-0,Subcontract,"Balcony railing installation, First Floor",43.42,681.12,408.15,1089.27,1162.97,73.7,6.8,1206.9,1216.62,5,58.15,Pending,EUR,2015-07-01,
3UPz4qnhz6dR_hTWbylJYM,IFCDOOR,Second Floor,,Finishing,Door,Interior,1,N,,Added (synthetic),,GEVEL,Not Started,Finishing,0,Low,N,24 hrs (3 days),11.9,Finishing Subcontractor,2.0030,161,160,162,161,FIN-0,Subcontract,"Balcony railing installation, Second Floor",36.06,1060.08,429.11,1489.19,1194.04,-295.15,-19.8,1280.33,1250.82,5,59.7,Pending,EUR,2015-07-20,
3xkLH3xAf9Qvv7jXLTD0bw,IFCDOOR,Second Floor,,Finishing,Door,Interior,1,N,,Added (synthetic),,GEVEL,Not Started,Finishing,0,Low,N,24 hrs (3 days),11.9,Finishing Subcontractor,2.0030,161,160,162,161,FIN-0,Subcontract,"Balcony railing installation, Second Floor",36.06,1060.08,429.11,1489.19,1194.04,-295.15,-19.8,1280.33,1250.82,5,59.7,Pending,EUR,2015-07-20,
13lQ7MfpP9YQNh0Z31qoMP,IFCDOOR,Second Floor,,Finishing,Door,Exterior,1,N,,Added (synthetic),,GEVEL,Not Started,Finishing,0,Low,N,24 hrs (3 days),11.9,Finishing Subcontractor,2.0030,161,160,162,161,FIN-0,Subcontract,"Balcony railing installation, Second Floor",36.06,1060.08,429.11,1489.19,1194.04,-295.15,-19.8,1280.33,1250.82,5,59.7,Pending,EUR,2015-07-20,
3Elkb_Klj4kOU0Qc6PaizN,IFCDOOR,Second Floor,,Finishing,Door,Exterior,1,N,,Added (synthetic),,GEVEL,Not Started,Finishing,0,Low,N,24 hrs (3 days),11.9,Finishing Subcontractor,2.0030,161,160,162,161,FIN-0,Subcontract,"Balcony railing installation, Second Floor",36.06,1060.08,429.11,1489.19,1194.04,-295.15,-19.8,1280.33,1250.82,5,59.7,Pending,EUR,2015-07-20,
26wG__yAf4jhBihTArGrfi,IFCDOOR,Second Floor,,Finishing,Door,Exterior,1,N,,Added (synthetic),,GEVEL,Not Started,Finishing,0,Low,N,24 hrs (3 days),11.9,Finishing Subcontractor,2.0030,161,160,162,161,FIN-0,Subcontract,"Balcony railing installation, Second Floor",36.06,1060.08,429.11,1489.19,1194.04,-295.15,-19.8,1280.33,1250.82,5,59.7,Pending,EUR,2015-07-20,
2BidPHSyjAeQnxVo9HGHwm,IFCDOOR,Second Floor,,Finishing,Door,Exterior,1,N,,Added (synthetic),,GEVEL,Not Started,Finishing,0,Low,N,24 hrs (3 days),11.9,Finishing Subcontractor,2.0030,161,160,162,161,FIN-0,Subcontract,"Balcony railing installation, Second Floor",36.06,1060.08,429.11,1489.19,1194.04,-295.15,-19.8,1280.33,1250.82,5,59.7,Pending,EUR,2015-07-20,
3WXd7RsH9CT9CRRwuhBxrU,IFCDOOR,Second Floor,,Finishing,Door,Exterior,1,N,,Added (synthetic),,GEVEL,Not Started,Finishing,0,Low,N,24 hrs (3 days),11.9,Finishing Subcontractor,2.0030,161,160,162,161,FIN-0,Subcontract,"Balcony railing installation, Second Floor",36.06,1060.08,429.11,1489.19,1194.04,-295.15,-19.8,1280.33,1250.82,5,59.7,Pending,EUR,2015-07-20,
06lQ_SRDbDyuiUF0YIGOKi,IFCDOOR,Second Floor,Apartment 7,Finishing,Door,Exterior,27,N,,Added (synthetic),Apartment 7,AFBOUW,Not Started,Finishing,0,Low,N,,,Finishing Subcontractor,,,,,,FIN-0,Subcontract,,,,,,,,,,,5,,,EUR,,
1zulTwZuvE8uDQG8i0rPWu,IFCDOOR,Second Floor,,Finishing,Door,Exterior,1,N,,Added (synthetic),,GEVEL,Not Started,Finishing,0,Low,N,24 hrs (3 days),11.9,Finishing Subcontractor,2.0030,161,160,162,161,FIN-0,Subcontract,"Balcony railing installation, Second Floor",36.06,1060.08,429.11,1489.19,1194.04,-295.15,-19.8,1280.33,1250.82,5,59.7,Pending,EUR,2015-07-20,
0ghxYtUBn0pv_pxPdAfhme,IFCDOOR,Second Floor,,Finishing,Door,Exterior,1,N,,Added (synthetic),,GEVEL,Not Started,Finishing,0,Low,N,24 hrs (3 days),11.9,Finishing Subcontractor,2.0030,161,160,162,161,FIN-0,Subcontract,"Balcony railing installation, Second Floor",36.06,1060.08,429.11,1489.19,1194.04,-295.15,-19.8,1280.33,1250.82,5,59.7,Pending,EUR,2015-07-20,
3G$_TtmoH0i97AYiv2eBBu,IFCDOOR,Second Floor,,Finishing,Door,Exterior,1,N,,Added (synthetic),,GEVEL,Not Started,Finishing,0,Low,N,24 hrs (3 days),11.9,Finishing Subcontractor,2.0030,161,160,162,161,FIN-0,Subcontract,"Balcony railing installation, Second Floor",36.06,1060.08,429.11,1489.19,1194.04,-295.15,-19.8,1280.33,1250.82,5,59.7,Pending,EUR,2015-07-20,
2_vRJL86PBTQqE3ySM6YFm,IFCDOOR,Second Floor,Apartment 7,Finishing,Door,Exterior,27,N,,Added (synthetic),Apartment 7,AFBOUW,Not Started,Finishing,0,Low,N,,,Finishing Subcontractor,,,,,,FIN-0,Subcontract,,,,,,,,,,,5,,,EUR,,
1soUbpz7v1zxTj9qXJhloc,IFCDOOR,Second Floor,,Finishing,Door,Exterior,1,N,,Added (synthetic),,GEVEL,Not Started,Finishing,0,Low,N,24 hrs (3 days),11.9,Finishing Subcontractor,2.0030,161,160,162,161,FIN-0,Subcontract,"Balcony railing installation, Second Floor",36.06,1060.08,429.11,1489.19,1194.04,-295.15,-19.8,1280.33,1250.82,5,59.7,Pending,EUR,2015-07-20,
0LbBET9Yz9egUjXX_5FIas,IFCDOOR,Second Floor,,Finishing,Door,Exterior,1,N,,Added (synthetic),,GEVEL,Not Started,Finishing,0,Low,N,24 hrs (3 days),11.9,Finishing Subcontractor,2.0030,161,160,162,161,FIN-0,Subcontract,"Balcony railing installation, Second Floor",36.06,1060.08,429.11,1489.19,1194.04,-295.15,-19.8,1280.33,1250.82,5,59.7,Pending,EUR,2015-07-20,
1EgBW0IB95EeR9l7z9ma4W,IFCDOOR,Second Floor,,Finishing,Door,Exterior,1,N,,Added (synthetic),,GEVEL,Not Started,Finishing,0,Low,N,24 hrs (3 days),11.9,Finishing Subcontractor,2.0030,161,160,162,161,FIN-0,Subcontract,"Balcony railing installation, Second Floor",36.06,1060.08,429.11,1489.19,1194.04,-295.15,-19.8,1280.33,1250.82,5,59.7,Pending,EUR,2015-07-20,
2zx7EWNY98lOv3r2x2yc76,IFCDOOR,Second Floor,,Finishing,Door,Exterior,1,N,,Added (synthetic),,GEVEL,Not Started,Finishing,0,Low,N,24 hrs (3 days),11.9,Finishing Subcontractor,2.0030,161,160,162,161,FIN-0,Subcontract,"Balcony railing installation, Second Floor",36.06,1060.08,429.11,1489.19,1194.04,-295.15,-19.8,1280.33,1250.82,5,59.7,Pending,EUR,2015-07-20,
262iH081180RfRZcryzr7v,IFCDOOR,Second Floor,,Finishing,Door,Exterior,1,N,,Added (synthetic),,GEVEL,Not Started,Finishing,0,Low,N,24 hrs (3 days),11.9,Finishing Subcontractor,2.0030,161,160,162,161,FIN-0,Subcontract,"Balcony railing installation, Second Floor",36.06,1060.08,429.11,1489.19,1194.04,-295.15,-19.8,1280.33,1250.82,5,59.7,Pending,EUR,2015-07-20,
0HKXdsxQDBXehvvnIH9Bj2,IFCDOOR,Second Floor,,Finishing,Door,Exterior,1,N,,Added (synthetic),,GEVEL,Not Started,Finishing,0,Low,N,24 hrs (3 days),11.9,Finishing Subcontractor,2.0030,161,160,162,161,FIN-0,Subcontract,"Balcony railing installation, Second Floor",36.06,1060.08,429.11,1489.19,1194.04,-295.15,-19.8,1280.33,1250.82,5,59.7,Pending,EUR,2015-07-20,
1FtRH1k0bE4fyu_U9mJBmf,IFCDOOR,Second Floor,,Finishing,Door,Exterior,1,N,,Added (synthetic),,GEVEL,Not Started,Finishing,0,Low,N,24 hrs (3 days),11.9,Finishing Subcontractor,2.0030,161,160,162,161,FIN-0,Subcontract,"Balcony railing installation, Second Floor",36.06,1060.08,429.11,1489.19,1194.04,-295.15,-19.8,1280.33,1250.82,5,59.7,Pending,EUR,2015-07-20,
27bh8yZhL8hPRD0H6aMxEY,IFCDOOR,Second Floor,,Finishing,Door,Exterior,1,N,,Added (synthetic),,GEVEL,Not Started,Finishing,0,Low,N,24 hrs (3 days),11.9,Finishing Subcontractor,2.0030,161,160,162,161,FIN-0,Subcontract,"Balcony railing installation, Second Floor",36.06,1060.08,429.11,1489.19,1194.04,-295.15,-19.8,1280.33,1250.82,5,59.7,Pending,EUR,2015-07-20,
3v$Jw_gpr6OOS8FFzqFDOt,IFCDOOR,Second Floor,Apartment 8,Finishing,Door,Exterior,27,N,,Added (synthetic),Apartment 8,AFBOUW,Not Started,Finishing,0,Low,N,,,Finishing Subcontractor,,,,,,FIN-0,Subcontract,,,,,,,,,,,5,,,EUR,,
1_5gcKSrbEWfNgi3h_qdnx,IFCDOOR,Second Floor,,Finishing,Door,Exterior,1,N,,Added (synthetic),,GEVEL,Not Started,Finishing,0,Low,N,24 hrs (3 days),11.9,Finishing Subcontractor,2.0030,161,160,162,161,FIN-0,Subcontract,"Balcony railing installation, Second Floor",36.06,1060.08,429.11,1489.19,1194.04,-295.15,-19.8,1280.33,1250.82,5,59.7,Pending,EUR,2015-07-20,
3V_oBYi792a9_YZErx8HIx,IFCDOOR,Second Floor,,Finishing,Door,Exterior,1,N,,Added (synthetic),,GEVEL,Not Started,Finishing,0,Low,N,24 hrs (3 days),11.9,Finishing Subcontractor,2.0030,161,160,162,161,FIN-0,Subcontract,"Balcony railing installation, Second Floor",36.06,1060.08,429.11,1489.19,1194.04,-295.15,-19.8,1280.33,1250.82,5,59.7,Pending,EUR,2015-07-20,
2VKgopOMr4PQnzIHA$Zbht,IFCDOOR,Second Floor,,Finishing,Door,Exterior,1,N,,Added (synthetic),,GEVEL,Not Started,Finishing,0,Low,N,24 hrs (3 days),11.9,Finishing Subcontractor,2.0030,161,160,162,161,FIN-0,Subcontract,"Balcony railing installation, Second Floor",36.06,1060.08,429.11,1489.19,1194.04,-295.15,-19.8,1280.33,1250.82,5,59.7,Pending,EUR,2015-07-20,
2152K7A7j0Xhs5JOT$GaL4,IFCDOOR,Second Floor,,Finishing,Door,Exterior,1,N,,Added (synthetic),,GEVEL,Not Started,Finishing,0,Low,N,24 hrs (3 days),11.9,Finishing Subcontractor,2.0030,161,160,162,161,FIN-0,Subcontract,"Balcony railing installation, Second Floor",36.06,1060.08,429.11,1489.19,1194.04,-295.15,-19.8,1280.33,1250.82,5,59.7,Pending,EUR,2015-07-20,
25jGa8wIHFKepyW_M4Ngs7,IFCDOOR,Second Floor,Apartment 8,Finishing,Door,Exterior,27,N,,Added (synthetic),Apartment 8,AFBOUW,Not Started,Finishing,0,Low,N,,,Finishing Subcontractor,,,,,,FIN-0,Subcontract,,,,,,,,,,,5,,,EUR,,
3G7ktHYG96gQbiZjzEbR8N,IFCDOOR,Second Floor,,Finishing,Door,Interior,1,N,,Added (synthetic),,GEVEL,Not Started,Finishing,0,Low,N,24 hrs (3 days),11.9,Finishing Subcontractor,2.0030,161,160,162,161,FIN-0,Subcontract,"Balcony railing installation, Second Floor",36.06,1060.08,429.11,1489.19,1194.04,-295.15,-19.8,1280.33,1250.82,5,59.7,Pending,EUR,2015-07-20,
2K7avqptP0rAzb1886J2AI,IFCDOOR,Second Floor,,Finishing,Door,Interior,1,N,,Added (synthetic),,GEVEL,Not Started,Finishing,0,Low,N,24 hrs (3 days),11.9,Finishing Subcontractor,2.0030,161,160,162,161,FIN-0,Subcontract,"Balcony railing installation, Second Floor",36.06,1060.08,429.11,1489.19,1194.04,-295.15,-19.8,1280.33,1250.82,5,59.7,Pending,EUR,2015-07-20,
0mLDe0vvD7lQPHmwh__YTZ,IFCDOOR,Second Floor,,Finishing,Door,Interior,1,N,,Added (synthetic),,GEVEL,Not Started,Finishing,0,Low,N,24 hrs (3 days),11.9,Finishing Subcontractor,2.0030,161,160,162,161,FIN-0,Subcontract,"Balcony railing installation, Second Floor",36.06,1060.08,429.11,1489.19,1194.04,-295.15,-19.8,1280.33,1250.82,5,59.7,Pending,EUR,2015-07-20,
1MMTbq1t93CfhQ63Tyks8n,IFCDOOR,Second Floor,,Finishing,Door,Interior,1,N,,Added (synthetic),,GEVEL,Not Started,Finishing,0,Low,N,24 hrs (3 days),11.9,Finishing Subcontractor,2.0030,161,160,162,161,FIN-0,Subcontract,"Balcony railing installation, Second Floor",36.06,1060.08,429.11,1489.19,1194.04,-295.15,-19.8,1280.33,1250.82,5,59.7,Pending,EUR,2015-07-20,
0HTjC8kFv6W9Fd4e3r5fjg,IFCDOOR,Second Floor,,Finishing,Door,Interior,1,N,,Added (synthetic),,GEVEL,Not Started,Finishing,0,Low,N,24 hrs (3 days),11.9,Finishing Subcontractor,2.0030,161,160,162,161,FIN-0,Subcontract,"Balcony railing installation, Second Floor",36.06,1060.08,429.11,1489.19,1194.04,-295.15,-19.8,1280.33,1250.82,5,59.7,Pending,EUR,2015-07-20,
2pAvanoIzEV8kE6N3CBDLL,IFCDOOR,Second Floor,,Finishing,Door,Interior,1,N,,Added (synthetic),,GEVEL,Not Started,Finishing,0,Low,N,24 hrs (3 days),11.9,Finishing Subcontractor,2.0030,161,160,162,161,FIN-0,Subcontract,"Balcony railing installation, Second Floor",36.06,1060.08,429.11,1489.19,1194.04,-295.15,-19.8,1280.33,1250.82,5,59.7,Pending,EUR,2015-07-20,
1jTFg_BbD2_gRGTcr0jnVr,IFCDOOR,Second Floor,,Finishing,Door,Interior,1,N,,Added (synthetic),,GEVEL,Not Started,Finishing,0,Low,N,24 hrs (3 days),11.9,Finishing Subcontractor,2.0030,161,160,162,161,FIN-0,Subcontract,"Balcony railing installation, Second Floor",36.06,1060.08,429.11,1489.19,1194.04,-295.15,-19.8,1280.33,1250.82,5,59.7,Pending,EUR,2015-07-20,
0h4oGef9T1PgTelA09ZLn2,IFCDOOR,Second Floor,,Finishing,Door,Interior,1,N,,Added (synthetic),,GEVEL,Not Started,Finishing,0,Low,N,24 hrs (3 days),11.9,Finishing Subcontractor,2.0030,161,160,162,161,FIN-0,Subcontract,"Balcony railing installation, Second Floor",36.06,1060.08,429.11,1489.19,1194.04,-295.15,-19.8,1280.33,1250.82,5,59.7,Pending,EUR,2015-07-20,
2EKQPtlE15r9nj5or9E3v0,IFCDOOR,Second Floor,,Finishing,Door,Interior,1,N,,Added (synthetic),,GEVEL,Not Started,Finishing,0,Low,N,24 hrs (3 days),11.9,Finishing Subcontractor,2.0030,161,160,162,161,FIN-0,Subcontract,"Balcony railing installation, Second Floor",36.06,1060.08,429.11,1489.19,1194.04,-295.15,-19.8,1280.33,1250.82,5,59.7,Pending,EUR,2015-07-20,
3sicsb7Rv7vOSpwjkHwdXP,IFCDOOR,Second Floor,,Finishing,Door,Interior,1,N,,Added (synthetic),,GEVEL,Not Started,Finishing,0,Low,N,24 hrs (3 days),11.9,Finishing Subcontractor,2.0030,161,160,162,161,FIN-0,Subcontract,"Balcony railing installation, Second Floor",36.06,1060.08,429.11,1489.19,1194.04,-295.15,-19.8,1280.33,1250.82,5,59.7,Pending,EUR,2015-07-20,
2Gq0QN14T6$e3J8hk70VQH,IFCDOOR,Second Floor,,Finishing,Door,Interior,1,N,,Added (synthetic),,GEVEL,Not Started,Finishing,0,Low,N,24 hrs (3 days),11.9,Finishing Subcontractor,2.0030,161,160,162,161,FIN-0,Subcontract,"Balcony railing installation, Second Floor",36.06,1060.08,429.11,1489.19,1194.04,-295.15,-19.8,1280.33,1250.82,5,59.7,Pending,EUR,2015-07-20,
3wks5cHiv9puC78stid7dq,IFCDOOR,Second Floor,,Finishing,Door,Interior,1,N,,Added (synthetic),,GEVEL,Not Started,Finishing,0,Low,N,24 hrs (3 days),11.9,Finishing Subcontractor,2.0030,161,160,162,161,FIN-0,Subcontract,"Balcony railing installation, Second Floor",36.06,1060.08,429.11,1489.19,1194.04,-295.15,-19.8,1280.33,1250.82,5,59.7,Pending,EUR,2015-07-20,
06_o2t73nBXvUfWV0NnaRj,IFCDOOR,Second Floor,,Finishing,Door,Interior,1,N,,Added (synthetic),,GEVEL,Not Started,Finishing,0,Low,N,24 hrs (3 days),11.9,Finishing Subcontractor,2.0030,161,160,162,161,FIN-0,Subcontract,"Balcony railing installation, Second Floor",36.06,1060.08,429.11,1489.19,1194.04,-295.15,-19.8,1280.33,1250.82,5,59.7,Pending,EUR,2015-07-20,
0$vj6GrA15b852nxv8ecYB,IFCDOOR,Second Floor,,Finishing,Door,Interior,1,N,,Added (synthetic),,GEVEL,Not Started,Finishing,0,Low,N,24 hrs (3 days),11.9,Finishing Subcontractor,2.0030,161,160,162,161,FIN-0,Subcontract,"Balcony railing installation, Second Floor",36.06,1060.08,429.11,1489.19,1194.04,-295.15,-19.8,1280.33,1250.82,5,59.7,Pending,EUR,2015-07-20,
0etZemLbbAog_wCl27YohR,IFCDOOR,Second Floor,,Finishing,Door,Interior,1,N,,Added (synthetic),,GEVEL,Not Started,Finishing,0,Low,N,24 hrs (3 days),11.9,Finishing Subcontractor,2.0030,161,160,162,161,FIN-0,Subcontract,"Balcony railing installation, Second Floor",36.06,1060.08,429.11,1489.19,1194.04,-295.15,-19.8,1280.33,1250.82,5,59.7,Pending,EUR,2015-07-20,
0rEPlH2fP8YQ_q3GiazsFo,IFCDOOR,Second Floor,,Finishing,Door,Interior,1,N,,Added (synthetic),,GEVEL,Not Started,Finishing,0,Low,N,24 hrs (3 days),11.9,Finishing Subcontractor,2.0030,161,160,162,161,FIN-0,Subcontract,"Balcony railing installation, Second Floor",36.06,1060.08,429.11,1489.19,1194.04,-295.15,-19.8,1280.33,1250.82,5,59.7,Pending,EUR,2015-07-20,
2$y_vPdK50rvRCnxRgbax0,IFCDOOR,Second Floor,,Finishing,Door,Interior,1,N,,Added (synthetic),,GEVEL,Not Started,Finishing,0,Low,N,24 hrs (3 days),11.9,Finishing Subcontractor,2.0030,161,160,162,161,FIN-0,Subcontract,"Balcony railing installation, Second Floor",36.06,1060.08,429.11,1489.19,1194.04,-295.15,-19.8,1280.33,1250.82,5,59.7,Pending,EUR,2015-07-20,
2nEtJExy5EkR8dxB8J7WF8,IFCDOOR,Second Floor,,Finishing,Door,Interior,1,N,,Added (synthetic),,GEVEL,Not Started,Finishing,0,Low,N,24 hrs (3 days),11.9,Finishing Subcontractor,2.0030,161,160,162,161,FIN-0,Subcontract,"Balcony railing installation, Second Floor",36.06,1060.08,429.11,1489.19,1194.04,-295.15,-19.8,1280.33,1250.82,5,59.7,Pending,EUR,2015-07-20,
1UCnFJQ7nDgAX31ppgw6Pa,IFCDOOR,Second Floor,,Finishing,Door,Interior,1,N,,Added (synthetic),,GEVEL,Not Started,Finishing,0,Low,N,24 hrs (3 days),11.9,Finishing Subcontractor,2.0030,161,160,162,161,FIN-0,Subcontract,"Balcony railing installation, Second Floor",36.06,1060.08,429.11,1489.19,1194.04,-295.15,-19.8,1280.33,1250.82,5,59.7,Pending,EUR,2015-07-20,
1Uv0j9g_TDo9SZvipUwvCd,IFCDOOR,Second Floor,,Finishing,Door,Interior,1,N,,Added (synthetic),,GEVEL,Not Started,Finishing,0,Low,N,24 hrs (3 days),11.9,Finishing Subcontractor,2.0030,161,160,162,161,FIN-0,Subcontract,"Balcony railing installation, Second Floor",36.06,1060.08,429.11,1489.19,1194.04,-295.15,-19.8,1280.33,1250.82,5,59.7,Pending,EUR,2015-07-20,
2zilQ_m$j83PfsTQ$4$xs$,IFCDOOR,Second Floor,,Finishing,Door,Interior,1,N,,Added (synthetic),,GEVEL,Not Started,Finishing,0,Low,N,24 hrs (3 days),11.9,Finishing Subcontractor,2.0030,161,160,162,161,FIN-0,Subcontract,"Balcony railing installation, Second Floor",36.06,1060.08,429.11,1489.19,1194.04,-295.15,-19.8,1280.33,1250.82,5,59.7,Pending,EUR,2015-07-20,
3nUiG96vjAwPUR6jFmv$ZI,IFCDOOR,Second Floor,,Finishing,Door,Interior,1,N,,Added (synthetic),,GEVEL,Not Started,Finishing,0,Low,N,24 hrs (3 days),11.9,Finishing Subcontractor,2.0030,161,160,162,161,FIN-0,Subcontract,"Balcony railing installation, Second Floor",36.06,1060.08,429.11,1489.19,1194.04,-295.15,-19.8,1280.33,1250.82,5,59.7,Pending,EUR,2015-07-20,
0xrZguOJ55xx5lucOklTa9,IFCDOOR,Second Floor,,Finishing,Door,Interior,1,N,,Added (synthetic),,GEVEL,Not Started,Finishing,0,Low,N,24 hrs (3 days),11.9,Finishing Subcontractor,2.0030,161,160,162,161,FIN-0,Subcontract,"Balcony railing installation, Second Floor",36.06,1060.08,429.11,1489.19,1194.04,-295.15,-19.8,1280.33,1250.82,5,59.7,Pending,EUR,2015-07-20,
36MmH3zZH16QTwC46Vbk$D,IFCDOOR,Second Floor,,Finishing,Door,Interior,1,N,,Added (synthetic),,GEVEL,Not Started,Finishing,0,Low,N,24 hrs (3 days),11.9,Finishing Subcontractor,2.0030,161,160,162,161,FIN-0,Subcontract,"Balcony railing installation, Second Floor",36.06,1060.08,429.11,1489.19,1194.04,-295.15,-19.8,1280.33,1250.82,5,59.7,Pending,EUR,2015-07-20,
36DzLjnuL9XA2dudd2r92m,IFCDOOR,Third Floor,,Finishing,Door,Interior,1,N,,Added (synthetic),,GEVEL,Not Started,Finishing,0,Low,N,24 hrs (3 days),9.1,Finishing Subcontractor,2.0036,167,166,168,167,FIN-0,Subcontract,"Balcony railing installation, Third Floor",22.19,932.64,201.93,1134.57,1266.15,131.58,11.6,1306.93,1285.98,5,63.31,Pending,EUR,2015-08-05,
3vqhA9V$zD8Ri_tijsQ9Uy,IFCDOOR,Third Floor,,Finishing,Door,Interior,1,N,,Added (synthetic),,GEVEL,Not Started,Finishing,0,Low,N,24 hrs (3 days),9.1,Finishing Subcontractor,2.0036,167,166,168,167,FIN-0,Subcontract,"Balcony railing installation, Third Floor",22.19,932.64,201.93,1134.57,1266.15,131.58,11.6,1306.93,1285.98,5,63.31,Pending,EUR,2015-08-05,
3lVtU7tjD3YOCLUfqajZ2A,IFCDOOR,Third Floor,,Finishing,Door,Interior,1,N,,Added (synthetic),,GEVEL,Not Started,Finishing,0,Low,N,24 hrs (3 days),9.1,Finishing Subcontractor,2.0036,167,166,168,167,FIN-0,Subcontract,"Balcony railing installation, Third Floor",22.19,932.64,201.93,1134.57,1266.15,131.58,11.6,1306.93,1285.98,5,63.31,Pending,EUR,2015-08-05,
0_AyfC57H5ZhnJFKbaFPKq,IFCDOOR,Third Floor,,Finishing,Door,Interior,1,N,,Added (synthetic),,GEVEL,Not Started,Finishing,0,Low,N,24 hrs (3 days),9.1,Finishing Subcontractor,2.0036,167,166,168,167,FIN-0,Subcontract,"Balcony railing installation, Third Floor",22.19,932.64,201.93,1134.57,1266.15,131.58,11.6,1306.93,1285.98,5,63.31,Pending,EUR,2015-08-05,
1ct3PC$Rf39OYRwaCfR2gz,IFCDOOR,Third Floor,,Finishing,Door,Interior,1,N,,Added (synthetic),,GEVEL,Not Started,Finishing,0,Low,N,24 hrs (3 days),9.1,Finishing Subcontractor,2.0036,167,166,168,167,FIN-0,Subcontract,"Balcony railing installation, Third Floor",22.19,932.64,201.93,1134.57,1266.15,131.58,11.6,1306.93,1285.98,5,63.31,Pending,EUR,2015-08-05,
3p9J1sHcf4ju8QNF1IhRNV,IFCDOOR,Third Floor,,Finishing,Door,Interior,1,N,,Added (synthetic),,GEVEL,Not Started,Finishing,0,Low,N,24 hrs (3 days),9.1,Finishing Subcontractor,2.0036,167,166,168,167,FIN-0,Subcontract,"Balcony railing installation, Third Floor",22.19,932.64,201.93,1134.57,1266.15,131.58,11.6,1306.93,1285.98,5,63.31,Pending,EUR,2015-08-05,
1f8696ukP6ngAHgpRZz3ju,IFCDOOR,Third Floor,,Finishing,Door,Interior,1,N,,Added (synthetic),,GEVEL,Not Started,Finishing,0,Low,N,24 hrs (3 days),9.1,Finishing Subcontractor,2.0036,167,166,168,167,FIN-0,Subcontract,"Balcony railing installation, Third Floor",22.19,932.64,201.93,1134.57,1266.15,131.58,11.6,1306.93,1285.98,5,63.31,Pending,EUR,2015-08-05,
0Hdk5PAnP3pwtj9xXKmFBe,IFCDOOR,Third Floor,,Finishing,Door,Interior,1,N,,Added (synthetic),,GEVEL,Not Started,Finishing,0,Low,N,24 hrs (3 days),9.1,Finishing Subcontractor,2.0036,167,166,168,167,FIN-0,Subcontract,"Balcony railing installation, Third Floor",22.19,932.64,201.93,1134.57,1266.15,131.58,11.6,1306.93,1285.98,5,63.31,Pending,EUR,2015-08-05,
2vFhUBbYLDEuToK036Hl$0,IFCDOOR,Third Floor,,Finishing,Door,Interior,1,N,,Added (synthetic),,GEVEL,Not Started,Finishing,0,Low,N,24 hrs (3 days),9.1,Finishing Subcontractor,2.0036,167,166,168,167,FIN-0,Subcontract,"Balcony railing installation, Third Floor",22.19,932.64,201.93,1134.57,1266.15,131.58,11.6,1306.93,1285.98,5,63.31,Pending,EUR,2015-08-05,
3XlDiPbzT5wuWLtvoN9ad0,IFCDOOR,Third Floor,,Finishing,Door,Interior,1,N,,Added (synthetic),,GEVEL,Not Started,Finishing,0,Low,N,24 hrs (3 days),9.1,Finishing Subcontractor,2.0036,167,166,168,167,FIN-0,Subcontract,"Balcony railing installation, Third Floor",22.19,932.64,201.93,1134.57,1266.15,131.58,11.6,1306.93,1285.98,5,63.31,Pending,EUR,2015-08-05,
12pKvnM8rEghVj2eehBckA,IFCDOOR,Third Floor,,Finishing,Door,Interior,1,N,,Added (synthetic),,GEVEL,Not Started,Finishing,0,Low,N,24 hrs (3 days),9.1,Finishing Subcontractor,2.0036,167,166,168,167,FIN-0,Subcontract,"Balcony railing installation, Third Floor",22.19,932.64,201.93,1134.57,1266.15,131.58,11.6,1306.93,1285.98,5,63.31,Pending,EUR,2015-08-05,
0WwnDCcYLFJx3r5wMCkNbs,IFCDOOR,Third Floor,,Finishing,Door,Interior,1,N,,Added (synthetic),,GEVEL,Not Started,Finishing,0,Low,N,24 hrs (3 days),9.1,Finishing Subcontractor,2.0036,167,166,168,167,FIN-0,Subcontract,"Balcony railing installation, Third Floor",22.19,932.64,201.93,1134.57,1266.15,131.58,11.6,1306.93,1285.98,5,63.31,Pending,EUR,2015-08-05,
2Jqop0uBb9AxYtqSXLjzrD,IFCDOOR,Third Floor,,Finishing,Door,Interior,1,N,,Added (synthetic),,GEVEL,Not Started,Finishing,0,Low,N,24 hrs (3 days),9.1,Finishing Subcontractor,2.0036,167,166,168,167,FIN-0,Subcontract,"Balcony railing installation, Third Floor",22.19,932.64,201.93,1134.57,1266.15,131.58,11.6,1306.93,1285.98,5,63.31,Pending,EUR,2015-08-05,
3rLHaGT8f4ffCX220B$XUw,IFCDOOR,Third Floor,,Finishing,Door,Interior,1,N,,Added (synthetic),,GEVEL,Not Started,Finishing,0,Low,N,24 hrs (3 days),9.1,Finishing Subcontractor,2.0036,167,166,168,167,FIN-0,Subcontract,"Balcony railing installation, Third Floor",22.19,932.64,201.93,1134.57,1266.15,131.58,11.6,1306.93,1285.98,5,63.31,Pending,EUR,2015-08-05,
1AjHEuqyLASxbhLNVsGq0u,IFCDOOR,Third Floor,,Finishing,Door,Interior,1,N,,Added (synthetic),,GEVEL,Not Started,Finishing,0,Low,N,24 hrs (3 days),9.1,Finishing Subcontractor,2.0036,167,166,168,167,FIN-0,Subcontract,"Balcony railing installation, Third Floor",22.19,932.64,201.93,1134.57,1266.15,131.58,11.6,1306.93,1285.98,5,63.31,Pending,EUR,2015-08-05,
0IzB0Fhx1E3e$Sm$$GKqe7,IFCDOOR,Third Floor,,Finishing,Door,Interior,1,N,,Added (synthetic),,GEVEL,Not Started,Finishing,0,Low,N,24 hrs (3 days),9.1,Finishing Subcontractor,2.0036,167,166,168,167,FIN-0,Subcontract,"Balcony railing installation, Third Floor",22.19,932.64,201.93,1134.57,1266.15,131.58,11.6,1306.93,1285.98,5,63.31,Pending,EUR,2015-08-05,
0w3wabzRLAz99bhnECWj79,IFCDOOR,Third Floor,,Finishing,Door,Interior,1,N,,Added (synthetic),,GEVEL,Not Started,Finishing,0,Low,N,24 hrs (3 days),9.1,Finishing Subcontractor,2.0036,167,166,168,167,FIN-0,Subcontract,"Balcony railing installation, Third Floor",22.19,932.64,201.93,1134.57,1266.15,131.58,11.6,1306.93,1285.98,5,63.31,Pending,EUR,2015-08-05,
140c7DVn1Fdgh5_iO2DSKg,IFCDOOR,Third Floor,,Finishing,Door,Exterior,1,N,,Added (synthetic),,GEVEL,Not Started,Finishing,0,Low,N,24 hrs (3 days),9.1,Finishing Subcontractor,2.0036,167,166,168,167,FIN-0,Subcontract,"Balcony railing installation, Third Floor",22.19,932.64,201.93,1134.57,1266.15,131.58,11.6,1306.93,1285.98,5,63.31,Pending,EUR,2015-08-05,
0EWFPIrsv7_9lhqHOpPwsU,IFCDOOR,Third Floor,,Finishing,Door,Exterior,1,N,,Added (synthetic),,GEVEL,Not Started,Finishing,0,Low,N,24 hrs (3 days),9.1,Finishing Subcontractor,2.0036,167,166,168,167,FIN-0,Subcontract,"Balcony railing installation, Third Floor",22.19,932.64,201.93,1134.57,1266.15,131.58,11.6,1306.93,1285.98,5,63.31,Pending,EUR,2015-08-05,
3tB9bs0jH8kvDCXNaFXLU4,IFCDOOR,Third Floor,,Finishing,Door,Interior,1,N,,Added (synthetic),,GEVEL,Not Started,Finishing,0,Low,N,24 hrs (3 days),9.1,Finishing Subcontractor,2.0036,167,166,168,167,FIN-0,Subcontract,"Balcony railing installation, Third Floor",22.19,932.64,201.93,1134.57,1266.15,131.58,11.6,1306.93,1285.98,5,63.31,Pending,EUR,2015-08-05,
2PEMzkDK9Dxum8sPRjDtq_,IFCDOOR,Third Floor,,Finishing,Door,Interior,1,N,,Added (synthetic),,GEVEL,Not Started,Finishing,0,Low,N,24 hrs (3 days),9.1,Finishing Subcontractor,2.0036,167,166,168,167,FIN-0,Subcontract,"Balcony railing installation, Third Floor",22.19,932.64,201.93,1134.57,1266.15,131.58,11.6,1306.93,1285.98,5,63.31,Pending,EUR,2015-08-05,
3MkalSSaPB_h_tTcRHxH9A,IFCDOOR,Third Floor,,Finishing,Door,Interior,1,N,,Added (synthetic),,GEVEL,Not Started,Finishing,0,Low,N,24 hrs (3 days),9.1,Finishing Subcontractor,2.0036,167,166,168,167,FIN-0,Subcontract,"Balcony railing installation, Third Floor",22.19,932.64,201.93,1134.57,1266.15,131.58,11.6,1306.93,1285.98,5,63.31,Pending,EUR,2015-08-05,
13kU2WeeX43AmAN7yJpj7M,IFCDOOR,Third Floor,,Finishing,Door,Interior,1,N,,Added (synthetic),,GEVEL,Not Started,Finishing,0,Low,N,24 hrs (3 days),9.1,Finishing Subcontractor,2.0036,167,166,168,167,FIN-0,Subcontract,"Balcony railing installation, Third Floor",22.19,932.64,201.93,1134.57,1266.15,131.58,11.6,1306.93,1285.98,5,63.31,Pending,EUR,2015-08-05,
073$0OxmvEMu0iJzPT4cfg,IFCDOOR,Third Floor,,Finishing,Door,Interior,1,N,,Added (synthetic),,GEVEL,Not Started,Finishing,0,Low,N,24 hrs (3 days),9.1,Finishing Subcontractor,2.0036,167,166,168,167,FIN-0,Subcontract,"Balcony railing installation, Third Floor",22.19,932.64,201.93,1134.57,1266.15,131.58,11.6,1306.93,1285.98,5,63.31,Pending,EUR,2015-08-05,
3Qw1ZJI6n0$OYdAwY3sPY0,IFCDOOR,Third Floor,,Finishing,Door,Interior,1,N,,Added (synthetic),,GEVEL,Not Started,Finishing,0,Low,N,24 hrs (3 days),9.1,Finishing Subcontractor,2.0036,167,166,168,167,FIN-0,Subcontract,"Balcony railing installation, Third Floor",22.19,932.64,201.93,1134.57,1266.15,131.58,11.6,1306.93,1285.98,5,63.31,Pending,EUR,2015-08-05,
31CBV10iDANhFbENO3uY2l,IFCDOOR,Third Floor,,Finishing,Door,Interior,1,N,,Added (synthetic),,GEVEL,Not Started,Finishing,0,Low,N,24 hrs (3 days),9.1,Finishing Subcontractor,2.0036,167,166,168,167,FIN-0,Subcontract,"Balcony railing installation, Third Floor",22.19,932.64,201.93,1134.57,1266.15,131.58,11.6,1306.93,1285.98,5,63.31,Pending,EUR,2015-08-05,
0OL2bP1B5Ezfgv8L13MayF,IFCDOOR,Third Floor,,Finishing,Door,Interior,1,N,,Added (synthetic),,GEVEL,Not Started,Finishing,0,Low,N,24 hrs (3 days),9.1,Finishing Subcontractor,2.0036,167,166,168,167,FIN-0,Subcontract,"Balcony railing installation, Third Floor",22.19,932.64,201.93,1134.57,1266.15,131.58,11.6,1306.93,1285.98,5,63.31,Pending,EUR,2015-08-05,
2Du$joV9XChBACVeEuRrVe,IFCMEMBER,First Floor,,General/Site,Wall,Exterior,0,,,,,,,,,,,,,,,,,,,,,,,,,,,,,,,,,,,,
1K5dIu2nnC8uHIMCP4p_mJ,IFCMEMBER,,Apartment 6,General/Site,Wall,Exterior,0,,,,,,,,,,,,,,,,,,,,,,,,,,,,,,,,,,,,
1SyoSledr3YeSTSATMjRIA,IFCMEMBER,,,General/Site,Wall,Exterior,0,,,,,,,,,,,,,,,,,,,,,,,,,,,,,,,,,,,,
30hxmiOx15DRzAggBisbdA,IFCMEMBER,Second Floor,,General/Site,Wall,Exterior,0,,,,,,,,,,,,,,,,,,,,,,,,,,,,,,,,,,,,
29No8SBkD828yFLW93Joa4,IFCMEMBER,,,General/Site,Wall,Exterior,0,,,,,,,,,,,,,,,,,,,,,,,,,,,,,,,,,,,,
0BIR$7shf3BRUVgumIGs8n,IFCMEMBER,,,General/Site,Wall,Exterior,0,,,,,,,,,,,,,,,,,,,,,,,,,,,,,,,,,,,,
27$Fqnan99x8yZQBpS0Tff,IFCMEMBER,,,General/Site,Wall,Exterior,0,,,,,,,,,,,,,,,,,,,,,,,,,,,,,,,,,,,,
3cny5DdLr5$BvKOk7tJprB,IFCMEMBER,,,General/Site,Wall,Exterior,0,,,,,,,,,,,,,,,,,,,,,,,,,,,,,,,,,,,,
2WRaBAQ057F8QYIkwiWJih,IFCMEMBER,,,General/Site,Wall,Exterior,0,,,,,,,,,,,,,,,,,,,,,,,,,,,,,,,,,,,,
27$YR6LvnA1f4dzXk05qPo,IFCRAILING,Ground Floor,,Site & External,Wall,Interior,11,N,,,,AFBOUW,In Progress,Site & External,27,Low,Y,,,Groundworks/Landscaping Subcontractor,,,,,,EXT-0,Subcontract,,,,,,,,,,,5,,,EUR,,
018TK7$EL5zAD5j0tKRbOl,IFCRAILING,Ground Floor,,Site & External,Wall,Interior,11,N,,,,AFBOUW,In Progress,Site & External,27,Low,Y,,,Groundworks/Landscaping Subcontractor,,,,,,EXT-0,Subcontract,,,,,,,,,,,5,,,EUR,,
0R3bLdPy59eezMGemvtvI1,IFCRAILING,Ground Floor,,Site & External,Wall,Interior,11,N,,,,AFBOUW,In Progress,Site & External,27,Low,Y,,,Groundworks/Landscaping Subcontractor,,,,,,EXT-0,Subcontract,,,,,,,,,,,5,,,EUR,,
0f24Ke$693gf5gvla2DUIp,IFCRAILING,Ground Floor,,Site & External,Wall,Interior,11,N,,,,AFBOUW,In Progress,Site & External,27,Low,Y,,,Groundworks/Landscaping Subcontractor,,,,,,EXT-0,Subcontract,,,,,,,,,,,5,,,EUR,,
38Qe2zvj9E0OBObNVI4$Zz,IFCRAILING,First Floor,,Site & External,Wall,Interior,11,N,,,,AFBOUW,In Progress,Site & External,27,Low,Y,,,Groundworks/Landscaping Subcontractor,,,,,,EXT-0,Subcontract,,,,,,,,,,,5,,,EUR,,
2jS7doCMf3$gQseynrXN3R,IFCRAILING,First Floor,,Site & External,Wall,Interior,11,N,,,,AFBOUW,In Progress,Site & External,27,Low,Y,,,Groundworks/Landscaping Subcontractor,,,,,,EXT-0,Subcontract,,,,,,,,,,,5,,,EUR,,
3ludkXavX0QO$8K8MPt6DU,IFCRAILING,First Floor,,Site & External,Wall,Exterior,11,N,,,,AFBOUW,In Progress,Site & External,27,Low,Y,,,Groundworks/Landscaping Subcontractor,,,,,,EXT-0,Subcontract,,,,,,,,,,,5,,,EUR,,
3IbCylBM9Br9aZ0O8sjBun,IFCRAILING,First Floor,,Site & External,Wall,Exterior,11,N,,,,AFBOUW,In Progress,Site & External,27,Low,Y,,,Groundworks/Landscaping Subcontractor,,,,,,EXT-0,Subcontract,,,,,,,,,,,5,,,EUR,,
2d4vy8vcj20Bafo1W9udji,IFCRAILING,First Floor,,Site & External,Wall,Exterior,11,N,,,,AFBOUW,In Progress,Site & External,27,Low,Y,,,Groundworks/Landscaping Subcontractor,,,,,,EXT-0,Subcontract,,,,,,,,,,,5,,,EUR,,
2xqHe35hv3POCFIMSVSI8z,IFCRAILING,First Floor,,Site & External,Wall,Exterior,11,N,,,,AFBOUW,In Progress,Site & External,27,Low,Y,,,Groundworks/Landscaping Subcontractor,,,,,,EXT-0,Subcontract,,,,,,,,,,,5,,,EUR,,
3cIEhaoMTBmRz3MyKyfeg3,IFCRAILING,First Floor,,Site & External,Wall,Exterior,11,N,,,,AFBOUW,In Progress,Site & External,27,Low,Y,,,Groundworks/Landscaping Subcontractor,,,,,,EXT-0,Subcontract,,,,,,,,,,,5,,,EUR,,
3IIh87vTnD4A6vdLUQS2Oe,IFCRAILING,First Floor,,Site & External,Wall,Exterior,11,N,,,,AFBOUW,In Progress,Site & External,27,Low,Y,,,Groundworks/Landscaping Subcontractor,,,,,,EXT-0,Subcontract,,,,,,,,,,,5,,,EUR,,
2chnvDXfTFpwmnexcYvbMb,IFCRAILING,First Floor,,Site & External,Wall,Exterior,11,N,,,,AFBOUW,In Progress,Site & External,27,Low,Y,,,Groundworks/Landscaping Subcontractor,,,,,,EXT-0,Subcontract,,,,,,,,,,,5,,,EUR,,
3pp$tut394gvh1elE1QUg0,IFCRAILING,First Floor,,Site & External,Wall,Exterior,11,N,,,,AFBOUW,In Progress,Site & External,27,Low,Y,,,Groundworks/Landscaping Subcontractor,,,,,,EXT-0,Subcontract,,,,,,,,,,,5,,,EUR,,
0hoCeVodP28uiVrRVP6$eg,IFCRAILING,First Floor,,Site & External,Wall,Exterior,11,N,,,,AFBOUW,In Progress,Site & External,27,Low,Y,,,Groundworks/Landscaping Subcontractor,,,,,,EXT-0,Subcontract,,,,,,,,,,,5,,,EUR,,
0DSnD4Ox56JQ9EnQB9RZSl,IFCRAILING,First Floor,,Site & External,Wall,Exterior,11,N,,,,AFBOUW,In Progress,Site & External,27,Low,Y,,,Groundworks/Landscaping Subcontractor,,,,,,EXT-0,Subcontract,,,,,,,,,,,5,,,EUR,,
0BFKBVp5j4I99mDywZOyl1,IFCRAILING,First Floor,,Site & External,Wall,Exterior,11,N,,,,AFBOUW,In Progress,Site & External,27,Low,Y,,,Groundworks/Landscaping Subcontractor,,,,,,EXT-0,Subcontract,,,,,,,,,,,5,,,EUR,,
3507eK6cz8GgD8LOtm7DX1,IFCRAILING,First Floor,,Site & External,Wall,Exterior,11,N,,,,AFBOUW,In Progress,Site & External,27,Low,Y,,,Groundworks/Landscaping Subcontractor,,,,,,EXT-0,Subcontract,,,,,,,,,,,5,,,EUR,,
0tBGrmMgH7A8ZNmLYPMp64,IFCRAILING,First Floor,,Site & External,Wall,Exterior,11,N,,,,AFBOUW,In Progress,Site & External,27,Low,Y,,,Groundworks/Landscaping Subcontractor,,,,,,EXT-0,Subcontract,,,,,,,,,,,5,,,EUR,,
08TAmVL5zANxEAKB2zGRnq,IFCRAILING,First Floor,,Site & External,Wall,Exterior,11,N,,,,AFBOUW,In Progress,Site & External,27,Low,Y,,,Groundworks/Landscaping Subcontractor,,,,,,EXT-0,Subcontract,,,,,,,,,,,5,,,EUR,,
1aIHAtaRH2KfL3oiGGP2dl,IFCRAILING,First Floor,,Site & External,Wall,Exterior,11,N,,,,AFBOUW,In Progress,Site & External,27,Low,Y,,,Groundworks/Landscaping Subcontractor,,,,,,EXT-0,Subcontract,,,,,,,,,,,5,,,EUR,,
2zuL$9rZTBtO$YH7gWs8$I,IFCRAILING,First Floor,,Site & External,Wall,Exterior,11,N,,,,AFBOUW,In Progress,Site & External,27,Low,Y,,,Groundworks/Landscaping Subcontractor,,,,,,EXT-0,Subcontract,,,,,,,,,,,5,,,EUR,,
1kUFGseD103u4BFiv5Vn3G,IFCRAILING,First Floor,,Site & External,Wall,Exterior,11,N,,,,AFBOUW,In Progress,Site & External,27,Low,Y,,,Groundworks/Landscaping Subcontractor,,,,,,EXT-0,Subcontract,,,,,,,,,,,5,,,EUR,,
0G5pICjEv0lRYQTb8ZOqUB,IFCRAILING,First Floor,,Site & External,Wall,Exterior,11,N,,,,AFBOUW,In Progress,Site & External,27,Low,Y,,,Groundworks/Landscaping Subcontractor,,,,,,EXT-0,Subcontract,,,,,,,,,,,5,,,EUR,,
0XXgMis9HBSh81wobgymNk,IFCRAILING,First Floor,,Site & External,Wall,Exterior,11,N,,,,AFBOUW,In Progress,Site & External,27,Low,Y,,,Groundworks/Landscaping Subcontractor,,,,,,EXT-0,Subcontract,,,,,,,,,,,5,,,EUR,,
1Q0kMfUETAGg$GA3i1tdOW,IFCRAILING,First Floor,,Site & External,Wall,Exterior,11,N,,,,AFBOUW,In Progress,Site & External,27,Low,Y,,,Groundworks/Landscaping Subcontractor,,,,,,EXT-0,Subcontract,,,,,,,,,,,5,,,EUR,,
0pFFmR0nr3VeFEpxAApon9,IFCRAILING,First Floor,,Site & External,Wall,Exterior,11,N,,,,AFBOUW,In Progress,Site & External,27,Low,Y,,,Groundworks/Landscaping Subcontractor,,,,,,EXT-0,Subcontract,,,,,,,,,,,5,,,EUR,,
1tso8uyOP408J$2k9zM55E,IFCRAILING,First Floor,,Site & External,Wall,Exterior,11,N,,,,AFBOUW,In Progress,Site & External,27,Low,Y,,,Groundworks/Landscaping Subcontractor,,,,,,EXT-0,Subcontract,,,,,,,,,,,5,,,EUR,,
1pa426bWv6xPnTJvQSUaMC,IFCRAILING,First Floor,,Site & External,Wall,Exterior,11,N,,,,AFBOUW,In Progress,Site & External,27,Low,Y,,,Groundworks/Landscaping Subcontractor,,,,,,EXT-0,Subcontract,,,,,,,,,,,5,,,EUR,,
2EWFNQA152oRzd_EBfr6uT,IFCRAILING,First Floor,,Site & External,Wall,Exterior,11,N,,,,AFBOUW,In Progress,Site & External,27,Low,Y,,,Groundworks/Landscaping Subcontractor,,,,,,EXT-0,Subcontract,,,,,,,,,,,5,,,EUR,,
11l$hD7jv8jwvjooQlt2FZ,IFCRAILING,First Floor,,Site & External,Wall,Exterior,11,N,,,,AFBOUW,In Progress,Site & External,27,Low,Y,,,Groundworks/Landscaping Subcontractor,,,,,,EXT-0,Subcontract,,,,,,,,,,,5,,,EUR,,
3sdCktPNvC0uV4NNgbJWLv,IFCRAILING,First Floor,,Site & External,Wall,Exterior,11,N,,,,AFBOUW,In Progress,Site & External,27,Low,Y,,,Groundworks/Landscaping Subcontractor,,,,,,EXT-0,Subcontract,,,,,,,,,,,5,,,EUR,,
23JeFZDKD8y8FV9a$w$rCJ,IFCRAILING,First Floor,,Site & External,Wall,Exterior,11,N,,,,AFBOUW,In Progress,Site & External,27,Low,Y,,,Groundworks/Landscaping Subcontractor,,,,,,EXT-0,Subcontract,,,,,,,,,,,5,,,EUR,,
3R0aI_JdHD48zVbQjd5Ze_,IFCRAILING,First Floor,,Site & External,Wall,Exterior,11,N,,,,AFBOUW,In Progress,Site & External,27,Low,Y,,,Groundworks/Landscaping Subcontractor,,,,,,EXT-0,Subcontract,,,,,,,,,,,5,,,EUR,,
0jnTQov8rBlwaue5hK6wre,IFCRAILING,First Floor,,Site & External,Wall,Exterior,11,N,,,,AFBOUW,In Progress,Site & External,27,Low,Y,,,Groundworks/Landscaping Subcontractor,,,,,,EXT-0,Subcontract,,,,,,,,,,,5,,,EUR,,
1rcblQbSX0w8i_vHHFGq3M,IFCRAILING,First Floor,,Site & External,Wall,Interior,11,N,,,,AFBOUW,In Progress,Site & External,27,Low,Y,,,Groundworks/Landscaping Subcontractor,,,,,,EXT-0,Subcontract,,,,,,,,,,,5,,,EUR,,
05ZZdIzTnEbQa7eCaF53yx,IFCRAILING,First Floor,,Site & External,Wall,Interior,11,N,,,,AFBOUW,In Progress,Site & External,27,Low,Y,,,Groundworks/Landscaping Subcontractor,,,,,,EXT-0,Subcontract,,,,,,,,,,,5,,,EUR,,
1aYgiQASf1QAHaQ9qpbxvu,IFCRAILING,First Floor,,Site & External,Wall,Exterior,11,N,,,,AFBOUW,In Progress,Site & External,27,Low,Y,,,Groundworks/Landscaping Subcontractor,,,,,,EXT-0,Subcontract,,,,,,,,,,,5,,,EUR,,
0wBPIKW6H2KguQzSAxeUoI,IFCRAILING,First Floor,,Site & External,Wall,Exterior,11,N,,,,AFBOUW,In Progress,Site & External,27,Low,Y,,,Groundworks/Landscaping Subcontractor,,,,,,EXT-0,Subcontract,,,,,,,,,,,5,,,EUR,,
3GbtyA4hj1QvdqYJ9YysW7,IFCRAILING,First Floor,,Site & External,Wall,Exterior,11,N,,,,AFBOUW,In Progress,Site & External,27,Low,Y,,,Groundworks/Landscaping Subcontractor,,,,,,EXT-0,Subcontract,,,,,,,,,,,5,,,EUR,,
07cz3VpcX8afcodIcmaPPM,IFCRAILING,First Floor,,Site & External,Wall,Exterior,11,N,,,,AFBOUW,In Progress,Site & External,27,Low,Y,,,Groundworks/Landscaping Subcontractor,,,,,,EXT-0,Subcontract,,,,,,,,,,,5,,,EUR,,
11$FOiP4fDMwiMWtHH9Tcg,IFCRAILING,First Floor,,Site & External,Wall,Exterior,11,N,,,,AFBOUW,In Progress,Site & External,27,Low,Y,,,Groundworks/Landscaping Subcontractor,,,,,,EXT-0,Subcontract,,,,,,,,,,,5,,,EUR,,
3JT0$Yycb3fxz4HlsjVMEb,IFCRAILING,First Floor,,Site & External,Wall,Exterior,11,N,,,,AFBOUW,In Progress,Site & External,27,Low,Y,,,Groundworks/Landscaping Subcontractor,,,,,,EXT-0,Subcontract,,,,,,,,,,,5,,,EUR,,
0IAn27JfLBpu8ypPPKG8k3,IFCRAILING,Second Floor,,Site & External,Wall,Interior,11,N,,,,AFBOUW,In Progress,Site & External,27,Low,Y,,,Groundworks/Landscaping Subcontractor,,,,,,EXT-0,Subcontract,,,,,,,,,,,5,,,EUR,,
0eucvL7jTBzhWlFD6WbUM1,IFCRAILING,Second Floor,,Site & External,Wall,Interior,11,N,,,,AFBOUW,In Progress,Site & External,27,Low,Y,,,Groundworks/Landscaping Subcontractor,,,,,,EXT-0,Subcontract,,,,,,,,,,,5,,,EUR,,
0rmB3$jx1C38gqkeVCpSq2,IFCRAILING,Second Floor,,Site & External,Wall,Exterior,11,N,,,,AFBOUW,In Progress,Site & External,27,Low,Y,,,Groundworks/Landscaping Subcontractor,,,,,,EXT-0,Subcontract,,,,,,,,,,,5,,,EUR,,
2En3RuMqXFt8Nnzr9SXngL,IFCRAILING,Second Floor,,Site & External,Wall,Exterior,11,N,,,,AFBOUW,In Progress,Site & External,27,Low,Y,,,Groundworks/Landscaping Subcontractor,,,,,,EXT-0,Subcontract,,,,,,,,,,,5,,,EUR,,
1IoKrB2iX0RQCSK1TL0EpR,IFCRAILING,Second Floor,,Site & External,Wall,Exterior,11,N,,,,AFBOUW,In Progress,Site & External,27,Low,Y,,,Groundworks/Landscaping Subcontractor,,,,,,EXT-0,Subcontract,,,,,,,,,,,5,,,EUR,,
2XeGjIW4DD$Q8B54MkxXRb,IFCRAILING,Second Floor,,Site & External,Wall,Exterior,11,N,,,,AFBOUW,In Progress,Site & External,27,Low,Y,,,Groundworks/Landscaping Subcontractor,,,,,,EXT-0,Subcontract,,,,,,,,,,,5,,,EUR,,
24vQSbcN92TOxmunUjRgX6,IFCRAILING,Second Floor,,Site & External,Wall,Exterior,11,N,,,,AFBOUW,In Progress,Site & External,27,Low,Y,,,Groundworks/Landscaping Subcontractor,,,,,,EXT-0,Subcontract,,,,,,,,,,,5,,,EUR,,
0zYXyPDxL5auGRALTCz_bx,IFCRAILING,Second Floor,,Site & External,Wall,Exterior,11,N,,,,AFBOUW,In Progress,Site & External,27,Low,Y,,,Groundworks/Landscaping Subcontractor,,,,,,EXT-0,Subcontract,,,,,,,,,,,5,,,EUR,,
1Y2Xz5kabEJx2M1UUviS71,IFCRAILING,Second Floor,,Site & External,Wall,Exterior,11,N,,,,AFBOUW,In Progress,Site & External,27,Low,Y,,,Groundworks/Landscaping Subcontractor,,,,,,EXT-0,Subcontract,,,,,,,,,,,5,,,EUR,,
3CMQf2OJH6YBcD79nUtMw0,IFCRAILING,Second Floor,,Site & External,Wall,Exterior,11,N,,,,AFBOUW,In Progress,Site & External,27,Low,Y,,,Groundworks/Landscaping Subcontractor,,,,,,EXT-0,Subcontract,,,,,,,,,,,5,,,EUR,,
3L2fUzvM18JRXMvi_HFisB,IFCRAILING,Second Floor,,Site & External,Wall,Exterior,11,N,,,,AFBOUW,In Progress,Site & External,27,Low,Y,,,Groundworks/Landscaping Subcontractor,,,,,,EXT-0,Subcontract,,,,,,,,,,,5,,,EUR,,
0VpKNQ$9fCAAgyLBv4rjWn,IFCRAILING,Second Floor,,Site & External,Wall,Exterior,11,N,,,,AFBOUW,In Progress,Site & External,27,Low,Y,,,Groundworks/Landscaping Subcontractor,,,,,,EXT-0,Subcontract,,,,,,,,,,,5,,,EUR,,
3MiF_WpoP8N9Hh8R8TEcJp,IFCRAILING,Second Floor,,Site & External,Wall,Exterior,11,N,,,,AFBOUW,In Progress,Site & External,27,Low,Y,,,Groundworks/Landscaping Subcontractor,,,,,,EXT-0,Subcontract,,,,,,,,,,,5,,,EUR,,
1eu8ngk854$evnd$QPrRsf,IFCRAILING,Second Floor,,Site & External,Wall,Exterior,11,N,,,,AFBOUW,In Progress,Site & External,27,Low,Y,,,Groundworks/Landscaping Subcontractor,,,,,,EXT-0,Subcontract,,,,,,,,,,,5,,,EUR,,
3x36ju8yjC2ew728PDBVhv,IFCRAILING,Second Floor,,Site & External,Wall,Exterior,11,N,,,,AFBOUW,In Progress,Site & External,27,Low,Y,,,Groundworks/Landscaping Subcontractor,,,,,,EXT-0,Subcontract,,,,,,,,,,,5,,,EUR,,
3c2hrdPxL4ihih105Tr2La,IFCRAILING,Second Floor,,Site & External,Wall,Exterior,11,N,,,,AFBOUW,In Progress,Site & External,27,Low,Y,,,Groundworks/Landscaping Subcontractor,,,,,,EXT-0,Subcontract,,,,,,,,,,,5,,,EUR,,
1eKQCZPOb0mfovg9ikZP$E,IFCRAILING,Second Floor,,Site & External,Wall,Exterior,11,N,,,,AFBOUW,In Progress,Site & External,27,Low,Y,,,Groundworks/Landscaping Subcontractor,,,,,,EXT-0,Subcontract,,,,,,,,,,,5,,,EUR,,
2QCntWGSf9MxHhI1elKAjJ,IFCRAILING,Second Floor,,Site & External,Wall,Exterior,11,N,,,,AFBOUW,In Progress,Site & External,27,Low,Y,,,Groundworks/Landscaping Subcontractor,,,,,,EXT-0,Subcontract,,,,,,,,,,,5,,,EUR,,
1qY54Y7TPA49KudgbcGIhQ,IFCRAILING,Second Floor,,Site & External,Wall,Exterior,11,N,,,,AFBOUW,In Progress,Site & External,27,Low,Y,,,Groundworks/Landscaping Subcontractor,,,,,,EXT-0,Subcontract,,,,,,,,,,,5,,,EUR,,
1APfFU__n83R4ra1XYtgu6,IFCRAILING,Second Floor,,Site & External,Wall,Exterior,11,N,,,,AFBOUW,In Progress,Site & External,27,Low,Y,,,Groundworks/Landscaping Subcontractor,,,,,,EXT-0,Subcontract,,,,,,,,,,,5,,,EUR,,
1DtFBJrsT9yQcdifhZoX3i,IFCRAILING,Second Floor,,Site & External,Wall,Exterior,11,N,,,,AFBOUW,In Progress,Site & External,27,Low,Y,,,Groundworks/Landscaping Subcontractor,,,,,,EXT-0,Subcontract,,,,,,,,,,,5,,,EUR,,
0AbS2GH2P94hXNOYagmx2C,IFCRAILING,Second Floor,,Site & External,Wall,Exterior,11,N,,,,AFBOUW,In Progress,Site & External,27,Low,Y,,,Groundworks/Landscaping Subcontractor,,,,,,EXT-0,Subcontract,,,,,,,,,,,5,,,EUR,,
3Q_hQpMLHCnxUrLPy5MlJq,IFCRAILING,Second Floor,,Site & External,Wall,Exterior,11,N,,,,AFBOUW,In Progress,Site & External,27,Low,Y,,,Groundworks/Landscaping Subcontractor,,,,,,EXT-0,Subcontract,,,,,,,,,,,5,,,EUR,,
0zgJo8u2H6Hv6t9viYmKxm,IFCRAILING,Second Floor,,Site & External,Wall,Exterior,11,N,,,,AFBOUW,In Progress,Site & External,27,Low,Y,,,Groundworks/Landscaping Subcontractor,,,,,,EXT-0,Subcontract,,,,,,,,,,,5,,,EUR,,
1RN0CQ6Lb1ku4LwN9DvM0W,IFCRAILING,Second Floor,,Site & External,Wall,Interior,11,N,,,,AFBOUW,In Progress,Site & External,27,Low,Y,,,Groundworks/Landscaping Subcontractor,,,,,,EXT-0,Subcontract,,,,,,,,,,,5,,,EUR,,
2$MSonz3z9Y9Jeihbq_AXi,IFCRAILING,Second Floor,,Site & External,Wall,Interior,11,N,,,,AFBOUW,In Progress,Site & External,27,Low,Y,,,Groundworks/Landscaping Subcontractor,,,,,,EXT-0,Subcontract,,,,,,,,,,,5,,,EUR,,
0BdZvEASv6CQzOF5XRxnwa,IFCRAILING,Third Floor,,Site & External,Wall,Exterior,11,N,,,,AFBOUW,In Progress,Site & External,27,Low,Y,,,Groundworks/Landscaping Subcontractor,,,,,,EXT-0,Subcontract,,,,,,,,,,,5,,,EUR,,
3GEaOjb217ev9MF3XCA4P8,IFCRAILING,Third Floor,,Site & External,Wall,Exterior,11,N,,,,AFBOUW,In Progress,Site & External,27,Low,Y,,,Groundworks/Landscaping Subcontractor,,,,,,EXT-0,Subcontract,,,,,,,,,,,5,,,EUR,,
05ajDVemL5uvOYzxRLkb$L,IFCRAILING,Third Floor,,Site & External,Wall,Exterior,11,N,,,,AFBOUW,In Progress,Site & External,27,Low,Y,,,Groundworks/Landscaping Subcontractor,,,,,,EXT-0,Subcontract,,,,,,,,,,,5,,,EUR,,
070iNkOUbFOhtuLKtsFL5C,IFCRAILING,Third Floor,,Site & External,Wall,Exterior,11,N,,,,AFBOUW,In Progress,Site & External,27,Low,Y,,,Groundworks/Landscaping Subcontractor,,,,,,EXT-0,Subcontract,,,,,,,,,,,5,,,EUR,,
28jKLIe0X0Ah4tPVOHU$ou,IFCRAILING,Third Floor,,Site & External,Wall,Exterior,11,N,,,,AFBOUW,In Progress,Site & External,27,Low,Y,,,Groundworks/Landscaping Subcontractor,,,,,,EXT-0,Subcontract,,,,,,,,,,,5,,,EUR,,
2sexmWFsn3Rwu0HEwxJaJd,IFCRAILING,Third Floor,,Site & External,Wall,Exterior,11,N,,,,AFBOUW,In Progress,Site & External,27,Low,Y,,,Groundworks/Landscaping Subcontractor,,,,,,EXT-0,Subcontract,,,,,,,,,,,5,,,EUR,,
3ke5ra4iT7aPGg739tq0zL,IFCRAILING,Third Floor,,Site & External,Wall,Exterior,11,N,,,,AFBOUW,In Progress,Site & External,27,Low,Y,,,Groundworks/Landscaping Subcontractor,,,,,,EXT-0,Subcontract,,,,,,,,,,,5,,,EUR,,
1wAo8RhUL6Nh2E75ITIH0g,IFCRAILING,Third Floor,,Site & External,Wall,Exterior,11,N,,,,AFBOUW,In Progress,Site & External,27,Low,Y,,,Groundworks/Landscaping Subcontractor,,,,,,EXT-0,Subcontract,,,,,,,,,,,5,,,EUR,,
3Vvdnq6hXF2Bda8sgYk3k1,IFCRAILING,Third Floor,,Site & External,Wall,Exterior,11,N,,,,AFBOUW,In Progress,Site & External,27,Low,Y,,,Groundworks/Landscaping Subcontractor,,,,,,EXT-0,Subcontract,,,,,,,,,,,5,,,EUR,,
1bsL1PPGP0xxu5vLj_m07q,IFCRAILING,Third Floor,,Site & External,Wall,Exterior,11,N,,,,AFBOUW,In Progress,Site & External,27,Low,Y,,,Groundworks/Landscaping Subcontractor,,,,,,EXT-0,Subcontract,,,,,,,,,,,5,,,EUR,,
3uSAdjkw9CheK9Wa_vvbhb,IFCRAILING,Third Floor,,Site & External,Wall,Exterior,11,N,,,,AFBOUW,In Progress,Site & External,27,Low,Y,,,Groundworks/Landscaping Subcontractor,,,,,,EXT-0,Subcontract,,,,,,,,,,,5,,,EUR,,
2$wd39Uf5Ewu3h$roxzxxr,IFCRAILING,Third Floor,,Site & External,Wall,Exterior,11,N,,,,AFBOUW,In Progress,Site & External,27,Low,Y,,,Groundworks/Landscaping Subcontractor,,,,,,EXT-0,Subcontract,,,,,,,,,,,5,,,EUR,,
0zQ1PSMITDMBDkf951bOnV,IFCRAILING,Third Floor,,Site & External,Wall,Exterior,11,N,,,,AFBOUW,In Progress,Site & External,27,Low,Y,,,Groundworks/Landscaping Subcontractor,,,,,,EXT-0,Subcontract,,,,,,,,,,,5,,,EUR,,
27ycuSSRf5cu8kU2IBAstQ,IFCRAILING,Third Floor,,Site & External,Wall,Exterior,11,N,,,,AFBOUW,In Progress,Site & External,27,Low,Y,,,Groundworks/Landscaping Subcontractor,,,,,,EXT-0,Subcontract,,,,,,,,,,,5,,,EUR,,
0XV2JAMy9FsO_611MuPEdE,IFCRAILING,Third Floor,,Site & External,Wall,Exterior,11,N,,,,AFBOUW,In Progress,Site & External,27,Low,Y,,,Groundworks/Landscaping Subcontractor,,,,,,EXT-0,Subcontract,,,,,,,,,,,5,,,EUR,,
13NPacY7jEZhGpdkn4GxV$,IFCRAILING,Third Floor,,Site & External,Wall,Exterior,11,N,,,,AFBOUW,In Progress,Site & External,27,Low,Y,,,Groundworks/Landscaping Subcontractor,,,,,,EXT-0,Subcontract,,,,,,,,,,,5,,,EUR,,
1VT50AUTP8L9rp6iFtPo$v,IFCRAILING,Third Floor,,Site & External,Wall,Exterior,11,N,,,,AFBOUW,In Progress,Site & External,27,Low,Y,,,Groundworks/Landscaping Subcontractor,,,,,,EXT-0,Subcontract,,,,,,,,,,,5,,,EUR,,
3i4Sz9JIX568dmh1bgNUzr,IFCRAILING,Third Floor,,Site & External,Wall,Exterior,11,N,,,,AFBOUW,In Progress,Site & External,27,Low,Y,,,Groundworks/Landscaping Subcontractor,,,,,,EXT-0,Subcontract,,,,,,,,,,,5,,,EUR,,
08kQxXlpj2LfOhfG5JnAe5,IFCRAILING,Third Floor,,Site & External,Wall,Exterior,11,N,,,,AFBOUW,In Progress,Site & External,27,Low,Y,,,Groundworks/Landscaping Subcontractor,,,,,,EXT-0,Subcontract,,,,,,,,,,,5,,,EUR,,
3zjI9arYLFPOwI_s2qR5q8,IFCRAILING,Third Floor,,Site & External,Wall,Exterior,11,N,,,,AFBOUW,In Progress,Site & External,27,Low,Y,,,Groundworks/Landscaping Subcontractor,,,,,,EXT-0,Subcontract,,,,,,,,,,,5,,,EUR,,
1HQGFZa79CiRrtzPU0iA54,IFCRAILING,Third Floor,,Site & External,Wall,Interior,11,N,,,,AFBOUW,In Progress,Site & External,27,Low,Y,,,Groundworks/Landscaping Subcontractor,,,,,,EXT-0,Subcontract,,,,,,,,,,,5,,,EUR,,
3THh6wol9DE9p0sKC2_JQR,IFCSLAB,Foundation,,Structural,Floor,Exterior,4,N,,Original,,UITVOERING,In Progress,Structural,75,High,Y,,,Main Contractor - Structural Crew,,,,130,,STR-0,Subcontract,,,,,,,,,,,5,,,EUR,,
3n$0aQqvnCVgLMGYDxwc9U,IFCSLAB,Ground Floor,,Structural,Floor,Exterior,1,N,44,Original,,UITVOERING,Complete,Structural,100,High,N,8 hrs (1 day),5.6,Main Contractor - Structural Crew,1.0036,40,,,40,STR-0,Subcontract,"Surveying / setting out, ground floor slab",176.08,556.88,986.05,1542.93,1658.66,115.73,7.5,1779.47,1658.66,5,82.93,Invoiced,EUR,2015-04-10,
152mZBEq1ABBFkricfATYn,IFCSLAB,Ground Floor,,Structural,Floor,Exterior,1,N,44,Original,,UITVOERING,Complete,Structural,100,High,N,8 hrs (1 day),5.6,Main Contractor - Structural Crew,1.0036,40,,,40,STR-0,Subcontract,"Surveying / setting out, ground floor slab",176.08,556.88,986.05,1542.93,1658.66,115.73,7.5,1779.47,1658.66,5,82.93,Invoiced,EUR,2015-04-10,
1BHDU1gL97UfslrSbfRmfy,IFCSLAB,Ground Floor,,Structural,Floor,Exterior,1,N,44,Original,,UITVOERING,Complete,Structural,100,High,N,8 hrs (1 day),5.6,Main Contractor - Structural Crew,1.0036,40,,,40,STR-0,Subcontract,"Surveying / setting out, ground floor slab",176.08,556.88,986.05,1542.93,1658.66,115.73,7.5,1779.47,1658.66,5,82.93,Invoiced,EUR,2015-04-10,
0GZ1cjigvCbhA8smeI2EOl,IFCSLAB,Ground Floor,,Structural,Floor,Exterior,1,N,44,Original,,UITVOERING,Complete,Structural,100,High,N,8 hrs (1 day),5.6,Main Contractor - Structural Crew,1.0036,40,,,40,STR-0,Subcontract,"Surveying / setting out, ground floor slab",176.08,556.88,986.05,1542.93,1658.66,115.73,7.5,1779.47,1658.66,5,82.93,Invoiced,EUR,2015-04-10,
3KFzTADcbBYg2niuF4VUeU,IFCSLAB,Ground Floor,,Structural,Floor,Exterior,1,N,44,Original,,UITVOERING,Complete,Structural,100,High,N,8 hrs (1 day),5.6,Main Contractor - Structural Crew,1.0036,40,,,40,STR-0,Subcontract,"Surveying / setting out, ground floor slab",176.08,556.88,986.05,1542.93,1658.66,115.73,7.5,1779.47,1658.66,5,82.93,Invoiced,EUR,2015-04-10,
1JLZkkp4vD_Ph$NdsQnOJw,IFCSLAB,Ground Floor,,Structural,Floor,Exterior,1,N,44,Original,,UITVOERING,Complete,Structural,100,High,N,8 hrs (1 day),5.6,Main Contractor - Structural Crew,1.0036,40,,,40,STR-0,Subcontract,"Surveying / setting out, ground floor slab",176.08,556.88,986.05,1542.93,1658.66,115.73,7.5,1779.47,1658.66,5,82.93,Invoiced,EUR,2015-04-10,
3c6u9NZVTBmu7ySb3d4Kyx,IFCSLAB,Ground Floor,,Structural,Floor,Exterior,1,N,44,Original,,UITVOERING,Complete,Structural,100,High,N,8 hrs (1 day),5.6,Main Contractor - Structural Crew,1.0036,40,,,40,STR-0,Subcontract,"Surveying / setting out, ground floor slab",176.08,556.88,986.05,1542.93,1658.66,115.73,7.5,1779.47,1658.66,5,82.93,Invoiced,EUR,2015-04-10,
2xho8b5LT0bvdcb_$4vT1A,IFCSLAB,Ground Floor,,Structural,Floor,Exterior,1,N,44,Original,,UITVOERING,Complete,Structural,100,High,N,8 hrs (1 day),5.6,Main Contractor - Structural Crew,1.0036,40,,,40,STR-0,Subcontract,"Surveying / setting out, ground floor slab",176.08,556.88,986.05,1542.93,1658.66,115.73,7.5,1779.47,1658.66,5,82.93,Invoiced,EUR,2015-04-10,
1ezF2lk9bATPGbDzbqi3lV,IFCSLAB,Ground Floor,,Structural,Floor,Exterior,1,N,44,Original,,UITVOERING,Complete,Structural,100,High,N,8 hrs (1 day),5.6,Main Contractor - Structural Crew,1.0036,40,,,40,STR-0,Subcontract,"Surveying / setting out, ground floor slab",176.08,556.88,986.05,1542.93,1658.66,115.73,7.5,1779.47,1658.66,5,82.93,Invoiced,EUR,2015-04-10,
0Du7sXlKf9Q9osiRbTp0DB,IFCSLAB,Ground Floor,,Structural,Floor,Exterior,1,N,44,Original,,UITVOERING,Complete,Structural,100,High,N,8 hrs (1 day),5.6,Main Contractor - Structural Crew,1.0036,40,,,40,STR-0,Subcontract,"Surveying / setting out, ground floor slab",176.08,556.88,986.05,1542.93,1658.66,115.73,7.5,1779.47,1658.66,5,82.93,Invoiced,EUR,2015-04-10,
2q30Qb1_LBxgFSuRvgl_Fw,IFCSLAB,Ground Floor,,Structural,Floor,Exterior,1,N,44,Original,,UITVOERING,Complete,Structural,100,High,N,8 hrs (1 day),5.6,Main Contractor - Structural Crew,1.0036,40,,,40,STR-0,Subcontract,"Surveying / setting out, ground floor slab",176.08,556.88,986.05,1542.93,1658.66,115.73,7.5,1779.47,1658.66,5,82.93,Invoiced,EUR,2015-04-10,
34UVZsoiL7SxjW6pAa_Hb9,IFCSLAB,Ground Floor,,Structural,Floor,Exterior,1,N,44,Original,,UITVOERING,Complete,Structural,100,High,N,8 hrs (1 day),5.6,Main Contractor - Structural Crew,1.0036,40,,,40,STR-0,Subcontract,"Surveying / setting out, ground floor slab",176.08,556.88,986.05,1542.93,1658.66,115.73,7.5,1779.47,1658.66,5,82.93,Invoiced,EUR,2015-04-10,
0Xrfa1Yov20v9aSa2Qy1KU,IFCSLAB,Ground Floor,,Structural,Floor,Exterior,1,N,44,Original,,UITVOERING,Complete,Structural,100,High,N,8 hrs (1 day),5.6,Main Contractor - Structural Crew,1.0036,40,,,40,STR-0,Subcontract,"Surveying / setting out, ground floor slab",176.08,556.88,986.05,1542.93,1658.66,115.73,7.5,1779.47,1658.66,5,82.93,Invoiced,EUR,2015-04-10,
2S1cg7ETr61vJ48aHPK75L,IFCSLAB,Ground Floor,,Structural,Floor,Exterior,1,N,44,Original,,UITVOERING,Complete,Structural,100,High,N,8 hrs (1 day),5.6,Main Contractor - Structural Crew,1.0036,40,,,40,STR-0,Subcontract,"Surveying / setting out, ground floor slab",176.08,556.88,986.05,1542.93,1658.66,115.73,7.5,1779.47,1658.66,5,82.93,Invoiced,EUR,2015-04-10,
3er4Hi5O59lhIte0bi4WUx,IFCSLAB,Ground Floor,,Structural,Floor,Exterior,1,N,44,Original,,UITVOERING,Complete,Structural,100,High,N,8 hrs (1 day),5.6,Main Contractor - Structural Crew,1.0036,40,,,40,STR-0,Subcontract,"Surveying / setting out, ground floor slab",176.08,556.88,986.05,1542.93,1658.66,115.73,7.5,1779.47,1658.66,5,82.93,Invoiced,EUR,2015-04-10,
2en633GqrDIwmtA9fYzxWS,IFCSLAB,Ground Floor,,Structural,Floor,Exterior,1,N,44,Original,,UITVOERING,Complete,Structural,100,High,N,8 hrs (1 day),5.6,Main Contractor - Structural Crew,1.0036,40,,,40,STR-0,Subcontract,"Surveying / setting out, ground floor slab",176.08,556.88,986.05,1542.93,1658.66,115.73,7.5,1779.47,1658.66,5,82.93,Invoiced,EUR,2015-04-10,
1ubXcoJq9Fj9FIjV4W5qwB,IFCSLAB,Ground Floor,,Structural,Floor,Exterior,1,N,44,Original,,UITVOERING,Complete,Structural,100,High,N,8 hrs (1 day),5.6,Main Contractor - Structural Crew,1.0036,40,,,40,STR-0,Subcontract,"Surveying / setting out, ground floor slab",176.08,556.88,986.05,1542.93,1658.66,115.73,7.5,1779.47,1658.66,5,82.93,Invoiced,EUR,2015-04-10,
2kLPA4gDD7KxNUCt_3L$np,IFCSLAB,Ground Floor,,Structural,Floor,Exterior,1,N,44,Original,,UITVOERING,Complete,Structural,100,High,N,8 hrs (1 day),5.6,Main Contractor - Structural Crew,1.0036,40,,,40,STR-0,Subcontract,"Surveying / setting out, ground floor slab",176.08,556.88,986.05,1542.93,1658.66,115.73,7.5,1779.47,1658.66,5,82.93,Invoiced,EUR,2015-04-10,
2aob8QCl16Q8N5ZYzE4b9k,IFCSLAB,Ground Floor,,Structural,Floor,Exterior,1,N,44,Original,,UITVOERING,Complete,Structural,100,High,N,8 hrs (1 day),5.6,Main Contractor - Structural Crew,1.0036,40,,,40,STR-0,Subcontract,"Surveying / setting out, ground floor slab",176.08,556.88,986.05,1542.93,1658.66,115.73,7.5,1779.47,1658.66,5,82.93,Invoiced,EUR,2015-04-10,
2DoYNgCXz1jwarhecdsY1w,IFCSLAB,Ground Floor,,Structural,Floor,Exterior,1,N,44,Original,,UITVOERING,Complete,Structural,100,High,N,8 hrs (1 day),5.6,Main Contractor - Structural Crew,1.0036,40,,,40,STR-0,Subcontract,"Surveying / setting out, ground floor slab",176.08,556.88,986.05,1542.93,1658.66,115.73,7.5,1779.47,1658.66,5,82.93,Invoiced,EUR,2015-04-10,
2ZJwwyMMvB5OA8maPq1bML,IFCSLAB,Ground Floor,,Structural,Floor,Exterior,1,N,44,Original,,UITVOERING,Complete,Structural,100,High,N,8 hrs (1 day),5.6,Main Contractor - Structural Crew,1.0036,40,,,40,STR-0,Subcontract,"Surveying / setting out, ground floor slab",176.08,556.88,986.05,1542.93,1658.66,115.73,7.5,1779.47,1658.66,5,82.93,Invoiced,EUR,2015-04-10,
1ZG4DbpJf0lf8Ak2_bQJHW,IFCSLAB,Ground Floor,,Structural,Floor,Exterior,1,N,44,Original,,UITVOERING,Complete,Structural,100,High,N,8 hrs (1 day),5.6,Main Contractor - Structural Crew,1.0036,40,,,40,STR-0,Subcontract,"Surveying / setting out, ground floor slab",176.08,556.88,986.05,1542.93,1658.66,115.73,7.5,1779.47,1658.66,5,82.93,Invoiced,EUR,2015-04-10,
1YpnSB4hH71g3zKepeErHS,IFCSLAB,Ground Floor,,Structural,Floor,Exterior,1,N,44,Original,,UITVOERING,Complete,Structural,100,High,N,8 hrs (1 day),5.6,Main Contractor - Structural Crew,1.0036,40,,,40,STR-0,Subcontract,"Surveying / setting out, ground floor slab",176.08,556.88,986.05,1542.93,1658.66,115.73,7.5,1779.47,1658.66,5,82.93,Invoiced,EUR,2015-04-10,
1s_IKjunz8NgE4RwXYmqYm,IFCSLAB,Ground Floor,,Structural,Floor,Exterior,1,N,44,Original,,UITVOERING,Complete,Structural,100,High,N,8 hrs (1 day),5.6,Main Contractor - Structural Crew,1.0036,40,,,40,STR-0,Subcontract,"Surveying / setting out, ground floor slab",176.08,556.88,986.05,1542.93,1658.66,115.73,7.5,1779.47,1658.66,5,82.93,Invoiced,EUR,2015-04-10,
1stCMPwc91r80V5f3OShVm,IFCSLAB,Ground Floor,,Structural,Floor,Exterior,1,N,44,Original,,UITVOERING,Complete,Structural,100,High,N,8 hrs (1 day),5.6,Main Contractor - Structural Crew,1.0036,40,,,40,STR-0,Subcontract,"Surveying / setting out, ground floor slab",176.08,556.88,986.05,1542.93,1658.66,115.73,7.5,1779.47,1658.66,5,82.93,Invoiced,EUR,2015-04-10,
097m$Ifmb1VeHfyhSCj60L,IFCSLAB,Ground Floor,,Structural,Floor,Exterior,1,N,44,Original,,UITVOERING,Complete,Structural,100,High,N,8 hrs (1 day),5.6,Main Contractor - Structural Crew,1.0036,40,,,40,STR-0,Subcontract,"Surveying / setting out, ground floor slab",176.08,556.88,986.05,1542.93,1658.66,115.73,7.5,1779.47,1658.66,5,82.93,Invoiced,EUR,2015-04-10,
2xLeotJhnB4e2jMPGUDqwD,IFCSLAB,Ground Floor,,Structural,Floor,Exterior,1,N,44,Original,,UITVOERING,Complete,Structural,100,High,N,8 hrs (1 day),5.6,Main Contractor - Structural Crew,1.0036,40,,,40,STR-0,Subcontract,"Surveying / setting out, ground floor slab",176.08,556.88,986.05,1542.93,1658.66,115.73,7.5,1779.47,1658.66,5,82.93,Invoiced,EUR,2015-04-10,
03t_5XD1v8geHDbzKHx$PA,IFCSLAB,Ground Floor,,Structural,Floor,Exterior,1,N,44,Original,,UITVOERING,Complete,Structural,100,High,N,8 hrs (1 day),5.6,Main Contractor - Structural Crew,1.0036,40,,,40,STR-0,Subcontract,"Surveying / setting out, ground floor slab",176.08,556.88,986.05,1542.93,1658.66,115.73,7.5,1779.47,1658.66,5,82.93,Invoiced,EUR,2015-04-10,
1d0MiLLsLCdBSuTHp6ynR7,IFCSLAB,Ground Floor,,Structural,Floor,Exterior,1,N,44,Original,,UITVOERING,Complete,Structural,100,High,N,8 hrs (1 day),5.6,Main Contractor - Structural Crew,1.0036,40,,,40,STR-0,Subcontract,"Surveying / setting out, ground floor slab",176.08,556.88,986.05,1542.93,1658.66,115.73,7.5,1779.47,1658.66,5,82.93,Invoiced,EUR,2015-04-10,
0mRsPczVDDeB_LBFOgCxdq,IFCSLAB,Ground Floor,,Structural,Floor,Exterior,1,N,44,Original,,UITVOERING,Complete,Structural,100,High,N,8 hrs (1 day),5.6,Main Contractor - Structural Crew,1.0036,40,,,40,STR-0,Subcontract,"Surveying / setting out, ground floor slab",176.08,556.88,986.05,1542.93,1658.66,115.73,7.5,1779.47,1658.66,5,82.93,Invoiced,EUR,2015-04-10,
1pSInisE96t8p52fxSGYjG,IFCSLAB,Ground Floor,,Structural,Floor,Exterior,1,N,44,Original,,UITVOERING,Complete,Structural,100,High,N,8 hrs (1 day),5.6,Main Contractor - Structural Crew,1.0036,40,,,40,STR-0,Subcontract,"Surveying / setting out, ground floor slab",176.08,556.88,986.05,1542.93,1658.66,115.73,7.5,1779.47,1658.66,5,82.93,Invoiced,EUR,2015-04-10,
08Su0zaR5EXQNO6ngU$Nih,IFCSLAB,Ground Floor,,Structural,Floor,Exterior,1,N,44,Original,,UITVOERING,Complete,Structural,100,High,N,8 hrs (1 day),5.6,Main Contractor - Structural Crew,1.0036,40,,,40,STR-0,Subcontract,"Surveying / setting out, ground floor slab",176.08,556.88,986.05,1542.93,1658.66,115.73,7.5,1779.47,1658.66,5,82.93,Invoiced,EUR,2015-04-10,
1ZgBbxSDX0C9d8RHMnr9Bd,IFCSLAB,Ground Floor,,Structural,Floor,Exterior,1,N,44,Original,,UITVOERING,Complete,Structural,100,High,N,8 hrs (1 day),5.6,Main Contractor - Structural Crew,1.0036,40,,,40,STR-0,Subcontract,"Surveying / setting out, ground floor slab",176.08,556.88,986.05,1542.93,1658.66,115.73,7.5,1779.47,1658.66,5,82.93,Invoiced,EUR,2015-04-10,
0Fi5splwH1mPAxYGMuuTQ1,IFCSLAB,Ground Floor,,Structural,Floor,Exterior,1,N,44,Original,,UITVOERING,Complete,Structural,100,High,N,8 hrs (1 day),5.6,Main Contractor - Structural Crew,1.0036,40,,,40,STR-0,Subcontract,"Surveying / setting out, ground floor slab",176.08,556.88,986.05,1542.93,1658.66,115.73,7.5,1779.47,1658.66,5,82.93,Invoiced,EUR,2015-04-10,
2PngXSH2j6u99nI0sIn2o5,IFCSLAB,Ground Floor,,Structural,Floor,Exterior,1,N,44,Original,,UITVOERING,Complete,Structural,100,High,N,8 hrs (1 day),5.6,Main Contractor - Structural Crew,1.0036,40,,,40,STR-0,Subcontract,"Surveying / setting out, ground floor slab",176.08,556.88,986.05,1542.93,1658.66,115.73,7.5,1779.47,1658.66,5,82.93,Invoiced,EUR,2015-04-10,
3_HjQT0vD1POpnG530wEp7,IFCSLAB,Ground Floor,,Structural,Floor,Exterior,1,N,44,Original,,UITVOERING,Complete,Structural,100,High,N,8 hrs (1 day),5.6,Main Contractor - Structural Crew,1.0036,40,,,40,STR-0,Subcontract,"Surveying / setting out, ground floor slab",176.08,556.88,986.05,1542.93,1658.66,115.73,7.5,1779.47,1658.66,5,82.93,Invoiced,EUR,2015-04-10,
1nFD6aK1vEMPoRETGtTcaG,IFCSLAB,Ground Floor,,Structural,Floor,Exterior,1,N,44,Original,,UITVOERING,Complete,Structural,100,High,N,8 hrs (1 day),5.6,Main Contractor - Structural Crew,1.0036,40,,,40,STR-0,Subcontract,"Surveying / setting out, ground floor slab",176.08,556.88,986.05,1542.93,1658.66,115.73,7.5,1779.47,1658.66,5,82.93,Invoiced,EUR,2015-04-10,
2jfgBlXC5DqAtt9Imu_ZDa,IFCSLAB,Ground Floor,,Structural,Floor,Exterior,1,N,44,Original,,UITVOERING,Complete,Structural,100,High,N,8 hrs (1 day),5.6,Main Contractor - Structural Crew,1.0036,40,,,40,STR-0,Subcontract,"Surveying / setting out, ground floor slab",176.08,556.88,986.05,1542.93,1658.66,115.73,7.5,1779.47,1658.66,5,82.93,Invoiced,EUR,2015-04-10,
16GzHPPq1BKv2r3QIxB1$6,IFCSLAB,Ground Floor,,Structural,Floor,Exterior,1,N,44,Original,,UITVOERING,Complete,Structural,100,High,N,8 hrs (1 day),5.6,Main Contractor - Structural Crew,1.0036,40,,,40,STR-0,Subcontract,"Surveying / setting out, ground floor slab",176.08,556.88,986.05,1542.93,1658.66,115.73,7.5,1779.47,1658.66,5,82.93,Invoiced,EUR,2015-04-10,
1IlNDv2PvF_hqZ997BA_c0,IFCSLAB,Ground Floor,,Structural,Floor,Exterior,1,N,44,Original,,UITVOERING,Complete,Structural,100,High,N,8 hrs (1 day),5.6,Main Contractor - Structural Crew,1.0036,40,,,40,STR-0,Subcontract,"Surveying / setting out, ground floor slab",176.08,556.88,986.05,1542.93,1658.66,115.73,7.5,1779.47,1658.66,5,82.93,Invoiced,EUR,2015-04-10,
2dWeqcZXj94QwNPbNEIcDK,IFCSLAB,Ground Floor,,Structural,Floor,Exterior,1,N,44,Original,,UITVOERING,Complete,Structural,100,High,N,8 hrs (1 day),5.6,Main Contractor - Structural Crew,1.0036,40,,,40,STR-0,Subcontract,"Surveying / setting out, ground floor slab",176.08,556.88,986.05,1542.93,1658.66,115.73,7.5,1779.47,1658.66,5,82.93,Invoiced,EUR,2015-04-10,
2ip6lMIlb0Awnp24k3KfFY,IFCSLAB,Ground Floor,,Structural,Floor,Exterior,1,N,44,Original,,UITVOERING,Complete,Structural,100,High,N,8 hrs (1 day),5.6,Main Contractor - Structural Crew,1.0036,40,,,40,STR-0,Subcontract,"Surveying / setting out, ground floor slab",176.08,556.88,986.05,1542.93,1658.66,115.73,7.5,1779.47,1658.66,5,82.93,Invoiced,EUR,2015-04-10,
3$gsVev9X1F8KTRxQi7mEd,IFCSLAB,Ground Floor,,Structural,Floor,Exterior,1,N,44,Original,,UITVOERING,Complete,Structural,100,High,N,8 hrs (1 day),5.6,Main Contractor - Structural Crew,1.0036,40,,,40,STR-0,Subcontract,"Surveying / setting out, ground floor slab",176.08,556.88,986.05,1542.93,1658.66,115.73,7.5,1779.47,1658.66,5,82.93,Invoiced,EUR,2015-04-10,
1EU0692GvC8Rre0xYHuYMJ,IFCSLAB,Ground Floor,,Structural,Floor,Exterior,1,N,44,Original,,UITVOERING,Complete,Structural,100,High,N,8 hrs (1 day),5.6,Main Contractor - Structural Crew,1.0036,40,,,40,STR-0,Subcontract,"Surveying / setting out, ground floor slab",176.08,556.88,986.05,1542.93,1658.66,115.73,7.5,1779.47,1658.66,5,82.93,Invoiced,EUR,2015-04-10,
2EK7acXG14vgx_QU1OeZ7J,IFCSLAB,Ground Floor,,Structural,Floor,Exterior,1,N,44,Original,,UITVOERING,Complete,Structural,100,High,N,8 hrs (1 day),5.6,Main Contractor - Structural Crew,1.0036,40,,,40,STR-0,Subcontract,"Surveying / setting out, ground floor slab",176.08,556.88,986.05,1542.93,1658.66,115.73,7.5,1779.47,1658.66,5,82.93,Invoiced,EUR,2015-04-10,
1vpshNcXb0UeBNhC5kKbgC,IFCSLAB,Ground Floor,,Structural,Floor,Exterior,1,N,44,Original,,UITVOERING,Complete,Structural,100,High,N,8 hrs (1 day),5.6,Main Contractor - Structural Crew,1.0036,40,,,40,STR-0,Subcontract,"Surveying / setting out, ground floor slab",176.08,556.88,986.05,1542.93,1658.66,115.73,7.5,1779.47,1658.66,5,82.93,Invoiced,EUR,2015-04-10,
1hiPVVgU11kOxHw3SC63rG,IFCSLAB,Ground Floor,,Structural,Floor,Exterior,1,N,44,Original,,UITVOERING,Complete,Structural,100,High,N,8 hrs (1 day),5.6,Main Contractor - Structural Crew,1.0036,40,,,40,STR-0,Subcontract,"Surveying / setting out, ground floor slab",176.08,556.88,986.05,1542.93,1658.66,115.73,7.5,1779.47,1658.66,5,82.93,Invoiced,EUR,2015-04-10,
2LoDEf2jP0b9CMdtWhwNOO,IFCSLAB,Ground Floor,,Structural,Floor,Exterior,1,N,44,Original,,UITVOERING,Complete,Structural,100,High,N,8 hrs (1 day),5.6,Main Contractor - Structural Crew,1.0036,40,,,40,STR-0,Subcontract,"Surveying / setting out, ground floor slab",176.08,556.88,986.05,1542.93,1658.66,115.73,7.5,1779.47,1658.66,5,82.93,Invoiced,EUR,2015-04-10,
3UgqfaQcn7kwp58pqnjWYX,IFCSLAB,Ground Floor,,Structural,Floor,Exterior,1,N,44,Original,,UITVOERING,Complete,Structural,100,High,N,8 hrs (1 day),5.6,Main Contractor - Structural Crew,1.0036,40,,,40,STR-0,Subcontract,"Surveying / setting out, ground floor slab",176.08,556.88,986.05,1542.93,1658.66,115.73,7.5,1779.47,1658.66,5,82.93,Invoiced,EUR,2015-04-10,
3ctpV8GSz3JPQfqe2o$oED,IFCSLAB,Ground Floor,,Structural,Floor,Exterior,1,N,44,Original,,UITVOERING,Complete,Structural,100,High,N,8 hrs (1 day),5.6,Main Contractor - Structural Crew,1.0036,40,,,40,STR-0,Subcontract,"Surveying / setting out, ground floor slab",176.08,556.88,986.05,1542.93,1658.66,115.73,7.5,1779.47,1658.66,5,82.93,Invoiced,EUR,2015-04-10,
0jxtYk_DPFmfsr5FLf4yfo,IFCSLAB,Ground Floor,,Structural,Floor,Exterior,1,N,44,Original,,UITVOERING,Complete,Structural,100,High,N,8 hrs (1 day),5.6,Main Contractor - Structural Crew,1.0036,40,,,40,STR-0,Subcontract,"Surveying / setting out, ground floor slab",176.08,556.88,986.05,1542.93,1658.66,115.73,7.5,1779.47,1658.66,5,82.93,Invoiced,EUR,2015-04-10,
07Mt9VfSXBPhNIIEhg25gT,IFCSLAB,Ground Floor,Apartment 1,Structural,Floor,Interior,1,N,44,Original,,UITVOERING,Complete,Structural,100,High,N,8 hrs (1 day),5.6,Main Contractor - Structural Crew,1.0036,40,,,40,STR-0,Subcontract,"Surveying / setting out, ground floor slab",176.08,556.88,986.05,1542.93,1658.66,115.73,7.5,1779.47,1658.66,5,82.93,Invoiced,EUR,2015-04-10,
30X9aYMbfA3vABGnSJSZLO,IFCSLAB,Ground Floor,Apartment 1,Structural,Floor,Interior,1,N,44,Original,,UITVOERING,Complete,Structural,100,High,N,8 hrs (1 day),5.6,Main Contractor - Structural Crew,1.0036,40,,,40,STR-0,Subcontract,"Surveying / setting out, ground floor slab",176.08,556.88,986.05,1542.93,1658.66,115.73,7.5,1779.47,1658.66,5,82.93,Invoiced,EUR,2015-04-10,
39SjBu3a1E$APuKEawG581,IFCSLAB,Ground Floor,,Structural,Floor,Exterior,1,N,44,Original,,UITVOERING,Complete,Structural,100,High,N,8 hrs (1 day),5.6,Main Contractor - Structural Crew,1.0036,40,,,40,STR-0,Subcontract,"Surveying / setting out, ground floor slab",176.08,556.88,986.05,1542.93,1658.66,115.73,7.5,1779.47,1658.66,5,82.93,Invoiced,EUR,2015-04-10,
1z36FH34L0DAymH2KSHwC2,IFCSLAB,Ground Floor,Apartment 1,Structural,Floor,Interior,1,N,44,Original,,UITVOERING,Complete,Structural,100,High,N,8 hrs (1 day),5.6,Main Contractor - Structural Crew,1.0036,40,,,40,STR-0,Subcontract,"Surveying / setting out, ground floor slab",176.08,556.88,986.05,1542.93,1658.66,115.73,7.5,1779.47,1658.66,5,82.93,Invoiced,EUR,2015-04-10,
0QGCC$bkn95gfJjhCRK1S$,IFCSLAB,Ground Floor,Apartment 1,Structural,Floor,Interior,1,N,44,Original,,UITVOERING,Complete,Structural,100,High,N,8 hrs (1 day),5.6,Main Contractor - Structural Crew,1.0036,40,,,40,STR-0,Subcontract,"Surveying / setting out, ground floor slab",176.08,556.88,986.05,1542.93,1658.66,115.73,7.5,1779.47,1658.66,5,82.93,Invoiced,EUR,2015-04-10,
0Lv4sEWdn9WfY3cCL$tL9r,IFCSLAB,Ground Floor,Apartment 1,Structural,Floor,Interior,1,N,44,Original,,UITVOERING,Complete,Structural,100,High,N,8 hrs (1 day),5.6,Main Contractor - Structural Crew,1.0036,40,,,40,STR-0,Subcontract,"Surveying / setting out, ground floor slab",176.08,556.88,986.05,1542.93,1658.66,115.73,7.5,1779.47,1658.66,5,82.93,Invoiced,EUR,2015-04-10,
37UC2ejVH0mQsQEsti1ePj,IFCSLAB,Ground Floor,Apartment 1,Structural,Floor,Interior,1,N,44,Original,,UITVOERING,Complete,Structural,100,High,N,8 hrs (1 day),5.6,Main Contractor - Structural Crew,1.0036,40,,,40,STR-0,Subcontract,"Surveying / setting out, ground floor slab",176.08,556.88,986.05,1542.93,1658.66,115.73,7.5,1779.47,1658.66,5,82.93,Invoiced,EUR,2015-04-10,
1FrPU10uj5vRBM$ME6kjwV,IFCSLAB,Ground Floor,Apartment 2,Structural,Floor,Interior,1,N,44,Original,,UITVOERING,Complete,Structural,100,High,N,8 hrs (1 day),5.6,Main Contractor - Structural Crew,1.0036,40,,,40,STR-0,Subcontract,"Surveying / setting out, ground floor slab",176.08,556.88,986.05,1542.93,1658.66,115.73,7.5,1779.47,1658.66,5,82.93,Invoiced,EUR,2015-04-10,
1m_qhh$In8cv9sJA57EIx9,IFCSLAB,Ground Floor,Apartment 2,Structural,Floor,Interior,1,N,44,Original,,UITVOERING,Complete,Structural,100,High,N,8 hrs (1 day),5.6,Main Contractor - Structural Crew,1.0036,40,,,40,STR-0,Subcontract,"Surveying / setting out, ground floor slab",176.08,556.88,986.05,1542.93,1658.66,115.73,7.5,1779.47,1658.66,5,82.93,Invoiced,EUR,2015-04-10,
2DcZS4kev35vv_ejuKPKPl,IFCSLAB,Ground Floor,Apartment 1,Structural,Floor,Interior,1,N,44,Original,,UITVOERING,Complete,Structural,100,High,N,8 hrs (1 day),5.6,Main Contractor - Structural Crew,1.0036,40,,,40,STR-0,Subcontract,"Surveying / setting out, ground floor slab",176.08,556.88,986.05,1542.93,1658.66,115.73,7.5,1779.47,1658.66,5,82.93,Invoiced,EUR,2015-04-10,
2ZCCQn6f5CnA2EvHQZH92C,IFCSLAB,Ground Floor,Apartment 2,Structural,Floor,Interior,1,N,44,Original,,UITVOERING,Complete,Structural,100,High,N,8 hrs (1 day),5.6,Main Contractor - Structural Crew,1.0036,40,,,40,STR-0,Subcontract,"Surveying / setting out, ground floor slab",176.08,556.88,986.05,1542.93,1658.66,115.73,7.5,1779.47,1658.66,5,82.93,Invoiced,EUR,2015-04-10,
09n_zCJi9B28tPtQw6BxUr,IFCSLAB,Ground Floor,Apartment 2,Structural,Floor,Interior,1,N,44,Original,,UITVOERING,Complete,Structural,100,High,N,8 hrs (1 day),5.6,Main Contractor - Structural Crew,1.0036,40,,,40,STR-0,Subcontract,"Surveying / setting out, ground floor slab",176.08,556.88,986.05,1542.93,1658.66,115.73,7.5,1779.47,1658.66,5,82.93,Invoiced,EUR,2015-04-10,
2dHfVnv319IQI87h$OrLBS,IFCSLAB,Ground Floor,Apartment 2,Structural,Floor,Interior,1,N,44,Original,,UITVOERING,Complete,Structural,100,High,N,8 hrs (1 day),5.6,Main Contractor - Structural Crew,1.0036,40,,,40,STR-0,Subcontract,"Surveying / setting out, ground floor slab",176.08,556.88,986.05,1542.93,1658.66,115.73,7.5,1779.47,1658.66,5,82.93,Invoiced,EUR,2015-04-10,
3kdu3VxUzF1R6ZJfnANstW,IFCSLAB,Ground Floor,Apartment 2,Structural,Floor,Interior,1,N,44,Original,,UITVOERING,Complete,Structural,100,High,N,8 hrs (1 day),5.6,Main Contractor - Structural Crew,1.0036,40,,,40,STR-0,Subcontract,"Surveying / setting out, ground floor slab",176.08,556.88,986.05,1542.93,1658.66,115.73,7.5,1779.47,1658.66,5,82.93,Invoiced,EUR,2015-04-10,
3PMBte07rF1u4WPaQp467x,IFCSLAB,Ground Floor,Apartment 2,Structural,Floor,Interior,1,N,44,Original,,UITVOERING,Complete,Structural,100,High,N,8 hrs (1 day),5.6,Main Contractor - Structural Crew,1.0036,40,,,40,STR-0,Subcontract,"Surveying / setting out, ground floor slab",176.08,556.88,986.05,1542.93,1658.66,115.73,7.5,1779.47,1658.66,5,82.93,Invoiced,EUR,2015-04-10,
0HSv6PpbD2BfTJigk5W2Ro,IFCSLAB,Ground Floor,Apartment 2,Structural,Floor,Interior,1,N,44,Original,,UITVOERING,Complete,Structural,100,High,N,8 hrs (1 day),5.6,Main Contractor - Structural Crew,1.0036,40,,,40,STR-0,Subcontract,"Surveying / setting out, ground floor slab",176.08,556.88,986.05,1542.93,1658.66,115.73,7.5,1779.47,1658.66,5,82.93,Invoiced,EUR,2015-04-10,
1TnqA0GVv37hIAk1d8SLxS,IFCSLAB,Ground Floor,Apartment 3,Structural,Floor,Interior,1,N,44,Original,,UITVOERING,Complete,Structural,100,High,N,8 hrs (1 day),5.6,Main Contractor - Structural Crew,1.0036,40,,,40,STR-0,Subcontract,"Surveying / setting out, ground floor slab",176.08,556.88,986.05,1542.93,1658.66,115.73,7.5,1779.47,1658.66,5,82.93,Invoiced,EUR,2015-04-10,
0$5GRLLgn7I8ZPcI7rOsbG,IFCSLAB,Ground Floor,Apartment 3,Structural,Floor,Interior,1,N,44,Original,,UITVOERING,Complete,Structural,100,High,N,8 hrs (1 day),5.6,Main Contractor - Structural Crew,1.0036,40,,,40,STR-0,Subcontract,"Surveying / setting out, ground floor slab",176.08,556.88,986.05,1542.93,1658.66,115.73,7.5,1779.47,1658.66,5,82.93,Invoiced,EUR,2015-04-10,
3pCtkV8rH5cfLSpwnY7plt,IFCSLAB,Ground Floor,Apartment 3,Structural,Floor,Interior,1,N,44,Original,,UITVOERING,Complete,Structural,100,High,N,8 hrs (1 day),5.6,Main Contractor - Structural Crew,1.0036,40,,,40,STR-0,Subcontract,"Surveying / setting out, ground floor slab",176.08,556.88,986.05,1542.93,1658.66,115.73,7.5,1779.47,1658.66,5,82.93,Invoiced,EUR,2015-04-10,
2r9Rd7wfb74u0H82M9rkNJ,IFCSLAB,Ground Floor,Apartment 3,Structural,Floor,Interior,1,N,44,Original,,UITVOERING,Complete,Structural,100,High,N,8 hrs (1 day),5.6,Main Contractor - Structural Crew,1.0036,40,,,40,STR-0,Subcontract,"Surveying / setting out, ground floor slab",176.08,556.88,986.05,1542.93,1658.66,115.73,7.5,1779.47,1658.66,5,82.93,Invoiced,EUR,2015-04-10,
37Ro54gDf1LB1mTnwX5Aup,IFCSLAB,Ground Floor,Apartment 3,Structural,Floor,Interior,1,N,44,Original,,UITVOERING,Complete,Structural,100,High,N,8 hrs (1 day),5.6,Main Contractor - Structural Crew,1.0036,40,,,40,STR-0,Subcontract,"Surveying / setting out, ground floor slab",176.08,556.88,986.05,1542.93,1658.66,115.73,7.5,1779.47,1658.66,5,82.93,Invoiced,EUR,2015-04-10,
3fBmwjfbHClhZFnLmF3vib,IFCSLAB,Ground Floor,Apartment 3,Structural,Floor,Interior,1,N,44,Original,,UITVOERING,Complete,Structural,100,High,N,8 hrs (1 day),5.6,Main Contractor - Structural Crew,1.0036,40,,,40,STR-0,Subcontract,"Surveying / setting out, ground floor slab",176.08,556.88,986.05,1542.93,1658.66,115.73,7.5,1779.47,1658.66,5,82.93,Invoiced,EUR,2015-04-10,
1Ubc9b75DETwPSDHK48dhV,IFCSLAB,Ground Floor,Apartment 3,Structural,Floor,Interior,1,N,44,Original,,UITVOERING,Complete,Structural,100,High,N,8 hrs (1 day),5.6,Main Contractor - Structural Crew,1.0036,40,,,40,STR-0,Subcontract,"Surveying / setting out, ground floor slab",176.08,556.88,986.05,1542.93,1658.66,115.73,7.5,1779.47,1658.66,5,82.93,Invoiced,EUR,2015-04-10,
2Bau621bX8OR8tXqSleIiB,IFCSLAB,Ground Floor,Apartment 3,Structural,Floor,Interior,1,N,44,Original,,UITVOERING,Complete,Structural,100,High,N,8 hrs (1 day),5.6,Main Contractor - Structural Crew,1.0036,40,,,40,STR-0,Subcontract,"Surveying / setting out, ground floor slab",176.08,556.88,986.05,1542.93,1658.66,115.73,7.5,1779.47,1658.66,5,82.93,Invoiced,EUR,2015-04-10,
031QW3IZP55A_T8QKJY9nI,IFCSLAB,Ground Floor,,Structural,Floor,Interior,1,N,44,Original,,UITVOERING,Complete,Structural,100,High,N,8 hrs (1 day),5.6,Main Contractor - Structural Crew,1.0036,40,,,40,STR-0,Subcontract,"Surveying / setting out, ground floor slab",176.08,556.88,986.05,1542.93,1658.66,115.73,7.5,1779.47,1658.66,5,82.93,Invoiced,EUR,2015-04-10,
2b_eD15mT89x$yAkCYIShc,IFCSLAB,Ground Floor,,Structural,Floor,Interior,1,N,44,Original,,UITVOERING,Complete,Structural,100,High,N,8 hrs (1 day),5.6,Main Contractor - Structural Crew,1.0036,40,,,40,STR-0,Subcontract,"Surveying / setting out, ground floor slab",176.08,556.88,986.05,1542.93,1658.66,115.73,7.5,1779.47,1658.66,5,82.93,Invoiced,EUR,2015-04-10,
3DoyKCgjn75uJSw08MNRdX,IFCSLAB,Ground Floor,,Structural,Floor,Interior,1,N,44,Original,,UITVOERING,Complete,Structural,100,High,N,8 hrs (1 day),5.6,Main Contractor - Structural Crew,1.0036,40,,,40,STR-0,Subcontract,"Surveying / setting out, ground floor slab",176.08,556.88,986.05,1542.93,1658.66,115.73,7.5,1779.47,1658.66,5,82.93,Invoiced,EUR,2015-04-10,
3R08IZdRr50ufFCp6Ry$pe,IFCSLAB,Ground Floor,,Structural,Floor,Interior,1,N,44,Original,,UITVOERING,Complete,Structural,100,High,N,8 hrs (1 day),5.6,Main Contractor - Structural Crew,1.0036,40,,,40,STR-0,Subcontract,"Surveying / setting out, ground floor slab",176.08,556.88,986.05,1542.93,1658.66,115.73,7.5,1779.47,1658.66,5,82.93,Invoiced,EUR,2015-04-10,
2LsFs9dmf6Rhv8K9TFseHz,IFCSLAB,Ground Floor,,Structural,Floor,Interior,1,N,44,Original,,UITVOERING,Complete,Structural,100,High,N,8 hrs (1 day),5.6,Main Contractor - Structural Crew,1.0036,40,,,40,STR-0,Subcontract,"Surveying / setting out, ground floor slab",176.08,556.88,986.05,1542.93,1658.66,115.73,7.5,1779.47,1658.66,5,82.93,Invoiced,EUR,2015-04-10,
0QMRbnWY93Av6dpvLwMXTd,IFCSLAB,First Floor,Apartment 2,Structural,Floor,Interior,36,N,,Original,,UITVOERING,Complete,Structural,100,High,Yes,,,Main Contractor - Structural Crew,,,,,,STR-0,Subcontract,,,,,,,,,,,5,,,EUR,,
1OIsB5jXb41PiO2kBNmaM4,IFCSLAB,First Floor,Apartment 1,Structural,Floor,Interior,36,N,,Original,,UITVOERING,Complete,Structural,100,High,Yes,,,Main Contractor - Structural Crew,,,,,,STR-0,Subcontract,,,,,,,,,,,5,,,EUR,,
3Yfh_tf2L3dOftkR7mQtLp,IFCSLAB,First Floor,Apartment 1,Structural,Floor,Interior,36,N,,Original,,UITVOERING,Complete,Structural,100,High,Yes,,,Main Contractor - Structural Crew,,,,,,STR-0,Subcontract,,,,,,,,,,,5,,,EUR,,
2s_5IkW0XAae4X3I5zK7q4,IFCSLAB,First Floor,Apartment 1,Structural,Floor,Interior,36,N,,Original,,UITVOERING,Complete,Structural,100,High,Yes,,,Main Contractor - Structural Crew,,,,,,STR-0,Subcontract,,,,,,,,,,,5,,,EUR,,
3LhtKzwFz6VPKSl6QvG8CQ,IFCSLAB,First Floor,Apartment 1,Structural,Floor,Interior,36,N,,Original,,UITVOERING,Complete,Structural,100,High,Yes,,,Main Contractor - Structural Crew,,,,,,STR-0,Subcontract,,,,,,,,,,,5,,,EUR,,
1qvBT5n4r5kOSwFD9L8K0o,IFCSLAB,First Floor,Apartment 1,Structural,Floor,Interior,36,N,,Original,,UITVOERING,Complete,Structural,100,High,Yes,,,Main Contractor - Structural Crew,,,,,,STR-0,Subcontract,,,,,,,,,,,5,,,EUR,,
08ZXIC9eHDWRVFOlPhj72E,IFCSLAB,First Floor,Apartment 3,Structural,Floor,Interior,36,N,,Original,,UITVOERING,Complete,Structural,100,High,Yes,,,Main Contractor - Structural Crew,,,,,,STR-0,Subcontract,,,,,,,,,,,5,,,EUR,,
3BapTVi1vFMBnwVYgcGczp,IFCSLAB,First Floor,Apartment 3,Structural,Floor,Interior,36,N,,Original,,UITVOERING,Complete,Structural,100,High,Yes,,,Main Contractor - Structural Crew,,,,,,STR-0,Subcontract,,,,,,,,,,,5,,,EUR,,
2TidtDbWz2HfSqssh$GYwZ,IFCSLAB,First Floor,Apartment 2,Structural,Floor,Interior,36,N,,Original,,UITVOERING,Complete,Structural,100,High,Yes,,,Main Contractor - Structural Crew,,,,,,STR-0,Subcontract,,,,,,,,,,,5,,,EUR,,
3bTNRD3VP7Z8V5Qra3JwOp,IFCSLAB,First Floor,Apartment 2,Structural,Floor,Interior,36,N,,Original,,UITVOERING,Complete,Structural,100,High,Yes,,,Main Contractor - Structural Crew,,,,,,STR-0,Subcontract,,,,,,,,,,,5,,,EUR,,
0R4623l2TDzenWFiIiswM1,IFCSLAB,First Floor,Apartment 2,Structural,Floor,Interior,36,N,,Original,,UITVOERING,Complete,Structural,100,High,Yes,,,Main Contractor - Structural Crew,,,,,,STR-0,Subcontract,,,,,,,,,,,5,,,EUR,,
1kiS27OUHAY8wNtz_qX8bj,IFCSLAB,First Floor,Apartment 2,Structural,Floor,Interior,36,N,,Original,,UITVOERING,Complete,Structural,100,High,Yes,,,Main Contractor - Structural Crew,,,,,,STR-0,Subcontract,,,,,,,,,,,5,,,EUR,,
2hh9UjWIL2w9WwuMjzqstz,IFCSLAB,First Floor,Apartment 2,Structural,Floor,Interior,36,N,,Original,,UITVOERING,Complete,Structural,100,High,Yes,,,Main Contractor - Structural Crew,,,,,,STR-0,Subcontract,,,,,,,,,,,5,,,EUR,,
1dCrpUZmvC4umTbPe7ddOk,IFCSLAB,First Floor,,Structural,Floor,Interior,36,N,,Original,,UITVOERING,Complete,Structural,100,High,Yes,,,Main Contractor - Structural Crew,,,,,,STR-0,Subcontract,,,,,,,,,,,5,,,EUR,,
2ah3ltN7nCQ9VF6L1zEK1m,IFCSLAB,First Floor,Apartment 3,Structural,Floor,Interior,36,N,,Original,,UITVOERING,Complete,Structural,100,High,Yes,,,Main Contractor - Structural Crew,,,,,,STR-0,Subcontract,,,,,,,,,,,5,,,EUR,,
19E2QmV$L6c8DOIYygVF1N,IFCSLAB,First Floor,Apartment 3,Structural,Floor,Interior,36,N,,Original,,UITVOERING,Complete,Structural,100,High,Yes,,,Main Contractor - Structural Crew,,,,,,STR-0,Subcontract,,,,,,,,,,,5,,,EUR,,
287l_KcXPC0g4vq6mShiRv,IFCSLAB,First Floor,Apartment 3,Structural,Floor,Interior,36,N,,Original,,UITVOERING,Complete,Structural,100,High,Yes,,,Main Contractor - Structural Crew,,,,,,STR-0,Subcontract,,,,,,,,,,,5,,,EUR,,
3o6eM88iDBLBW61gt9z35u,IFCSLAB,First Floor,Apartment 3,Structural,Floor,Interior,36,N,,Original,,UITVOERING,Complete,Structural,100,High,Yes,,,Main Contractor - Structural Crew,,,,,,STR-0,Subcontract,,,,,,,,,,,5,,,EUR,,
2qB4dVXdn65uKV2yWsW_6l,IFCSLAB,First Floor,Apartment 1,Structural,Floor,Exterior,36,N,,Original,,UITVOERING,Complete,Structural,100,High,Yes,,,Main Contractor - Structural Crew,,,,,,STR-0,Subcontract,,,,,,,,,,,5,,,EUR,,
23_XwbBRjAB8x$lT1cavmp,IFCSLAB,First Floor,Apartment 1,Structural,Floor,Exterior,36,N,,Original,,UITVOERING,Complete,Structural,100,High,Yes,,,Main Contractor - Structural Crew,,,,,,STR-0,Subcontract,,,,,,,,,,,5,,,EUR,,
0bxMIwnGLCbgjsQk43tTK$,IFCSLAB,First Floor,Apartment 6,Structural,Floor,Exterior,36,N,,Original,,UITVOERING,Complete,Structural,100,High,Yes,,,Main Contractor - Structural Crew,,,,,,STR-0,Subcontract,,,,,,,,,,,5,,,EUR,,
2H6QJz_7XBA9rec338IzRM,IFCSLAB,First Floor,,Structural,Floor,Exterior,36,N,,Original,,UITVOERING,Complete,Structural,100,High,Yes,,,Main Contractor - Structural Crew,,,,,,STR-0,Subcontract,,,,,,,,,,,5,,,EUR,,
0DFJCuN8r6WRVW_GxdBvRT,IFCSLAB,First Floor,,Structural,Floor,Exterior,36,N,,Original,,UITVOERING,Complete,Structural,100,High,Yes,,,Main Contractor - Structural Crew,,,,,,STR-0,Subcontract,,,,,,,,,,,5,,,EUR,,
0oWZTX4_z54hp752v_Qa42,IFCSLAB,First Floor,,Structural,Floor,Exterior,36,N,,Original,,UITVOERING,Complete,Structural,100,High,Yes,,,Main Contractor - Structural Crew,,,,,,STR-0,Subcontract,,,,,,,,,,,5,,,EUR,,
1c7GSzzuj1WO_Gs_23Ca4q,IFCSLAB,First Floor,,Structural,Floor,Exterior,36,N,,Original,,UITVOERING,Complete,Structural,100,High,Yes,,,Main Contractor - Structural Crew,,,,,,STR-0,Subcontract,,,,,,,,,,,5,,,EUR,,
22nWq74YPFteCBjUc6JjZ0,IFCSLAB,First Floor,Apartment 6,Structural,Floor,Exterior,36,N,,Original,,UITVOERING,Complete,Structural,100,High,Yes,,,Main Contractor - Structural Crew,,,,,,STR-0,Subcontract,,,,,,,,,,,5,,,EUR,,
0uRa8_$V12fwPAz12OHbBT,IFCSLAB,First Floor,,Structural,Floor,Exterior,36,N,,Original,,UITVOERING,Complete,Structural,100,High,Yes,,,Main Contractor - Structural Crew,,,,,,STR-0,Subcontract,,,,,,,,,,,5,,,EUR,,
2X0E5JmgP1luFCa0knY3CG,IFCSLAB,First Floor,Apartment 6,Structural,Floor,Exterior,36,N,,Original,,UITVOERING,Complete,Structural,100,High,Yes,,,Main Contractor - Structural Crew,,,,,,STR-0,Subcontract,,,,,,,,,,,5,,,EUR,,
0OJWn0JefCv9hzpdii2Imm,IFCSLAB,First Floor,,Structural,Floor,Exterior,36,N,,Original,,UITVOERING,Complete,Structural,100,High,Yes,,,Main Contractor - Structural Crew,,,,,,STR-0,Subcontract,,,,,,,,,,,5,,,EUR,,
0uAZdPNur5UQMtvFbGsfuY,IFCSLAB,First Floor,,Structural,Floor,Exterior,36,N,,Original,,UITVOERING,Complete,Structural,100,High,Yes,,,Main Contractor - Structural Crew,,,,,,STR-0,Subcontract,,,,,,,,,,,5,,,EUR,,
2QwOZORnH1U8$Obabf6tRd,IFCSLAB,First Floor,,Structural,Floor,Exterior,36,N,,Original,,UITVOERING,Complete,Structural,100,High,Yes,,,Main Contractor - Structural Crew,,,,,,STR-0,Subcontract,,,,,,,,,,,5,,,EUR,,
2QJ29Th2j3j9j2_UL9ptc3,IFCSLAB,First Floor,,Structural,Floor,Exterior,36,N,,Original,,UITVOERING,Complete,Structural,100,High,Yes,,,Main Contractor - Structural Crew,,,,,,STR-0,Subcontract,,,,,,,,,,,5,,,EUR,,
38Mg2Gj2T8XwRV2IuUentp,IFCSLAB,First Floor,,Structural,Floor,Exterior,36,N,,Original,,UITVOERING,Complete,Structural,100,High,Yes,,,Main Contractor - Structural Crew,,,,,,STR-0,Subcontract,,,,,,,,,,,5,,,EUR,,
2tmREkUVP0KhkDPItRVwae,IFCSLAB,First Floor,,Structural,Floor,Exterior,36,N,,Original,,UITVOERING,Complete,Structural,100,High,Yes,,,Main Contractor - Structural Crew,,,,,,STR-0,Subcontract,,,,,,,,,,,5,,,EUR,,
0e2AmNgkb1Gflqp22P2CPd,IFCSLAB,First Floor,,Structural,Floor,Exterior,36,N,,Original,,UITVOERING,Complete,Structural,100,High,Yes,,,Main Contractor - Structural Crew,,,,,,STR-0,Subcontract,,,,,,,,,,,5,,,EUR,,
0m_7iL50T1pgK3U7zqTZQ9,IFCSLAB,First Floor,,Structural,Floor,Exterior,36,N,,Original,,UITVOERING,Complete,Structural,100,High,Yes,,,Main Contractor - Structural Crew,,,,,,STR-0,Subcontract,,,,,,,,,,,5,,,EUR,,
3PYbhELXr92BK4WMFmpGVj,IFCSLAB,First Floor,,Structural,Floor,Exterior,36,N,,Original,,UITVOERING,Complete,Structural,100,High,Yes,,,Main Contractor - Structural Crew,,,,,,STR-0,Subcontract,,,,,,,,,,,5,,,EUR,,
1K_rplvXD0rO3a2dNEYcoq,IFCSLAB,First Floor,,Structural,Floor,Exterior,36,N,,Original,,UITVOERING,Complete,Structural,100,High,Yes,,,Main Contractor - Structural Crew,,,,,,STR-0,Subcontract,,,,,,,,,,,5,,,EUR,,
0UG3QiMpzDlg6DLAqExEcS,IFCSLAB,First Floor,,Structural,Floor,Exterior,36,N,,Original,,UITVOERING,Complete,Structural,100,High,Yes,,,Main Contractor - Structural Crew,,,,,,STR-0,Subcontract,,,,,,,,,,,5,,,EUR,,
2OgpDYzvL2QhgeI9VmDEUN,IFCSLAB,First Floor,,Structural,Floor,Exterior,36,N,,Original,,UITVOERING,Complete,Structural,100,High,Yes,,,Main Contractor - Structural Crew,,,,,,STR-0,Subcontract,,,,,,,,,,,5,,,EUR,,
3GhhN$uvX5igu88pzhiJv8,IFCSLAB,First Floor,,Structural,Floor,Exterior,36,N,,Original,,UITVOERING,Complete,Structural,100,High,Yes,,,Main Contractor - Structural Crew,,,,,,STR-0,Subcontract,,,,,,,,,,,5,,,EUR,,
1dQx3P9dH7vhwAJwVUYYGE,IFCSLAB,First Floor,Apartment 2,Structural,Floor,Exterior,36,N,,Original,,UITVOERING,Complete,Structural,100,High,Yes,,,Main Contractor - Structural Crew,,,,,,STR-0,Subcontract,,,,,,,,,,,5,,,EUR,,
1y_z8K3DLD8P7YJTBHImTW,IFCSLAB,First Floor,Apartment 2,Structural,Floor,Exterior,36,N,,Original,,UITVOERING,Complete,Structural,100,High,Yes,,,Main Contractor - Structural Crew,,,,,,STR-0,Subcontract,,,,,,,,,,,5,,,EUR,,
2aLZDRWLv3kBhXLwCrnxSH,IFCSLAB,First Floor,Apartment 2,Structural,Floor,Interior,36,N,,Original,,UITVOERING,Complete,Structural,100,High,Yes,,,Main Contractor - Structural Crew,,,,,,STR-0,Subcontract,,,,,,,,,,,5,,,EUR,,
2MGtJUm9nD$Re1_MDIv0g2,IFCSLAB,First Floor,Apartment 4,Structural,Floor,Interior,36,N,,Original,,UITVOERING,Complete,Structural,100,High,Yes,,,Main Contractor - Structural Crew,,,,,,STR-0,Subcontract,,,,,,,,,,,5,,,EUR,,
047hRisLn70Bn_GLMR1G1S,IFCSLAB,First Floor,Apartment 4,Structural,Floor,Interior,36,N,,Original,,UITVOERING,Complete,Structural,100,High,Yes,,,Main Contractor - Structural Crew,,,,,,STR-0,Subcontract,,,,,,,,,,,5,,,EUR,,
35N2HpIELEtPD3xssMGgew,IFCSLAB,First Floor,Apartment 4,Structural,Floor,Interior,36,N,,Original,,UITVOERING,Complete,Structural,100,High,Yes,,,Main Contractor - Structural Crew,,,,,,STR-0,Subcontract,,,,,,,,,,,5,,,EUR,,
19cnP4Bm90V9KyCekAFXxu,IFCSLAB,First Floor,Apartment 4,Structural,Floor,Interior,36,N,,Original,,UITVOERING,Complete,Structural,100,High,Yes,,,Main Contractor - Structural Crew,,,,,,STR-0,Subcontract,,,,,,,,,,,5,,,EUR,,
3qewII9V1EEubSogUzOIBY,IFCSLAB,First Floor,Apartment 4,Structural,Floor,Interior,36,N,,Original,,UITVOERING,Complete,Structural,100,High,Yes,,,Main Contractor - Structural Crew,,,,,,STR-0,Subcontract,,,,,,,,,,,5,,,EUR,,
1ERFleB4fBBfBOswxk$Xdp,IFCSLAB,First Floor,Apartment 4,Structural,Floor,Interior,36,N,,Original,,UITVOERING,Complete,Structural,100,High,Yes,,,Main Contractor - Structural Crew,,,,,,STR-0,Subcontract,,,,,,,,,,,5,,,EUR,,
0KiQHeBg1E1vCJHKQmVSFE,IFCSLAB,First Floor,Apartment 4,Structural,Floor,Interior,36,N,,Original,,UITVOERING,Complete,Structural,100,High,Yes,,,Main Contractor - Structural Crew,,,,,,STR-0,Subcontract,,,,,,,,,,,5,,,EUR,,
0RPHfQWPHBdBX1ccCVEpVD,IFCSLAB,First Floor,Apartment 5,Structural,Floor,Interior,36,N,,Original,,UITVOERING,Complete,Structural,100,High,Yes,,,Main Contractor - Structural Crew,,,,,,STR-0,Subcontract,,,,,,,,,,,5,,,EUR,,
3ycHvSZkr4dQo86guV5eIK,IFCSLAB,First Floor,Apartment 5,Structural,Floor,Interior,36,N,,Original,,UITVOERING,Complete,Structural,100,High,Yes,,,Main Contractor - Structural Crew,,,,,,STR-0,Subcontract,,,,,,,,,,,5,,,EUR,,
3TyRkCAozEAhemCLbgpc0y,IFCSLAB,First Floor,Apartment 5,Structural,Floor,Interior,36,N,,Original,,UITVOERING,Complete,Structural,100,High,Yes,,,Main Contractor - Structural Crew,,,,,,STR-0,Subcontract,,,,,,,,,,,5,,,EUR,,
0MI_2HZ992Bx$nIp0Ts0HN,IFCSLAB,First Floor,Apartment 5,Structural,Floor,Interior,36,N,,Original,,UITVOERING,Complete,Structural,100,High,Yes,,,Main Contractor - Structural Crew,,,,,,STR-0,Subcontract,,,,,,,,,,,5,,,EUR,,
22n$AYXlT6Du$WGeK8$9Iq,IFCSLAB,First Floor,Apartment 5,Structural,Floor,Interior,36,N,,Original,,UITVOERING,Complete,Structural,100,High,Yes,,,Main Contractor - Structural Crew,,,,,,STR-0,Subcontract,,,,,,,,,,,5,,,EUR,,
3z$jhdTIz3KQIVA03ccSlX,IFCSLAB,First Floor,Apartment 5,Structural,Floor,Interior,36,N,,Original,,UITVOERING,Complete,Structural,100,High,Yes,,,Main Contractor - Structural Crew,,,,,,STR-0,Subcontract,,,,,,,,,,,5,,,EUR,,
3lhisrBxL8xgLCRdxNG$2v,IFCSLAB,First Floor,Apartment 5,Structural,Floor,Interior,36,N,,Original,,UITVOERING,Complete,Structural,100,High,Yes,,,Main Contractor - Structural Crew,,,,,,STR-0,Subcontract,,,,,,,,,,,5,,,EUR,,
1hLy1Edbj5rgNEl39t96Zu,IFCSLAB,First Floor,Apartment 6,Structural,Floor,Interior,36,N,,Original,,UITVOERING,Complete,Structural,100,High,Yes,,,Main Contractor - Structural Crew,,,,,,STR-0,Subcontract,,,,,,,,,,,5,,,EUR,,
3U5VF90aX4EPY0n0sy5tfn,IFCSLAB,First Floor,Apartment 6,Structural,Floor,Interior,36,N,,Original,,UITVOERING,Complete,Structural,100,High,Yes,,,Main Contractor - Structural Crew,,,,,,STR-0,Subcontract,,,,,,,,,,,5,,,EUR,,
1TMPN6ORz3V97VjLq_yYT$,IFCSLAB,First Floor,Apartment 6,Structural,Floor,Interior,36,N,,Original,,UITVOERING,Complete,Structural,100,High,Yes,,,Main Contractor - Structural Crew,,,,,,STR-0,Subcontract,,,,,,,,,,,5,,,EUR,,
20WcZDP8zBu9vHK_3hpKya,IFCSLAB,First Floor,Apartment 6,Structural,Floor,Interior,36,N,,Original,,UITVOERING,Complete,Structural,100,High,Yes,,,Main Contractor - Structural Crew,,,,,,STR-0,Subcontract,,,,,,,,,,,5,,,EUR,,
1UW7PE1gDERBLJr$nLgoec,IFCSLAB,First Floor,Apartment 6,Structural,Floor,Interior,36,N,,Original,,UITVOERING,Complete,Structural,100,High,Yes,,,Main Contractor - Structural Crew,,,,,,STR-0,Subcontract,,,,,,,,,,,5,,,EUR,,
2WXOgWSjzCfR4IRJ_Z1gjK,IFCSLAB,First Floor,Apartment 6,Structural,Floor,Interior,36,N,,Original,,UITVOERING,Complete,Structural,100,High,Yes,,,Main Contractor - Structural Crew,,,,,,STR-0,Subcontract,,,,,,,,,,,5,,,EUR,,
13klpZHlDB8wG49s9DUIV8,IFCSLAB,First Floor,Apartment 6,Structural,Floor,Interior,36,N,,Original,,UITVOERING,Complete,Structural,100,High,Yes,,,Main Contractor - Structural Crew,,,,,,STR-0,Subcontract,,,,,,,,,,,5,,,EUR,,
0K6QmOqO9ATe9WGMwhBHoC,IFCSLAB,First Floor,,Structural,Floor,Interior,36,N,,Original,,UITVOERING,Complete,Structural,100,High,Yes,,,Main Contractor - Structural Crew,,,,,,STR-0,Subcontract,,,,,,,,,,,5,,,EUR,,
2WhALKJ6HDCBIy$zrtx8Xo,IFCSLAB,Second Floor,Apartment 5,Structural,Floor,Interior,1,N,114,Original,,UITVOERING,Complete,Structural,100,High,N,8 hrs (1 day),9.5,Main Contractor - Structural Crew,1.0084,88,,,88,STR-0,Subcontract,"Precast stairs and landings, 2nd floor",197.38,529.36,1875.11,2404.47,2009.94,-394.53,-16.4,2067.1,2009.94,5,100.5,Invoiced,EUR,2015-07-13,
0QENsgqy1AHgG_7VgYdbwc,IFCSLAB,Second Floor,Apartment 4,Structural,Floor,Interior,1,N,114,Original,,UITVOERING,Complete,Structural,100,High,N,8 hrs (1 day),9.5,Main Contractor - Structural Crew,1.0084,88,,,88,STR-0,Subcontract,"Precast stairs and landings, 2nd floor",197.38,529.36,1875.11,2404.47,2009.94,-394.53,-16.4,2067.1,2009.94,5,100.5,Invoiced,EUR,2015-07-13,
1Kvhfn7iT0lvacFUqniu5y,IFCSLAB,Second Floor,Apartment 4,Structural,Floor,Interior,1,N,114,Original,,UITVOERING,Complete,Structural,100,High,N,8 hrs (1 day),9.5,Main Contractor - Structural Crew,1.0084,88,,,88,STR-0,Subcontract,"Precast stairs and landings, 2nd floor",197.38,529.36,1875.11,2404.47,2009.94,-394.53,-16.4,2067.1,2009.94,5,100.5,Invoiced,EUR,2015-07-13,
1A4uhs68j3Suvp_DeIOyYn,IFCSLAB,Second Floor,Apartment 4,Structural,Floor,Interior,1,N,114,Original,,UITVOERING,Complete,Structural,100,High,N,8 hrs (1 day),9.5,Main Contractor - Structural Crew,1.0084,88,,,88,STR-0,Subcontract,"Precast stairs and landings, 2nd floor",197.38,529.36,1875.11,2404.47,2009.94,-394.53,-16.4,2067.1,2009.94,5,100.5,Invoiced,EUR,2015-07-13,
12tm$BD113oAzHX6K_xB_Z,IFCSLAB,Second Floor,Apartment 4,Structural,Floor,Interior,1,N,114,Original,,UITVOERING,Complete,Structural,100,High,N,8 hrs (1 day),9.5,Main Contractor - Structural Crew,1.0084,88,,,88,STR-0,Subcontract,"Precast stairs and landings, 2nd floor",197.38,529.36,1875.11,2404.47,2009.94,-394.53,-16.4,2067.1,2009.94,5,100.5,Invoiced,EUR,2015-07-13,
0GDbLsPyr8u8sjnEP52zPP,IFCSLAB,Second Floor,Apartment 4,Structural,Floor,Interior,1,N,114,Original,,UITVOERING,Complete,Structural,100,High,N,8 hrs (1 day),9.5,Main Contractor - Structural Crew,1.0084,88,,,88,STR-0,Subcontract,"Precast stairs and landings, 2nd floor",197.38,529.36,1875.11,2404.47,2009.94,-394.53,-16.4,2067.1,2009.94,5,100.5,Invoiced,EUR,2015-07-13,
0oWjkdPRH11hIjsKRnvymk,IFCSLAB,Second Floor,Apartment 5,Structural,Floor,Interior,1,N,114,Original,,UITVOERING,Complete,Structural,100,High,N,8 hrs (1 day),9.5,Main Contractor - Structural Crew,1.0084,88,,,88,STR-0,Subcontract,"Precast stairs and landings, 2nd floor",197.38,529.36,1875.11,2404.47,2009.94,-394.53,-16.4,2067.1,2009.94,5,100.5,Invoiced,EUR,2015-07-13,
0AWsnDjX10P8BR94gyNj2o,IFCSLAB,Second Floor,Apartment 5,Structural,Floor,Interior,1,N,114,Original,,UITVOERING,Complete,Structural,100,High,N,8 hrs (1 day),9.5,Main Contractor - Structural Crew,1.0084,88,,,88,STR-0,Subcontract,"Precast stairs and landings, 2nd floor",197.38,529.36,1875.11,2404.47,2009.94,-394.53,-16.4,2067.1,2009.94,5,100.5,Invoiced,EUR,2015-07-13,
3kQNZLqVfDcRRvBkM1IMS9,IFCSLAB,Second Floor,Apartment 5,Structural,Floor,Interior,1,N,114,Original,,UITVOERING,Complete,Structural,100,High,N,8 hrs (1 day),9.5,Main Contractor - Structural Crew,1.0084,88,,,88,STR-0,Subcontract,"Precast stairs and landings, 2nd floor",197.38,529.36,1875.11,2404.47,2009.94,-394.53,-16.4,2067.1,2009.94,5,100.5,Invoiced,EUR,2015-07-13,
06YbFx9M15FBLOYIMVt2$r,IFCSLAB,Second Floor,Apartment 5,Structural,Floor,Interior,1,N,114,Original,,UITVOERING,Complete,Structural,100,High,N,8 hrs (1 day),9.5,Main Contractor - Structural Crew,1.0084,88,,,88,STR-0,Subcontract,"Precast stairs and landings, 2nd floor",197.38,529.36,1875.11,2404.47,2009.94,-394.53,-16.4,2067.1,2009.94,5,100.5,Invoiced,EUR,2015-07-13,
3y2ALpG0z8_OFPbRCDWgIT,IFCSLAB,Second Floor,Apartment 5,Structural,Floor,Interior,1,N,114,Original,,UITVOERING,Complete,Structural,100,High,N,8 hrs (1 day),9.5,Main Contractor - Structural Crew,1.0084,88,,,88,STR-0,Subcontract,"Precast stairs and landings, 2nd floor",197.38,529.36,1875.11,2404.47,2009.94,-394.53,-16.4,2067.1,2009.94,5,100.5,Invoiced,EUR,2015-07-13,
3TpyrZupTCDPuevUhz2MFt,IFCSLAB,Second Floor,Apartment 5,Structural,Floor,Interior,1,N,114,Original,,UITVOERING,Complete,Structural,100,High,N,8 hrs (1 day),9.5,Main Contractor - Structural Crew,1.0084,88,,,88,STR-0,Subcontract,"Precast stairs and landings, 2nd floor",197.38,529.36,1875.11,2404.47,2009.94,-394.53,-16.4,2067.1,2009.94,5,100.5,Invoiced,EUR,2015-07-13,
1fRPC59i5A$Bo5RZ$znSER,IFCSLAB,Second Floor,,Structural,Floor,Exterior,1,N,114,Original,,UITVOERING,Complete,Structural,100,High,N,8 hrs (1 day),9.5,Main Contractor - Structural Crew,1.0084,88,,,88,STR-0,Subcontract,"Precast stairs and landings, 2nd floor",197.38,529.36,1875.11,2404.47,2009.94,-394.53,-16.4,2067.1,2009.94,5,100.5,Invoiced,EUR,2015-07-13,
2qZf7$0pX6jh2ueXurPaRM,IFCSLAB,Second Floor,,Structural,Floor,Exterior,1,N,114,Original,,UITVOERING,Complete,Structural,100,High,N,8 hrs (1 day),9.5,Main Contractor - Structural Crew,1.0084,88,,,88,STR-0,Subcontract,"Precast stairs and landings, 2nd floor",197.38,529.36,1875.11,2404.47,2009.94,-394.53,-16.4,2067.1,2009.94,5,100.5,Invoiced,EUR,2015-07-13,
26QGTgi0r7xhS4C$UZx$YZ,IFCSLAB,Second Floor,,Structural,Floor,Exterior,1,N,114,Original,,UITVOERING,Complete,Structural,100,High,N,8 hrs (1 day),9.5,Main Contractor - Structural Crew,1.0084,88,,,88,STR-0,Subcontract,"Precast stairs and landings, 2nd floor",197.38,529.36,1875.11,2404.47,2009.94,-394.53,-16.4,2067.1,2009.94,5,100.5,Invoiced,EUR,2015-07-13,
2ppWtuzIb52xZcr932qIAx,IFCSLAB,Second Floor,,Structural,Floor,Exterior,1,N,114,Original,,UITVOERING,Complete,Structural,100,High,N,8 hrs (1 day),9.5,Main Contractor - Structural Crew,1.0084,88,,,88,STR-0,Subcontract,"Precast stairs and landings, 2nd floor",197.38,529.36,1875.11,2404.47,2009.94,-394.53,-16.4,2067.1,2009.94,5,100.5,Invoiced,EUR,2015-07-13,
0ZzyGbASLD1wvphFCXGJtB,IFCSLAB,Second Floor,,Structural,Floor,Exterior,1,N,114,Original,,UITVOERING,Complete,Structural,100,High,N,8 hrs (1 day),9.5,Main Contractor - Structural Crew,1.0084,88,,,88,STR-0,Subcontract,"Precast stairs and landings, 2nd floor",197.38,529.36,1875.11,2404.47,2009.94,-394.53,-16.4,2067.1,2009.94,5,100.5,Invoiced,EUR,2015-07-13,
0d2YNnUYH3Khfs3ilMqi4T,IFCSLAB,Second Floor,,Structural,Floor,Exterior,1,N,114,Original,,UITVOERING,Complete,Structural,100,High,N,8 hrs (1 day),9.5,Main Contractor - Structural Crew,1.0084,88,,,88,STR-0,Subcontract,"Precast stairs and landings, 2nd floor",197.38,529.36,1875.11,2404.47,2009.94,-394.53,-16.4,2067.1,2009.94,5,100.5,Invoiced,EUR,2015-07-13,
2_2cZUZ01FcvMu56$zuMQU,IFCSLAB,Second Floor,,Structural,Floor,Exterior,1,N,114,Original,,UITVOERING,Complete,Structural,100,High,N,8 hrs (1 day),9.5,Main Contractor - Structural Crew,1.0084,88,,,88,STR-0,Subcontract,"Precast stairs and landings, 2nd floor",197.38,529.36,1875.11,2404.47,2009.94,-394.53,-16.4,2067.1,2009.94,5,100.5,Invoiced,EUR,2015-07-13,
0Afia98bP9KBSQQT1fcIdJ,IFCSLAB,Second Floor,,Structural,Floor,Exterior,1,N,114,Original,,UITVOERING,Complete,Structural,100,High,N,8 hrs (1 day),9.5,Main Contractor - Structural Crew,1.0084,88,,,88,STR-0,Subcontract,"Precast stairs and landings, 2nd floor",197.38,529.36,1875.11,2404.47,2009.94,-394.53,-16.4,2067.1,2009.94,5,100.5,Invoiced,EUR,2015-07-13,
0EHLW2CirCPANVPbmTwDe0,IFCSLAB,Second Floor,,Structural,Floor,Exterior,1,N,114,Original,,UITVOERING,Complete,Structural,100,High,N,8 hrs (1 day),9.5,Main Contractor - Structural Crew,1.0084,88,,,88,STR-0,Subcontract,"Precast stairs and landings, 2nd floor",197.38,529.36,1875.11,2404.47,2009.94,-394.53,-16.4,2067.1,2009.94,5,100.5,Invoiced,EUR,2015-07-13,
0W2prqqkT7HxP90f8uQS80,IFCSLAB,Second Floor,Apartment 5,Structural,Floor,Interior,1,N,114,Original,,UITVOERING,Complete,Structural,100,High,N,8 hrs (1 day),9.5,Main Contractor - Structural Crew,1.0084,88,,,88,STR-0,Subcontract,"Precast stairs and landings, 2nd floor",197.38,529.36,1875.11,2404.47,2009.94,-394.53,-16.4,2067.1,2009.94,5,100.5,Invoiced,EUR,2015-07-13,
3IbuwYOm5EV9Q6cXmwVWqd,IFCSLAB,Second Floor,Apartment 7,Structural,Floor,Interior,1,N,114,Original,,UITVOERING,Complete,Structural,100,High,N,8 hrs (1 day),9.5,Main Contractor - Structural Crew,1.0084,88,,,88,STR-0,Subcontract,"Precast stairs and landings, 2nd floor",197.38,529.36,1875.11,2404.47,2009.94,-394.53,-16.4,2067.1,2009.94,5,100.5,Invoiced,EUR,2015-07-13,
2OE9tlHI938fd8O3mI3mRz,IFCSLAB,Second Floor,Apartment 7,Structural,Floor,Interior,1,N,114,Original,,UITVOERING,Complete,Structural,100,High,N,8 hrs (1 day),9.5,Main Contractor - Structural Crew,1.0084,88,,,88,STR-0,Subcontract,"Precast stairs and landings, 2nd floor",197.38,529.36,1875.11,2404.47,2009.94,-394.53,-16.4,2067.1,2009.94,5,100.5,Invoiced,EUR,2015-07-13,
2JUSlrYQr1YwP3ayxXu$lj,IFCSLAB,Second Floor,Apartment 7,Structural,Floor,Interior,1,N,114,Original,,UITVOERING,Complete,Structural,100,High,N,8 hrs (1 day),9.5,Main Contractor - Structural Crew,1.0084,88,,,88,STR-0,Subcontract,"Precast stairs and landings, 2nd floor",197.38,529.36,1875.11,2404.47,2009.94,-394.53,-16.4,2067.1,2009.94,5,100.5,Invoiced,EUR,2015-07-13,
0IjlUMbxXBUhcjfKxT2apw,IFCSLAB,Second Floor,Apartment 7,Structural,Floor,Interior,1,N,114,Original,,UITVOERING,Complete,Structural,100,High,N,8 hrs (1 day),9.5,Main Contractor - Structural Crew,1.0084,88,,,88,STR-0,Subcontract,"Precast stairs and landings, 2nd floor",197.38,529.36,1875.11,2404.47,2009.94,-394.53,-16.4,2067.1,2009.94,5,100.5,Invoiced,EUR,2015-07-13,
2_qWdodb95chXxayrOIlDh,IFCSLAB,Second Floor,Apartment 7,Structural,Floor,Interior,1,N,114,Original,,UITVOERING,Complete,Structural,100,High,N,8 hrs (1 day),9.5,Main Contractor - Structural Crew,1.0084,88,,,88,STR-0,Subcontract,"Precast stairs and landings, 2nd floor",197.38,529.36,1875.11,2404.47,2009.94,-394.53,-16.4,2067.1,2009.94,5,100.5,Invoiced,EUR,2015-07-13,
23kW8A8yPA5wftTGD5UJ8H,IFCSLAB,Second Floor,Apartment 7,Structural,Floor,Interior,1,N,114,Original,,UITVOERING,Complete,Structural,100,High,N,8 hrs (1 day),9.5,Main Contractor - Structural Crew,1.0084,88,,,88,STR-0,Subcontract,"Precast stairs and landings, 2nd floor",197.38,529.36,1875.11,2404.47,2009.94,-394.53,-16.4,2067.1,2009.94,5,100.5,Invoiced,EUR,2015-07-13,
24d$bXEtDFMPrak4J5bypx,IFCSLAB,Second Floor,Apartment 7,Structural,Floor,Interior,1,N,114,Original,,UITVOERING,Complete,Structural,100,High,N,8 hrs (1 day),9.5,Main Contractor - Structural Crew,1.0084,88,,,88,STR-0,Subcontract,"Precast stairs and landings, 2nd floor",197.38,529.36,1875.11,2404.47,2009.94,-394.53,-16.4,2067.1,2009.94,5,100.5,Invoiced,EUR,2015-07-13,
1TcxEYnb1DneRMQvN9jV_3,IFCSLAB,Second Floor,Apartment 8,Structural,Floor,Interior,1,N,114,Original,,UITVOERING,Complete,Structural,100,High,N,8 hrs (1 day),9.5,Main Contractor - Structural Crew,1.0084,88,,,88,STR-0,Subcontract,"Precast stairs and landings, 2nd floor",197.38,529.36,1875.11,2404.47,2009.94,-394.53,-16.4,2067.1,2009.94,5,100.5,Invoiced,EUR,2015-07-13,
3Ri_Iqblr1TOWWvS199ANc,IFCSLAB,Second Floor,Apartment 8,Structural,Floor,Interior,1,N,114,Original,,UITVOERING,Complete,Structural,100,High,N,8 hrs (1 day),9.5,Main Contractor - Structural Crew,1.0084,88,,,88,STR-0,Subcontract,"Precast stairs and landings, 2nd floor",197.38,529.36,1875.11,2404.47,2009.94,-394.53,-16.4,2067.1,2009.94,5,100.5,Invoiced,EUR,2015-07-13,
1kXSox_0P3kBFuaJXmZIbM,IFCSLAB,Second Floor,Apartment 8,Structural,Floor,Interior,1,N,114,Original,,UITVOERING,Complete,Structural,100,High,N,8 hrs (1 day),9.5,Main Contractor - Structural Crew,1.0084,88,,,88,STR-0,Subcontract,"Precast stairs and landings, 2nd floor",197.38,529.36,1875.11,2404.47,2009.94,-394.53,-16.4,2067.1,2009.94,5,100.5,Invoiced,EUR,2015-07-13,
1PBBUyIv59YPrzStA9_TH5,IFCSLAB,Second Floor,Apartment 8,Structural,Floor,Interior,1,N,114,Original,,UITVOERING,Complete,Structural,100,High,N,8 hrs (1 day),9.5,Main Contractor - Structural Crew,1.0084,88,,,88,STR-0,Subcontract,"Precast stairs and landings, 2nd floor",197.38,529.36,1875.11,2404.47,2009.94,-394.53,-16.4,2067.1,2009.94,5,100.5,Invoiced,EUR,2015-07-13,
36cEtcIur7XxueyFJ22C$U,IFCSLAB,Second Floor,Apartment 8,Structural,Floor,Interior,1,N,114,Original,,UITVOERING,Complete,Structural,100,High,N,8 hrs (1 day),9.5,Main Contractor - Structural Crew,1.0084,88,,,88,STR-0,Subcontract,"Precast stairs and landings, 2nd floor",197.38,529.36,1875.11,2404.47,2009.94,-394.53,-16.4,2067.1,2009.94,5,100.5,Invoiced,EUR,2015-07-13,
3LCPmQCcP9UfP49BhFjY_v,IFCSLAB,Second Floor,Apartment 8,Structural,Floor,Interior,1,N,114,Original,,UITVOERING,Complete,Structural,100,High,N,8 hrs (1 day),9.5,Main Contractor - Structural Crew,1.0084,88,,,88,STR-0,Subcontract,"Precast stairs and landings, 2nd floor",197.38,529.36,1875.11,2404.47,2009.94,-394.53,-16.4,2067.1,2009.94,5,100.5,Invoiced,EUR,2015-07-13,
1uDn0xT8LBkP15zQc9MVDW,IFCSLAB,Second Floor,Apartment 8,Structural,Floor,Interior,1,N,114,Original,,UITVOERING,Complete,Structural,100,High,N,8 hrs (1 day),9.5,Main Contractor - Structural Crew,1.0084,88,,,88,STR-0,Subcontract,"Precast stairs and landings, 2nd floor",197.38,529.36,1875.11,2404.47,2009.94,-394.53,-16.4,2067.1,2009.94,5,100.5,Invoiced,EUR,2015-07-13,
2bOVZypgn3veu4GI9jl2pr,IFCSLAB,Second Floor,,Structural,Floor,Interior,1,N,114,Original,,UITVOERING,Complete,Structural,100,High,N,8 hrs (1 day),9.5,Main Contractor - Structural Crew,1.0084,88,,,88,STR-0,Subcontract,"Precast stairs and landings, 2nd floor",197.38,529.36,1875.11,2404.47,2009.94,-394.53,-16.4,2067.1,2009.94,5,100.5,Invoiced,EUR,2015-07-13,
3JnGo5kRD3kv3Rkne47JeJ,IFCSLAB,Third Floor,,Structural,Floor,Exterior,36,N,,Original,,UITVOERING,Complete,Structural,100,High,Yes,,,Main Contractor - Structural Crew,,,,,,STR-0,Subcontract,,,,,,,,,,,5,,,EUR,,
1Y55qRPPPCRhLwNtBw8nIA,IFCSLAB,Third Floor,,Structural,Floor,Exterior,36,N,,Original,,UITVOERING,Complete,Structural,100,High,Yes,,,Main Contractor - Structural Crew,,,,,,STR-0,Subcontract,,,,,,,,,,,5,,,EUR,,
1S4kav8FL1RQylSmEgz4YB,IFCSLAB,Third Floor,Apartment 8,Structural,Floor,Interior,36,N,,Original,,UITVOERING,Complete,Structural,100,High,Yes,,,Main Contractor - Structural Crew,,,,,,STR-0,Subcontract,,,,,,,,,,,5,,,EUR,,
23jZ8BYuD3JQAc1sRY1ypr,IFCSLAB,Third Floor,Apartment 7,Structural,Floor,Interior,36,N,,Original,,UITVOERING,Complete,Structural,100,High,Yes,,,Main Contractor - Structural Crew,,,,,,STR-0,Subcontract,,,,,,,,,,,5,,,EUR,,
0MTjgouej41vc5kR6nZXQG,IFCSLAB,Third Floor,Apartment 7,Structural,Floor,Interior,36,N,,Original,,UITVOERING,Complete,Structural,100,High,Yes,,,Main Contractor - Structural Crew,,,,,,STR-0,Subcontract,,,,,,,,,,,5,,,EUR,,
1H88Aq3XD3j98yuey8MDDj,IFCSLAB,Third Floor,Apartment 7,Structural,Floor,Interior,36,N,,Original,,UITVOERING,Complete,Structural,100,High,Yes,,,Main Contractor - Structural Crew,,,,,,STR-0,Subcontract,,,,,,,,,,,5,,,EUR,,
3pG6Qgm9z3BByeQ1OKEmau,IFCSLAB,Third Floor,Apartment 7,Structural,Floor,Interior,36,N,,Original,,UITVOERING,Complete,Structural,100,High,Yes,,,Main Contractor - Structural Crew,,,,,,STR-0,Subcontract,,,,,,,,,,,5,,,EUR,,
1pRH$qNy55BR7B$JxNXYH$,IFCSLAB,Third Floor,Apartment 7,Structural,Floor,Interior,36,N,,Original,,UITVOERING,Complete,Structural,100,High,Yes,,,Main Contractor - Structural Crew,,,,,,STR-0,Subcontract,,,,,,,,,,,5,,,EUR,,
1CdYrpLtD2wuxJCq5tooJl,IFCSLAB,Third Floor,Apartment 8,Structural,Floor,Interior,36,N,,Original,,UITVOERING,Complete,Structural,100,High,Yes,,,Main Contractor - Structural Crew,,,,,,STR-0,Subcontract,,,,,,,,,,,5,,,EUR,,
2OQCgPiQv7IPpLtWt$dHbD,IFCSLAB,Third Floor,Apartment 8,Structural,Floor,Interior,36,N,,Original,,UITVOERING,Complete,Structural,100,High,Yes,,,Main Contractor - Structural Crew,,,,,,STR-0,Subcontract,,,,,,,,,,,5,,,EUR,,
3C2fvEKUr00BlwuG1or05l,IFCSLAB,Third Floor,Apartment 8,Structural,Floor,Interior,36,N,,Original,,UITVOERING,Complete,Structural,100,High,Yes,,,Main Contractor - Structural Crew,,,,,,STR-0,Subcontract,,,,,,,,,,,5,,,EUR,,
3VK06fkLr3MfpgZhk2ZxRI,IFCSLAB,Third Floor,Apartment 8,Structural,Floor,Interior,36,N,,Original,,UITVOERING,Complete,Structural,100,High,Yes,,,Main Contractor - Structural Crew,,,,,,STR-0,Subcontract,,,,,,,,,,,5,,,EUR,,
2ebzGcSDj2Cf3lvWw81TRa,IFCSLAB,Third Floor,Apartment 8,Structural,Floor,Interior,36,N,,Original,,UITVOERING,Complete,Structural,100,High,Yes,,,Main Contractor - Structural Crew,,,,,,STR-0,Subcontract,,,,,,,,,,,5,,,EUR,,
3AqFO5i0TDCQqSc0OVWUzc,IFCSLAB,Third Floor,Apartment 8,Structural,Floor,Interior,36,N,,Original,,UITVOERING,Complete,Structural,100,High,Yes,,,Main Contractor - Structural Crew,,,,,,STR-0,Subcontract,,,,,,,,,,,5,,,EUR,,
3RcgO_0A18ORamoBzt$oQ9,IFCSLAB,Third Floor,,Structural,Floor,Interior,36,N,,Original,,UITVOERING,Complete,Structural,100,High,Yes,,,Main Contractor - Structural Crew,,,,,,STR-0,Subcontract,,,,,,,,,,,5,,,EUR,,
208bKcFObBc8ucwRJqscKk,IFCSLAB,Third Floor,Apartment 9,Structural,Floor,Exterior,36,N,,Original,,UITVOERING,Complete,Structural,100,High,Yes,,,Main Contractor - Structural Crew,,,,,,STR-0,Subcontract,,,,,,,,,,,5,,,EUR,,
3cj6_fAyT6kPILoDF$wKMX,IFCSLAB,Third Floor,Apartment 9,Structural,Floor,Exterior,36,N,,Original,,UITVOERING,Complete,Structural,100,High,Yes,,,Main Contractor - Structural Crew,,,,,,STR-0,Subcontract,,,,,,,,,,,5,,,EUR,,
2vutFlEAD3Ugi_zdTrbWBS,IFCSLAB,Third Floor,Apartment 9,Structural,Floor,Exterior,36,N,,Original,,UITVOERING,Complete,Structural,100,High,Yes,,,Main Contractor - Structural Crew,,,,,,STR-0,Subcontract,,,,,,,,,,,5,,,EUR,,
2HEBa_Npr1jQ8s9obbPF2y,IFCSLAB,Third Floor,,Structural,Floor,Exterior,36,N,,Original,,UITVOERING,Complete,Structural,100,High,Yes,,,Main Contractor - Structural Crew,,,,,,STR-0,Subcontract,,,,,,,,,,,5,,,EUR,,
2wsdn60pL2PgWkM4Apz3uQ,IFCSLAB,Third Floor,,Structural,Floor,Exterior,36,N,,Original,,UITVOERING,Complete,Structural,100,High,Yes,,,Main Contractor - Structural Crew,,,,,,STR-0,Subcontract,,,,,,,,,,,5,,,EUR,,
3XdwbHlMf53wMrtC2PO79d,IFCSLAB,Third Floor,,Structural,Floor,Exterior,36,N,,Original,,UITVOERING,Complete,Structural,100,High,Yes,,,Main Contractor - Structural Crew,,,,,,STR-0,Subcontract,,,,,,,,,,,5,,,EUR,,
0m0I4KgsXEGRQe2Tq5guRM,IFCSLAB,Third Floor,,Structural,Floor,Exterior,36,N,,Original,,UITVOERING,Complete,Structural,100,High,Yes,,,Main Contractor - Structural Crew,,,,,,STR-0,Subcontract,,,,,,,,,,,5,,,EUR,,
230CzH9r97RxWhaS7vmI4K,IFCSLAB,Third Floor,Apartment 9,Structural,Floor,Exterior,36,N,,Original,,UITVOERING,Complete,Structural,100,High,Yes,,,Main Contractor - Structural Crew,,,,,,STR-0,Subcontract,,,,,,,,,,,5,,,EUR,,
2bnmrBiIfCoQCmG_dJX3q2,IFCSLAB,Third Floor,Apartment 9,Structural,Floor,Exterior,36,N,,Original,,UITVOERING,Complete,Structural,100,High,Yes,,,Main Contractor - Structural Crew,,,,,,STR-0,Subcontract,,,,,,,,,,,5,,,EUR,,
2NATeAkvnCxgoLp$zXNJDG,IFCSLAB,Third Floor,Apartment 9,Structural,Floor,Exterior,36,N,,Original,,UITVOERING,Complete,Structural,100,High,Yes,,,Main Contractor - Structural Crew,,,,,,STR-0,Subcontract,,,,,,,,,,,5,,,EUR,,
2nJAO3UnH0JuhOgnPY7o0D,IFCSLAB,Third Floor,Apartment 10,Structural,Floor,Exterior,36,N,,Original,,UITVOERING,Complete,Structural,100,High,Yes,,,Main Contractor - Structural Crew,,,,,,STR-0,Subcontract,,,,,,,,,,,5,,,EUR,,
3R1RBkDqD7iBFqSmsKgnyx,IFCSLAB,Third Floor,Apartment 10,Structural,Floor,Exterior,36,N,,Original,,UITVOERING,Complete,Structural,100,High,Yes,,,Main Contractor - Structural Crew,,,,,,STR-0,Subcontract,,,,,,,,,,,5,,,EUR,,
3wNwkdwNf7kBh8Eh5_$5AF,IFCSLAB,Third Floor,,Structural,Floor,Exterior,36,N,,Original,,UITVOERING,Complete,Structural,100,High,Yes,,,Main Contractor - Structural Crew,,,,,,STR-0,Subcontract,,,,,,,,,,,5,,,EUR,,
2M6iV1w3L7VB9hYFPSL_6J,IFCSLAB,Third Floor,,Structural,Floor,Exterior,36,N,,Original,,UITVOERING,Complete,Structural,100,High,Yes,,,Main Contractor - Structural Crew,,,,,,STR-0,Subcontract,,,,,,,,,,,5,,,EUR,,
14qqjZl7f5_O1QcMnFBPgA,IFCSLAB,Third Floor,,Structural,Floor,Exterior,36,N,,Original,,UITVOERING,Complete,Structural,100,High,Yes,,,Main Contractor - Structural Crew,,,,,,STR-0,Subcontract,,,,,,,,,,,5,,,EUR,,
2ejS5cDxLFQhvzUC_qNbGC,IFCSLAB,Third Floor,,Structural,Floor,Exterior,36,N,,Original,,UITVOERING,Complete,Structural,100,High,Yes,,,Main Contractor - Structural Crew,,,,,,STR-0,Subcontract,,,,,,,,,,,5,,,EUR,,
03i6tXqM92pRcyXdK4pHfZ,IFCSLAB,Third Floor,,Structural,Floor,Exterior,36,N,,Original,,UITVOERING,Complete,Structural,100,High,Yes,,,Main Contractor - Structural Crew,,,,,,STR-0,Subcontract,,,,,,,,,,,5,,,EUR,,
0tr9H3L4z0bgmFmHrjfIlm,IFCSLAB,Third Floor,,Structural,Floor,Exterior,36,N,,Original,,UITVOERING,Complete,Structural,100,High,Yes,,,Main Contractor - Structural Crew,,,,,,STR-0,Subcontract,,,,,,,,,,,5,,,EUR,,
2y77Wo22nAL9U8bQl$_LJJ,IFCSLAB,Third Floor,,Structural,Floor,Exterior,36,N,,Original,,UITVOERING,Complete,Structural,100,High,Yes,,,Main Contractor - Structural Crew,,,,,,STR-0,Subcontract,,,,,,,,,,,5,,,EUR,,
0gCnprdT1BYw$FV0IhK4K2,IFCSLAB,Third Floor,,Structural,Floor,Exterior,36,N,,Original,,UITVOERING,Complete,Structural,100,High,Yes,,,Main Contractor - Structural Crew,,,,,,STR-0,Subcontract,,,,,,,,,,,5,,,EUR,,
2vGfAAaCDC$u2rePIbFqLy,IFCSLAB,Third Floor,,Structural,Floor,Exterior,36,N,,Original,,UITVOERING,Complete,Structural,100,High,Yes,,,Main Contractor - Structural Crew,,,,,,STR-0,Subcontract,,,,,,,,,,,5,,,EUR,,
3XRFYXp0L3jv3w1tgjXD2W,IFCSLAB,Third Floor,,Structural,Floor,Exterior,36,N,,Original,,UITVOERING,Complete,Structural,100,High,Yes,,,Main Contractor - Structural Crew,,,,,,STR-0,Subcontract,,,,,,,,,,,5,,,EUR,,
2wdkOxZDD4qQGeJ0R9Eu_y,IFCSLAB,Third Floor,,Structural,Floor,Exterior,36,N,,Original,,UITVOERING,Complete,Structural,100,High,Yes,,,Main Contractor - Structural Crew,,,,,,STR-0,Subcontract,,,,,,,,,,,5,,,EUR,,
2$65Lm72TCPfpHlSfm4bPo,IFCSLAB,Third Floor,,Structural,Floor,Exterior,36,N,,Original,,UITVOERING,Complete,Structural,100,High,Yes,,,Main Contractor - Structural Crew,,,,,,STR-0,Subcontract,,,,,,,,,,,5,,,EUR,,
1hMpM9NJL5ge_OGm0yLfuO,IFCSLAB,Third Floor,,Structural,Floor,Interior,36,N,,Original,,UITVOERING,Complete,Structural,100,High,Yes,,,Main Contractor - Structural Crew,,,,,,STR-0,Subcontract,,,,,,,,,,,5,,,EUR,,
2GKCxEc8DCcQXZmul0WfvP,IFCSLAB,Third Floor,,Structural,Floor,Interior,36,N,,Original,,UITVOERING,Complete,Structural,100,High,Yes,,,Main Contractor - Structural Crew,,,,,,STR-0,Subcontract,,,,,,,,,,,5,,,EUR,,
2m5HGNcWT04BL0QSshC4KA,IFCSLAB,Third Floor,,Structural,Floor,Exterior,36,N,,Original,,UITVOERING,Complete,Structural,100,High,Yes,,,Main Contractor - Structural Crew,,,,,,STR-0,Subcontract,,,,,,,,,,,5,,,EUR,,
3ba9sS8vzCi9NHvwEDPExx,IFCSLAB,Third Floor,,Structural,Floor,Exterior,36,N,,Original,,UITVOERING,Complete,Structural,100,High,Yes,,,Main Contractor - Structural Crew,,,,,,STR-0,Subcontract,,,,,,,,,,,5,,,EUR,,
3MORkgOl16lQy8zTVRCs0O,IFCSLAB,Third Floor,,Structural,Floor,Exterior,36,N,,Original,,UITVOERING,Complete,Structural,100,High,Yes,,,Main Contractor - Structural Crew,,,,,,STR-0,Subcontract,,,,,,,,,,,5,,,EUR,,
0FZ2ZM9d5DIBoZIOWtnXUi,IFCSLAB,Third Floor,,Structural,Floor,Exterior,36,N,,Original,,UITVOERING,Complete,Structural,100,High,Yes,,,Main Contractor - Structural Crew,,,,,,STR-0,Subcontract,,,,,,,,,,,5,,,EUR,,
0cUNscBFPAzvxaou82m7PU,IFCSLAB,Third Floor,Apartment 10,Structural,Floor,Exterior,36,N,,Original,,UITVOERING,Complete,Structural,100,High,Yes,,,Main Contractor - Structural Crew,,,,,,STR-0,Subcontract,,,,,,,,,,,5,,,EUR,,
0P2TI_R_rCoOkYPRW5xJk8,IFCSLAB,Third Floor,,Structural,Floor,Exterior,36,N,,Original,,UITVOERING,Complete,Structural,100,High,Yes,,,Main Contractor - Structural Crew,,,,,,STR-0,Subcontract,,,,,,,,,,,5,,,EUR,,
3X88NCenT88BCur6dUWHN1,IFCSLAB,Third Floor,,Structural,Floor,Exterior,36,N,,Original,,UITVOERING,Complete,Structural,100,High,Yes,,,Main Contractor - Structural Crew,,,,,,STR-0,Subcontract,,,,,,,,,,,5,,,EUR,,
0M1e2eG$96hwzT4wUV$Q8v,IFCSLAB,Third Floor,,Structural,Floor,Exterior,36,N,,Original,,UITVOERING,Complete,Structural,100,High,Yes,,,Main Contractor - Structural Crew,,,,,,STR-0,Subcontract,,,,,,,,,,,5,,,EUR,,
0$jhLwYyD01Oy9ZGgC6CC8,IFCSLAB,Third Floor,,Structural,Floor,Exterior,36,N,,Original,,UITVOERING,Complete,Structural,100,High,Yes,,,Main Contractor - Structural Crew,,,,,,STR-0,Subcontract,,,,,,,,,,,5,,,EUR,,
1blRjj5854xvDlLga$sV2m,IFCSLAB,Third Floor,,Structural,Floor,Interior,36,N,,Original,,UITVOERING,Complete,Structural,100,High,Yes,,,Main Contractor - Structural Crew,,,,,,STR-0,Subcontract,,,,,,,,,,,5,,,EUR,,
3sruW6UjbAcuugSUfH$cuH,IFCSLAB,Third Floor,,Structural,Floor,Exterior,36,N,,Original,,UITVOERING,Complete,Structural,100,High,Yes,,,Main Contractor - Structural Crew,,,,,,STR-0,Subcontract,,,,,,,,,,,5,,,EUR,,
2HT1QptlXCmBlOoXE0NFwh,IFCSLAB,Third Floor,Apartment 10,Structural,Floor,Exterior,36,N,,Original,,UITVOERING,Complete,Structural,100,High,Yes,,,Main Contractor - Structural Crew,,,,,,STR-0,Subcontract,,,,,,,,,,,5,,,EUR,,
3JRVPh_yrDlwCpdavEA8oD,IFCSLAB,Third Floor,,Structural,Floor,Exterior,36,N,,Original,,UITVOERING,Complete,Structural,100,High,Yes,,,Main Contractor - Structural Crew,,,,,,STR-0,Subcontract,,,,,,,,,,,5,,,EUR,,
0Bmn53Z2fFOh7cTWkmLXNQ,IFCSLAB,Third Floor,,Structural,Floor,Exterior,36,N,,Original,,UITVOERING,Complete,Structural,100,High,Yes,,,Main Contractor - Structural Crew,,,,,,STR-0,Subcontract,,,,,,,,,,,5,,,EUR,,
19ymqVSczESeP2KD$erpa8,IFCSLAB,Third Floor,,Structural,Floor,Exterior,36,N,,Original,,UITVOERING,Complete,Structural,100,High,Yes,,,Main Contractor - Structural Crew,,,,,,STR-0,Subcontract,,,,,,,,,,,5,,,EUR,,
2rJ_D9OD15OxfhleuqX8IK,IFCSLAB,Third Floor,,Structural,Floor,Exterior,36,N,,Original,,UITVOERING,Complete,Structural,100,High,Yes,,,Main Contractor - Structural Crew,,,,,,STR-0,Subcontract,,,,,,,,,,,5,,,EUR,,
0uDACp5ab5PQznlaOgmnBv,IFCSLAB,Third Floor,,Structural,Floor,Exterior,36,N,,Original,,UITVOERING,Complete,Structural,100,High,Yes,,,Main Contractor - Structural Crew,,,,,,STR-0,Subcontract,,,,,,,,,,,5,,,EUR,,
1C6_0xdun0cQIIHmq4$Tev,IFCSLAB,Third Floor,,Structural,Floor,Exterior,36,N,,Original,,UITVOERING,Complete,Structural,100,High,Yes,,,Main Contractor - Structural Crew,,,,,,STR-0,Subcontract,,,,,,,,,,,5,,,EUR,,
2ljbxVY757oh3U28o$Mplw,IFCSLAB,Third Floor,,Structural,Floor,Exterior,36,N,,Original,,UITVOERING,Complete,Structural,100,High,Yes,,,Main Contractor - Structural Crew,,,,,,STR-0,Subcontract,,,,,,,,,,,5,,,EUR,,
1WSrSNLRn7EvqVoTs$M0PF,IFCSLAB,Third Floor,Apartment 10,Structural,Floor,Exterior,36,N,,Original,,UITVOERING,Complete,Structural,100,High,Yes,,,Main Contractor - Structural Crew,,,,,,STR-0,Subcontract,,,,,,,,,,,5,,,EUR,,
3M4fpBwzf4iQ4c3fvQBeRj,IFCSLAB,Third Floor,,Structural,Floor,Exterior,36,N,,Original,,UITVOERING,Complete,Structural,100,High,Yes,,,Main Contractor - Structural Crew,,,,,,STR-0,Subcontract,,,,,,,,,,,5,,,EUR,,
3cJFqtukHCAfLVbyFxBs__,IFCSLAB,Third Floor,,Structural,Floor,Exterior,36,N,,Original,,UITVOERING,Complete,Structural,100,High,Yes,,,Main Contractor - Structural Crew,,,,,,STR-0,Subcontract,,,,,,,,,,,5,,,EUR,,
251Lqt4LjE9Rr$wq4BqN$h,IFCSLAB,Third Floor,,Structural,Floor,Exterior,36,N,,Original,,UITVOERING,Complete,Structural,100,High,Yes,,,Main Contractor - Structural Crew,,,,,,STR-0,Subcontract,,,,,,,,,,,5,,,EUR,,
25wmD99kP49vNjkioNsfxV,IFCSLAB,Third Floor,,Structural,Floor,Exterior,36,N,,Original,,UITVOERING,Complete,Structural,100,High,Yes,,,Main Contractor - Structural Crew,,,,,,STR-0,Subcontract,,,,,,,,,,,5,,,EUR,,
2KYFELha55M8mkz2cp9hbD,IFCSLAB,Third Floor,Apartment 10,Structural,Floor,Exterior,36,N,,Original,,UITVOERING,Complete,Structural,100,High,Yes,,,Main Contractor - Structural Crew,,,,,,STR-0,Subcontract,,,,,,,,,,,5,,,EUR,,
3x3aB3jdLDwecrkVRvbpz7,IFCSLAB,Third Floor,Apartment 10,Structural,Floor,Exterior,36,N,,Original,,UITVOERING,Complete,Structural,100,High,Yes,,,Main Contractor - Structural Crew,,,,,,STR-0,Subcontract,,,,,,,,,,,5,,,EUR,,
3rT2B46bX7bfYW98$CQ_BF,IFCSLAB,Third Floor,Apartment 10,Structural,Floor,Exterior,36,N,,Original,,UITVOERING,Complete,Structural,100,High,Yes,,,Main Contractor - Structural Crew,,,,,,STR-0,Subcontract,,,,,,,,,,,5,,,EUR,,
3TMPpMSyn6_xrsGAT9pObK,IFCSLAB,Third Floor,Apartment 10,Structural,Floor,Exterior,36,N,,Original,,UITVOERING,Complete,Structural,100,High,Yes,,,Main Contractor - Structural Crew,,,,,,STR-0,Subcontract,,,,,,,,,,,5,,,EUR,,
0PqbLmY4j1RPqNOOK2eDc9,IFCSLAB,Third Floor,Apartment 9,Structural,Floor,Interior,36,N,,Original,,UITVOERING,Complete,Structural,100,High,Yes,,,Main Contractor - Structural Crew,,,,,,STR-0,Subcontract,,,,,,,,,,,5,,,EUR,,
0NoCl6BDz7XeoXwbToQuxv,IFCSLAB,Third Floor,Apartment 9,Structural,Floor,Interior,36,N,,Original,,UITVOERING,Complete,Structural,100,High,Yes,,,Main Contractor - Structural Crew,,,,,,STR-0,Subcontract,,,,,,,,,,,5,,,EUR,,
1AdGVsRPb4RRWb4qvI7uRy,IFCSLAB,Third Floor,Apartment 9,Structural,Floor,Interior,36,N,,Original,,UITVOERING,Complete,Structural,100,High,Yes,,,Main Contractor - Structural Crew,,,,,,STR-0,Subcontract,,,,,,,,,,,5,,,EUR,,
3F1xvX$9TFOQyspn6Ek2Cs,IFCSLAB,Third Floor,Apartment 9,Structural,Floor,Interior,36,N,,Original,,UITVOERING,Complete,Structural,100,High,Yes,,,Main Contractor - Structural Crew,,,,,,STR-0,Subcontract,,,,,,,,,,,5,,,EUR,,
0K9UoAj6n9HvS0pMeXdVOy,IFCSLAB,Third Floor,Apartment 9,Structural,Floor,Interior,36,N,,Original,,UITVOERING,Complete,Structural,100,High,Yes,,,Main Contractor - Structural Crew,,,,,,STR-0,Subcontract,,,,,,,,,,,5,,,EUR,,
11b4l8r$L2VO3CaHmD2Nt0,IFCSLAB,Third Floor,Apartment 9,Structural,Floor,Interior,36,N,,Original,,UITVOERING,Complete,Structural,100,High,Yes,,,Main Contractor - Structural Crew,,,,,,STR-0,Subcontract,,,,,,,,,,,5,,,EUR,,
0BA5pIAPb4QBkmNlgEbu7Z,IFCSLAB,Third Floor,Apartment 9,Structural,Floor,Interior,36,N,,Original,,UITVOERING,Complete,Structural,100,High,Yes,,,Main Contractor - Structural Crew,,,,,,STR-0,Subcontract,,,,,,,,,,,5,,,EUR,,
27vIv2l_z50whfg_2wR_Jh,IFCSLAB,Third Floor,Apartment 10,Structural,Floor,Interior,36,N,,Original,,UITVOERING,Complete,Structural,100,High,Yes,,,Main Contractor - Structural Crew,,,,,,STR-0,Subcontract,,,,,,,,,,,5,,,EUR,,
0rH_wyN7P26e3gGvknLdfN,IFCSLAB,Third Floor,Apartment 10,Structural,Floor,Interior,36,N,,Original,,UITVOERING,Complete,Structural,100,High,Yes,,,Main Contractor - Structural Crew,,,,,,STR-0,Subcontract,,,,,,,,,,,5,,,EUR,,
2xJxW3_1LEheyM8N4ef$kW,IFCSLAB,Third Floor,Apartment 10,Structural,Floor,Interior,36,N,,Original,,UITVOERING,Complete,Structural,100,High,Yes,,,Main Contractor - Structural Crew,,,,,,STR-0,Subcontract,,,,,,,,,,,5,,,EUR,,
2Zh_HSGGPDUAc40uyeUaqQ,IFCSLAB,Third Floor,Apartment 10,Structural,Floor,Interior,36,N,,Original,,UITVOERING,Complete,Structural,100,High,Yes,,,Main Contractor - Structural Crew,,,,,,STR-0,Subcontract,,,,,,,,,,,5,,,EUR,,
3nz7uS4R5DovP3jeKI_v93,IFCSLAB,Third Floor,Apartment 10,Structural,Floor,Interior,36,N,,Original,,UITVOERING,Complete,Structural,100,High,Yes,,,Main Contractor - Structural Crew,,,,,,STR-0,Subcontract,,,,,,,,,,,5,,,EUR,,
25tyzjfSP76hJKtX0Kf9lQ,IFCSLAB,Third Floor,Apartment 10,Structural,Floor,Interior,36,N,,Original,,UITVOERING,Complete,Structural,100,High,Yes,,,Main Contractor - Structural Crew,,,,,,STR-0,Subcontract,,,,,,,,,,,5,,,EUR,,
3XV8C2cOLDNhkQGD3$xxPe,IFCSLAB,Third Floor,Apartment 10,Structural,Floor,Interior,36,N,,Original,,UITVOERING,Complete,Structural,100,High,Yes,,,Main Contractor - Structural Crew,,,,,,STR-0,Subcontract,,,,,,,,,,,5,,,EUR,,
3RJ4kV2Lr6Ye3XokonTVkI,IFCSLAB,Third Floor,,Structural,Floor,Interior,36,N,,Original,,UITVOERING,Complete,Structural,100,High,Yes,,,Main Contractor - Structural Crew,,,,,,STR-0,Subcontract,,,,,,,,,,,5,,,EUR,,
0R01g3qJzFSxv4gJ4$3cXG,IFCSLAB,Roof,,Structural,Floor,Exterior,36,N,,Original,,UITVOERING,Complete,Structural,100,High,Yes,,,Main Contractor - Structural Crew,,,,,,STR-0,Subcontract,,,,,,,,,,,5,,,EUR,,
3FNJ$2Wdn2kP$lyqGxZYDn,IFCSLAB,Roof,Apartment 10,Structural,Floor,Exterior,36,N,,Original,,UITVOERING,Complete,Structural,100,High,Yes,,,Main Contractor - Structural Crew,,,,,,STR-0,Subcontract,,,,,,,,,,,5,,,EUR,,
1zSO73pt58WgpU6aeLSlbY,IFCSLAB,Roof,Apartment 9,Structural,Floor,Exterior,36,N,,Original,,UITVOERING,Complete,Structural,100,High,Yes,,,Main Contractor - Structural Crew,,,,,,STR-0,Subcontract,,,,,,,,,,,5,,,EUR,,
1wuh6sjeT00uLlgKuqZKO1,IFCSLAB,Roof,Apartment 10,Structural,Floor,Exterior,36,N,,Original,,UITVOERING,Complete,Structural,100,High,Yes,,,Main Contractor - Structural Crew,,,,,,STR-0,Subcontract,,,,,,,,,,,5,,,EUR,,
2sQQOHvvn90RraU1PncqLF,IFCSLAB,Roof,Apartment 9,Structural,Floor,Exterior,36,N,,Original,,UITVOERING,Complete,Structural,100,High,Yes,,,Main Contractor - Structural Crew,,,,,,STR-0,Subcontract,,,,,,,,,,,5,,,EUR,,
2UkNEhSU99wxIlgSLDnlY5,IFCSLAB,Roof,Apartment 9,Structural,Floor,Exterior,36,N,,Original,,UITVOERING,Complete,Structural,100,High,Yes,,,Main Contractor - Structural Crew,,,,,,STR-0,Subcontract,,,,,,,,,,,5,,,EUR,,
0bRJSA0Oz6NeAWECfwArnR,IFCSLAB,Roof,Apartment 10,Structural,Floor,Exterior,36,N,,Original,,UITVOERING,Complete,Structural,100,High,Yes,,,Main Contractor - Structural Crew,,,,,,STR-0,Subcontract,,,,,,,,,,,5,,,EUR,,
2o7xQ9ZfP3GB2M6B7oQ_P3,IFCSLAB,Roof,Apartment 10,Structural,Floor,Exterior,36,N,,Original,,UITVOERING,Complete,Structural,100,High,Yes,,,Main Contractor - Structural Crew,,,,,,STR-0,Subcontract,,,,,,,,,,,5,,,EUR,,
2qj4JD$qL8rwGXap2mJd2_,IFCSLAB,Roof,Apartment 10,Structural,Floor,Exterior,36,N,,Original,,UITVOERING,Complete,Structural,100,High,Yes,,,Main Contractor - Structural Crew,,,,,,STR-0,Subcontract,,,,,,,,,,,5,,,EUR,,
0SX7yPVRb06hAYFrxAJ8KC,IFCSLAB,Roof,,Structural,Floor,Exterior,36,N,,Original,,UITVOERING,Complete,Structural,100,High,Yes,,,Main Contractor - Structural Crew,,,,,,STR-0,Subcontract,,,,,,,,,,,5,,,EUR,,
3gkzTZGgn9L8ymV7puXSKG,IFCSLAB,Roof,,Structural,Floor,Exterior,36,N,,Original,,UITVOERING,Complete,Structural,100,High,Yes,,,Main Contractor - Structural Crew,,,,,,STR-0,Subcontract,,,,,,,,,,,5,,,EUR,,
1VvzV9bwH6dB75qr1$srOX,IFCSTAIR,Ground Floor,,General/Site,Floor,Interior,1,N,39,Original,,UITVOERING,Complete,General/Site,100,Low,N,8 hrs (1 day),1,Main Contractor,1.0031,35,,,35,GEN-0,Subcontract,Install ground floor sealing membrane,130.96,354,130.96,484.96,464.41,-20.55,-4.2,479.6,464.41,5,23.22,Paid,EUR,2015-04-07,
1tEKFbmYf1ww$GepEWG7ar,IFCSTAIR,Ground Floor,,General/Site,Floor,Interior,1,N,39,Original,,UITVOERING,Complete,General/Site,100,Low,N,8 hrs (1 day),1,Main Contractor,1.0031,35,,,35,GEN-0,Subcontract,Install ground floor sealing membrane,130.96,354,130.96,484.96,464.41,-20.55,-4.2,479.6,464.41,5,23.22,Paid,EUR,2015-04-07,
0b$JzCXYH5exPzWhcL8kgj,IFCSTAIR,Ground Floor,,General/Site,Floor,Interior,1,N,39,Original,,UITVOERING,Complete,General/Site,100,Low,N,8 hrs (1 day),1,Main Contractor,1.0031,35,,,35,GEN-0,Subcontract,Install ground floor sealing membrane,130.96,354,130.96,484.96,464.41,-20.55,-4.2,479.6,464.41,5,23.22,Paid,EUR,2015-04-07,
0jZ0KfZxz8BQL8ZDATGOfF,IFCSTAIR,First Floor,,General/Site,Floor,Interior,0,,,,,,,,,,,,,,,,,,,,,,,,,,,,,,,,,,,,
1ImJUzssz2EfAnoEV3fllB,IFCSTAIR,First Floor,,General/Site,Floor,Interior,0,,,,,,,,,,,,,,,,,,,,,,,,,,,,,,,,,,,,
2zM1Tk9LH6aQ9sE5J9MG5E,IFCSTAIR,First Floor,,General/Site,Floor,Interior,0,,,,,,,,,,,,,,,,,,,,,,,,,,,,,,,,,,,,
0TWmTOBPH0afnbECFJTJU9,IFCSTAIR,Second Floor,,General/Site,Floor,Interior,0,,,,,,,,,,,,,,,,,,,,,,,,,,,,,,,,,,,,
2AxmdTss5DgR7LwNn2YGAN,IFCSTAIR,Second Floor,,General/Site,Floor,Interior,0,,,,,,,,,,,,,,,,,,,,,,,,,,,,,,,,,,,,
07XglCvfr2NBer4fwBJv6e,IFCSTAIR,Second Floor,,General/Site,Floor,Interior,0,,,,,,,,,,,,,,,,,,,,,,,,,,,,,,,,,,,,
3cAt3keOr5IAqWcOfbuNAx,IFCWALL,Foundation,,Facade,Wall,Exterior,20,N,,,,GEVEL,In Progress,Facade,95,Medium,Y,,,Facade/Masonry Subcontractor,,,,,,FAC-0,Subcontract,,,,,,,,,,,5,,,EUR,,
1nZz9768j4pAFS7rcljTUA,IFCWALL,Foundation,,Facade,Wall,Exterior,20,N,,,,GEVEL,In Progress,Facade,95,Medium,Y,,,Facade/Masonry Subcontractor,,,,,,FAC-0,Subcontract,,,,,,,,,,,5,,,EUR,,
3k4bKKm$v3NhnNEkaCaT8m,IFCWALL,Foundation,,Facade,Wall,Exterior,20,N,,,,GEVEL,In Progress,Facade,95,Medium,Y,,,Facade/Masonry Subcontractor,,,,,,FAC-0,Subcontract,,,,,,,,,,,5,,,EUR,,
1Smy9UIZz0PuzXFjRN_8t9,IFCWALL,Foundation,,Facade,Wall,Exterior,20,N,,,,GEVEL,In Progress,Facade,95,Medium,Y,,,Facade/Masonry Subcontractor,,,,,,FAC-0,Subcontract,,,,,,,,,,,5,,,EUR,,
3KLNE8pAj368INMalwxWdL,IFCWALL,Foundation,,Facade,Wall,Exterior,20,N,,,,GEVEL,In Progress,Facade,95,Medium,Y,,,Facade/Masonry Subcontractor,,,,,,FAC-0,Subcontract,,,,,,,,,,,5,,,EUR,,
27UY7Jvcf9lwFMjSTxNQnh,IFCWALL,Foundation,,Facade,Wall,Exterior,20,N,,,,GEVEL,In Progress,Facade,95,Medium,Y,,,Facade/Masonry Subcontractor,,,,,,FAC-0,Subcontract,,,,,,,,,,,5,,,EUR,,
3ZT2xJqOf95AGfYHSE9vsv,IFCWALL,Foundation,,Facade,Wall,Exterior,20,N,,,,GEVEL,In Progress,Facade,95,Medium,Y,,,Facade/Masonry Subcontractor,,,,,,FAC-0,Subcontract,,,,,,,,,,,5,,,EUR,,
251MpPi5nDfgW6sNnBdgEm,IFCWALL,Foundation,,Facade,Wall,Exterior,20,N,,,,GEVEL,In Progress,Facade,95,Medium,Y,,,Facade/Masonry Subcontractor,,,,,,FAC-0,Subcontract,,,,,,,,,,,5,,,EUR,,
0PbuAnDOv9MROtn6VXvlS9,IFCWALL,Foundation,,Facade,Wall,Exterior,20,N,,,,GEVEL,In Progress,Facade,95,Medium,Y,,,Facade/Masonry Subcontractor,,,,,,FAC-0,Subcontract,,,,,,,,,,,5,,,EUR,,
2Q3H7PK0j5Ux$7$peFmB5R,IFCWALL,Foundation,,Facade,Wall,Exterior,20,N,,,,GEVEL,In Progress,Facade,95,Medium,Y,,,Facade/Masonry Subcontractor,,,,,,FAC-0,Subcontract,,,,,,,,,,,5,,,EUR,,
0lV3_6JX5Dn8WMYQWopUL4,IFCWALL,Foundation,,Facade,Wall,Exterior,20,N,,,,GEVEL,In Progress,Facade,95,Medium,Y,,,Facade/Masonry Subcontractor,,,,,,FAC-0,Subcontract,,,,,,,,,,,5,,,EUR,,
3GkVJkbxnCbBdkElcpIobH,IFCWALL,Foundation,,Facade,Wall,Exterior,20,N,,,,GEVEL,In Progress,Facade,95,Medium,Y,,,Facade/Masonry Subcontractor,,,,,,FAC-0,Subcontract,,,,,,,,,,,5,,,EUR,,
2KaTlAZm90L8ylCN2TaJL1,IFCWALL,Foundation,,Facade,Wall,Exterior,20,N,,,,GEVEL,In Progress,Facade,95,Medium,Y,,,Facade/Masonry Subcontractor,,,,,,FAC-0,Subcontract,,,,,,,,,,,5,,,EUR,,
0OwiY0E_H6nAVOZ5L_gs8R,IFCWALL,Foundation,,Facade,Wall,Exterior,20,N,,,,GEVEL,In Progress,Facade,95,Medium,Y,,,Facade/Masonry Subcontractor,,,,,,FAC-0,Subcontract,,,,,,,,,,,5,,,EUR,,
3l4LEWO$z6PR20zTCo0DFf,IFCWALL,Foundation,,Facade,Wall,Exterior,20,N,,,,GEVEL,In Progress,Facade,95,Medium,Y,,,Facade/Masonry Subcontractor,,,,,,FAC-0,Subcontract,,,,,,,,,,,5,,,EUR,,
09TMGnoXvA0QiwTfqmChQ0,IFCWALL,Foundation,,Facade,Wall,Exterior,20,N,,,,GEVEL,In Progress,Facade,95,Medium,Y,,,Facade/Masonry Subcontractor,,,,,,FAC-0,Subcontract,,,,,,,,,,,5,,,EUR,,
0mvjiuGlP7MPeepglQyQNO,IFCWALL,Foundation,,Facade,Wall,Exterior,20,N,,,,GEVEL,In Progress,Facade,95,Medium,Y,,,Facade/Masonry Subcontractor,,,,,,FAC-0,Subcontract,,,,,,,,,,,5,,,EUR,,
2pbiLPvmT6YhtHLcp58S99,IFCWALL,Foundation,,Facade,Wall,Exterior,20,N,,,,GEVEL,In Progress,Facade,95,Medium,Y,,,Facade/Masonry Subcontractor,,,,,,FAC-0,Subcontract,,,,,,,,,,,5,,,EUR,,
2D4tEzzn96KxhitMgTCmsY,IFCWALL,Foundation,,Facade,Wall,Exterior,20,N,,,,GEVEL,In Progress,Facade,95,Medium,Y,,,Facade/Masonry Subcontractor,,,,,,FAC-0,Subcontract,,,,,,,,,,,5,,,EUR,,
0I38IR49XCjeOw$CuPT3ZI,IFCWALL,Foundation,,Facade,Wall,Exterior,20,N,,,,GEVEL,In Progress,Facade,95,Medium,Y,,,Facade/Masonry Subcontractor,,,,,,FAC-0,Subcontract,,,,,,,,,,,5,,,EUR,,
1zGerOGCD5Rvedyb1slEai,IFCWALL,Foundation,,Facade,Wall,Exterior,20,N,,,,GEVEL,In Progress,Facade,95,Medium,Y,,,Facade/Masonry Subcontractor,,,,,,FAC-0,Subcontract,,,,,,,,,,,5,,,EUR,,
2LY4pySAHCMRiOW6gZJB2k,IFCWALL,Foundation,,Facade,Wall,Exterior,20,N,,,,GEVEL,In Progress,Facade,95,Medium,Y,,,Facade/Masonry Subcontractor,,,,,,FAC-0,Subcontract,,,,,,,,,,,5,,,EUR,,
3nSAIsE4n8sBWbxoPQ5dy9,IFCWALL,Foundation,,Facade,Wall,Exterior,20,N,,,,GEVEL,In Progress,Facade,95,Medium,Y,,,Facade/Masonry Subcontractor,,,,,,FAC-0,Subcontract,,,,,,,,,,,5,,,EUR,,
0HIb$9Byf2ZBlCjcOu2Qju,IFCWALL,Foundation,,Facade,Wall,Exterior,20,N,,,,GEVEL,In Progress,Facade,95,Medium,Y,,,Facade/Masonry Subcontractor,,,,,,FAC-0,Subcontract,,,,,,,,,,,5,,,EUR,,
01nWzpou174OweRJuvV0oN,IFCWALL,Foundation,,Facade,Wall,Exterior,20,N,,,,GEVEL,In Progress,Facade,95,Medium,Y,,,Facade/Masonry Subcontractor,,,,,,FAC-0,Subcontract,,,,,,,,,,,5,,,EUR,,
1j$4rRHLz1HQbuBG5lkdFZ,IFCWALL,Foundation,,Facade,Wall,Exterior,20,N,,,,GEVEL,In Progress,Facade,95,Medium,Y,,,Facade/Masonry Subcontractor,,,,,,FAC-0,Subcontract,,,,,,,,,,,5,,,EUR,,
0ahwXaU353xOITjLmOzUt4,IFCWALL,Foundation,,Facade,Wall,Exterior,20,N,,,,GEVEL,In Progress,Facade,95,Medium,Y,,,Facade/Masonry Subcontractor,,,,,,FAC-0,Subcontract,,,,,,,,,,,5,,,EUR,,
16qUObfsXFShDHc3t7gGIZ,IFCWALL,Foundation,,Facade,Wall,Exterior,20,N,,,,GEVEL,In Progress,Facade,95,Medium,Y,,,Facade/Masonry Subcontractor,,,,,,FAC-0,Subcontract,,,,,,,,,,,5,,,EUR,,
2MO6G9ns58cQ7xbcbLdz06,IFCWALL,Foundation,,Facade,Wall,Exterior,20,N,,,,GEVEL,In Progress,Facade,95,Medium,Y,,,Facade/Masonry Subcontractor,,,,,,FAC-0,Subcontract,,,,,,,,,,,5,,,EUR,,
0Yg$3eCdj5TfoJlEv2sNBN,IFCWALL,Foundation,,Facade,Wall,Exterior,20,N,,,,GEVEL,In Progress,Facade,95,Medium,Y,,,Facade/Masonry Subcontractor,,,,,,FAC-0,Subcontract,,,,,,,,,,,5,,,EUR,,
1fGrQYIYP4IxWBDX0HVDV6,IFCWALL,Foundation,,Facade,Wall,Exterior,20,N,,,,GEVEL,In Progress,Facade,95,Medium,Y,,,Facade/Masonry Subcontractor,,,,,,FAC-0,Subcontract,,,,,,,,,,,5,,,EUR,,
0j2Oz3Bjz8g95L4tRLEvJR,IFCWALL,Foundation,,Facade,Wall,Exterior,20,N,,,,GEVEL,In Progress,Facade,95,Medium,Y,,,Facade/Masonry Subcontractor,,,,,,FAC-0,Subcontract,,,,,,,,,,,5,,,EUR,,
2du1puVD9BDw_hpi4B0Nz1,IFCWALL,Foundation,,Facade,Wall,Exterior,20,N,,,,GEVEL,In Progress,Facade,95,Medium,Y,,,Facade/Masonry Subcontractor,,,,,,FAC-0,Subcontract,,,,,,,,,,,5,,,EUR,,
07CJSAM0fDC9txPX6iBpVL,IFCWALL,Foundation,,Facade,Wall,Exterior,20,N,,,,GEVEL,In Progress,Facade,95,Medium,Y,,,Facade/Masonry Subcontractor,,,,,,FAC-0,Subcontract,,,,,,,,,,,5,,,EUR,,
0KEODzPAvAYfDEnWfvxPSf,IFCWALL,Foundation,,Facade,Wall,Exterior,20,N,,,,GEVEL,In Progress,Facade,95,Medium,Y,,,Facade/Masonry Subcontractor,,,,,,FAC-0,Subcontract,,,,,,,,,,,5,,,EUR,,
2japyIy5LCh9FVOdjL5sLr,IFCWALL,Foundation,,Facade,Wall,Exterior,20,N,,,,GEVEL,In Progress,Facade,95,Medium,Y,,,Facade/Masonry Subcontractor,,,,,,FAC-0,Subcontract,,,,,,,,,,,5,,,EUR,,
0UEcPQQZf2ruz21iN4LQvo,IFCWALL,Ground Floor,Apartment 3,Structural,Wall,Exterior,1,N,44,Original,,UITVOERING,Complete,Structural,100,High,N,8 hrs (1 day),5.6,Main Contractor - Structural Crew,1.0036,40,,,40,STR-0,Subcontract,"Surveying / setting out, ground floor slab",176.08,556.88,986.05,1542.93,1658.66,115.73,7.5,1779.47,1658.66,5,82.93,Invoiced,EUR,2015-04-10,
1magbedPL42RAhf3XfDKY6,IFCWALL,Ground Floor,Apartment 1,Structural,Wall,Exterior,1,N,44,Original,,UITVOERING,Complete,Structural,100,High,N,8 hrs (1 day),5.6,Main Contractor - Structural Crew,1.0036,40,,,40,STR-0,Subcontract,"Surveying / setting out, ground floor slab",176.08,556.88,986.05,1542.93,1658.66,115.73,7.5,1779.47,1658.66,5,82.93,Invoiced,EUR,2015-04-10,
0EiOJWQwP8RP1i4VoottS1,IFCWALL,Ground Floor,,Structural,Wall,Interior,1,N,44,Original,,UITVOERING,Complete,Structural,100,High,N,8 hrs (1 day),5.6,Main Contractor - Structural Crew,1.0036,40,,,40,STR-0,Subcontract,"Surveying / setting out, ground floor slab",176.08,556.88,986.05,1542.93,1658.66,115.73,7.5,1779.47,1658.66,5,82.93,Invoiced,EUR,2015-04-10,
2SU_$70IL9dP1iVpfoyafy,IFCWALL,Ground Floor,,Structural,Wall,Interior,1,N,44,Original,,UITVOERING,Complete,Structural,100,High,N,8 hrs (1 day),5.6,Main Contractor - Structural Crew,1.0036,40,,,40,STR-0,Subcontract,"Surveying / setting out, ground floor slab",176.08,556.88,986.05,1542.93,1658.66,115.73,7.5,1779.47,1658.66,5,82.93,Invoiced,EUR,2015-04-10,
19arA5gn17b8SQaKVdvfz3,IFCWALL,Ground Floor,,Structural,Wall,Interior,1,N,44,Original,,UITVOERING,Complete,Structural,100,High,N,8 hrs (1 day),5.6,Main Contractor - Structural Crew,1.0036,40,,,40,STR-0,Subcontract,"Surveying / setting out, ground floor slab",176.08,556.88,986.05,1542.93,1658.66,115.73,7.5,1779.47,1658.66,5,82.93,Invoiced,EUR,2015-04-10,
0exQNtZczDAOyzHY$YLkO2,IFCWALL,Ground Floor,,Structural,Wall,Interior,1,N,44,Original,,UITVOERING,Complete,Structural,100,High,N,8 hrs (1 day),5.6,Main Contractor - Structural Crew,1.0036,40,,,40,STR-0,Subcontract,"Surveying / setting out, ground floor slab",176.08,556.88,986.05,1542.93,1658.66,115.73,7.5,1779.47,1658.66,5,82.93,Invoiced,EUR,2015-04-10,
2OPGVjLwDF0wVnNywHUUlT,IFCWALL,Ground Floor,Apartment 2,Structural,Wall,Exterior,1,N,44,Original,,UITVOERING,Complete,Structural,100,High,N,8 hrs (1 day),5.6,Main Contractor - Structural Crew,1.0036,40,,,40,STR-0,Subcontract,"Surveying / setting out, ground floor slab",176.08,556.88,986.05,1542.93,1658.66,115.73,7.5,1779.47,1658.66,5,82.93,Invoiced,EUR,2015-04-10,
2oV_twygL43RXSDJkKYyRa,IFCWALL,Ground Floor,,Structural,Wall,Exterior,1,N,44,Original,,UITVOERING,Complete,Structural,100,High,N,8 hrs (1 day),5.6,Main Contractor - Structural Crew,1.0036,40,,,40,STR-0,Subcontract,"Surveying / setting out, ground floor slab",176.08,556.88,986.05,1542.93,1658.66,115.73,7.5,1779.47,1658.66,5,82.93,Invoiced,EUR,2015-04-10,
2mrJJwztH1lRWVSJaE436d,IFCWALL,Ground Floor,Apartment 2,Structural,Wall,Exterior,1,N,44,Original,,UITVOERING,Complete,Structural,100,High,N,8 hrs (1 day),5.6,Main Contractor - Structural Crew,1.0036,40,,,40,STR-0,Subcontract,"Surveying / setting out, ground floor slab",176.08,556.88,986.05,1542.93,1658.66,115.73,7.5,1779.47,1658.66,5,82.93,Invoiced,EUR,2015-04-10,
3HjuPtyCPEmu97uERfnDFZ,IFCWALL,Ground Floor,Apartment 2,Structural,Wall,Exterior,1,N,44,Original,,UITVOERING,Complete,Structural,100,High,N,8 hrs (1 day),5.6,Main Contractor - Structural Crew,1.0036,40,,,40,STR-0,Subcontract,"Surveying / setting out, ground floor slab",176.08,556.88,986.05,1542.93,1658.66,115.73,7.5,1779.47,1658.66,5,82.93,Invoiced,EUR,2015-04-10,
3Ifq_8Lo53s8fC6K29hy5u,IFCWALL,Ground Floor,,Facade,Wall,Exterior,5,N,,Added (synthetic),,GEVEL,Not Started,Facade,0,Medium,Y,,,Facade/Masonry Subcontractor,,,,,,FAC-0,Subcontract,,,,,,,,,,,5,,,EUR,,
1yIET64x99PfQ4ri7yb9K4,IFCWALL,Ground Floor,,Structural,Wall,Interior,1,N,44,Original,,UITVOERING,Complete,Structural,100,High,N,8 hrs (1 day),5.6,Main Contractor - Structural Crew,1.0036,40,,,40,STR-0,Subcontract,"Surveying / setting out, ground floor slab",176.08,556.88,986.05,1542.93,1658.66,115.73,7.5,1779.47,1658.66,5,82.93,Invoiced,EUR,2015-04-10,
1gJIlGYF99aAEU6VbRDsIV,IFCWALL,Ground Floor,Apartment 1,Structural,Wall,Exterior,1,N,44,Original,,UITVOERING,Complete,Structural,100,High,N,8 hrs (1 day),5.6,Main Contractor - Structural Crew,1.0036,40,,,40,STR-0,Subcontract,"Surveying / setting out, ground floor slab",176.08,556.88,986.05,1542.93,1658.66,115.73,7.5,1779.47,1658.66,5,82.93,Invoiced,EUR,2015-04-10,
1Vcc22DEz69QR7n2Cf7_7$,IFCWALL,Ground Floor,Apartment 1,Structural,Wall,Exterior,1,N,44,Original,,UITVOERING,Complete,Structural,100,High,N,8 hrs (1 day),5.6,Main Contractor - Structural Crew,1.0036,40,,,40,STR-0,Subcontract,"Surveying / setting out, ground floor slab",176.08,556.88,986.05,1542.93,1658.66,115.73,7.5,1779.47,1658.66,5,82.93,Invoiced,EUR,2015-04-10,
3b2U496P5Ebhz5FROhTwFH,IFCWALL,Ground Floor,Apartment 1,Facade,Wall,Exterior,6,N,,Added (synthetic),Apartment 1,GEVEL,Not Started,Facade,0,Medium,Y,,,Facade/Masonry Subcontractor,,,,,,FAC-0,Subcontract,,,,,,,,,,,5,,,EUR,,
2Heu00tLvFlPQxYnPGx8AX,IFCWALL,Ground Floor,Apartment 1,Facade,Wall,Exterior,6,N,,Added (synthetic),Apartment 1,GEVEL,Not Started,Facade,0,Medium,Y,,,Facade/Masonry Subcontractor,,,,,,FAC-0,Subcontract,,,,,,,,,,,5,,,EUR,,
03_CVBI75Aj86591do_EB_,IFCWALL,Ground Floor,Apartment 1,Facade,Wall,Exterior,6,N,,Added (synthetic),Apartment 1,GEVEL,Not Started,Facade,0,Medium,Y,,,Facade/Masonry Subcontractor,,,,,,FAC-0,Subcontract,,,,,,,,,,,5,,,EUR,,
2cmOQW7ZP7CfQK001MVxdq,IFCWALL,Ground Floor,Apartment 1,Facade,Wall,Exterior,6,N,,Added (synthetic),Apartment 1,GEVEL,Not Started,Facade,0,Medium,Y,,,Facade/Masonry Subcontractor,,,,,,FAC-0,Subcontract,,,,,,,,,,,5,,,EUR,,
3AQlpGNjz5ZxSqHIv9tjed,IFCWALL,Ground Floor,Apartment 2,Facade,Wall,Exterior,6,N,,Added (synthetic),Apartment 2,GEVEL,Not Started,Facade,0,Medium,Y,,,Facade/Masonry Subcontractor,,,,,,FAC-0,Subcontract,,,,,,,,,,,5,,,EUR,,
2yalEh8OrE6uikJxoQiffi,IFCWALL,Ground Floor,Apartment 1,Facade,Wall,Exterior,6,N,,Added (synthetic),Apartment 1,GEVEL,Not Started,Facade,0,Medium,Y,,,Facade/Masonry Subcontractor,,,,,,FAC-0,Subcontract,,,,,,,,,,,5,,,EUR,,
2z4_cLW$15$BrtLnL76nI1,IFCWALL,Ground Floor,,Facade,Wall,Exterior,5,N,,Added (synthetic),,GEVEL,Not Started,Facade,0,Medium,Y,,,Facade/Masonry Subcontractor,,,,,,FAC-0,Subcontract,,,,,,,,,,,5,,,EUR,,
2Lfx3m2W1D0BCPLmz9wvjA,IFCWALL,Ground Floor,,Facade,Wall,Exterior,5,N,,Added (synthetic),,GEVEL,Not Started,Facade,0,Medium,Y,,,Facade/Masonry Subcontractor,,,,,,FAC-0,Subcontract,,,,,,,,,,,5,,,EUR,,
1mqSCWO5bBR84dhZ5SEDMu,IFCWALL,Ground Floor,,Facade,Wall,Exterior,5,N,,Added (synthetic),,GEVEL,Not Started,Facade,0,Medium,Y,,,Facade/Masonry Subcontractor,,,,,,FAC-0,Subcontract,,,,,,,,,,,5,,,EUR,,
0tyKkyPHXFkvhRpZpx0R5f,IFCWALL,Ground Floor,,Facade,Wall,Exterior,5,N,,Added (synthetic),,GEVEL,Not Started,Facade,0,Medium,Y,,,Facade/Masonry Subcontractor,,,,,,FAC-0,Subcontract,,,,,,,,,,,5,,,EUR,,
3hGtOZh1X55h2EX09_BAZ8,IFCWALL,Ground Floor,,Facade,Wall,Exterior,5,N,,Added (synthetic),,GEVEL,Not Started,Facade,0,Medium,Y,,,Facade/Masonry Subcontractor,,,,,,FAC-0,Subcontract,,,,,,,,,,,5,,,EUR,,
2_Spc3OFz32f9Immwt4_7U,IFCWALL,Ground Floor,,Facade,Wall,Exterior,5,N,,Added (synthetic),,GEVEL,Not Started,Facade,0,Medium,Y,,,Facade/Masonry Subcontractor,,,,,,FAC-0,Subcontract,,,,,,,,,,,5,,,EUR,,
1_BHYRe$fDXBhfHsjJoUsZ,IFCWALL,Ground Floor,,Facade,Wall,Exterior,5,N,,Added (synthetic),,GEVEL,Not Started,Facade,0,Medium,Y,,,Facade/Masonry Subcontractor,,,,,,FAC-0,Subcontract,,,,,,,,,,,5,,,EUR,,
20cjtlT5j2yRhg3KCrPNR1,IFCWALL,Ground Floor,,Facade,Wall,Exterior,5,N,,Added (synthetic),,GEVEL,Not Started,Facade,0,Medium,Y,,,Facade/Masonry Subcontractor,,,,,,FAC-0,Subcontract,,,,,,,,,,,5,,,EUR,,
1hPB35rErB1eLTnNNR9Txn,IFCWALL,Ground Floor,,Facade,Wall,Exterior,5,N,,Added (synthetic),,GEVEL,Not Started,Facade,0,Medium,Y,,,Facade/Masonry Subcontractor,,,,,,FAC-0,Subcontract,,,,,,,,,,,5,,,EUR,,
09VD$Lqi93x9JCZ1tfrTrL,IFCWALL,Ground Floor,,Facade,Wall,Exterior,5,N,,Added (synthetic),,GEVEL,Not Started,Facade,0,Medium,Y,,,Facade/Masonry Subcontractor,,,,,,FAC-0,Subcontract,,,,,,,,,,,5,,,EUR,,
2MtbYSfxf8XPurPixjtvdV,IFCWALL,Ground Floor,,Facade,Wall,Exterior,5,N,,Added (synthetic),,GEVEL,Not Started,Facade,0,Medium,Y,,,Facade/Masonry Subcontractor,,,,,,FAC-0,Subcontract,,,,,,,,,,,5,,,EUR,,
1hBjzJQ_r4MQi5$dPip1Ju,IFCWALL,Ground Floor,,Facade,Wall,Exterior,5,N,,Added (synthetic),,GEVEL,Not Started,Facade,0,Medium,Y,,,Facade/Masonry Subcontractor,,,,,,FAC-0,Subcontract,,,,,,,,,,,5,,,EUR,,
2Mx9$tysPDB9LvSC7Uga$h,IFCWALL,Ground Floor,,Facade,Wall,Exterior,5,N,,Added (synthetic),,GEVEL,Not Started,Facade,0,Medium,Y,,,Facade/Masonry Subcontractor,,,,,,FAC-0,Subcontract,,,,,,,,,,,5,,,EUR,,
1aD6snfpn0GQ$ToC45d1nS,IFCWALL,Ground Floor,,Facade,Wall,Exterior,5,N,,Added (synthetic),,GEVEL,Not Started,Facade,0,Medium,Y,,,Facade/Masonry Subcontractor,,,,,,FAC-0,Subcontract,,,,,,,,,,,5,,,EUR,,
3U8ZfIcGDBM8M360rr2jhL,IFCWALL,Ground Floor,,Facade,Wall,Exterior,5,N,,Added (synthetic),,GEVEL,Not Started,Facade,0,Medium,Y,,,Facade/Masonry Subcontractor,,,,,,FAC-0,Subcontract,,,,,,,,,,,5,,,EUR,,
1NNiwqMg95jgPIDXLCuasC,IFCWALL,Ground Floor,,Facade,Wall,Exterior,5,N,,Added (synthetic),,GEVEL,Not Started,Facade,0,Medium,Y,,,Facade/Masonry Subcontractor,,,,,,FAC-0,Subcontract,,,,,,,,,,,5,,,EUR,,
2YRW0FRcH568BvC0n1uc$J,IFCWALL,Ground Floor,,Facade,Wall,Exterior,5,N,,Added (synthetic),,GEVEL,Not Started,Facade,0,Medium,Y,,,Facade/Masonry Subcontractor,,,,,,FAC-0,Subcontract,,,,,,,,,,,5,,,EUR,,
2ymUTayl529wjp97XSqlkb,IFCWALL,Ground Floor,,Facade,Wall,Exterior,5,N,,Added (synthetic),,GEVEL,Not Started,Facade,0,Medium,Y,,,Facade/Masonry Subcontractor,,,,,,FAC-0,Subcontract,,,,,,,,,,,5,,,EUR,,
1r5cBiWc5CL9A0KNGbzrzM,IFCWALL,Ground Floor,,Facade,Wall,Exterior,5,N,,Added (synthetic),,GEVEL,Not Started,Facade,0,Medium,Y,,,Facade/Masonry Subcontractor,,,,,,FAC-0,Subcontract,,,,,,,,,,,5,,,EUR,,
3XUEQ1GvT3jA_Nbj5X$65Y,IFCWALL,Ground Floor,,Facade,Wall,Exterior,5,N,,Added (synthetic),,GEVEL,Not Started,Facade,0,Medium,Y,,,Facade/Masonry Subcontractor,,,,,,FAC-0,Subcontract,,,,,,,,,,,5,,,EUR,,
1SoaRgKuD02hP0vTyWlgDU,IFCWALL,Ground Floor,,Facade,Wall,Exterior,5,N,,Added (synthetic),,GEVEL,Not Started,Facade,0,Medium,Y,,,Facade/Masonry Subcontractor,,,,,,FAC-0,Subcontract,,,,,,,,,,,5,,,EUR,,
2GZxODkNP6YPny_4TNjMbw,IFCWALL,Ground Floor,,Facade,Wall,Exterior,5,N,,Added (synthetic),,GEVEL,Not Started,Facade,0,Medium,Y,,,Facade/Masonry Subcontractor,,,,,,FAC-0,Subcontract,,,,,,,,,,,5,,,EUR,,
10PY7tTYf3YAoiKKQMe9Wi,IFCWALL,Ground Floor,,Facade,Wall,Exterior,5,N,,Added (synthetic),,GEVEL,Not Started,Facade,0,Medium,Y,,,Facade/Masonry Subcontractor,,,,,,FAC-0,Subcontract,,,,,,,,,,,5,,,EUR,,
0emZXkn5TF2PHGNfqrnDSC,IFCWALL,Ground Floor,,Facade,Wall,Exterior,5,N,,Added (synthetic),,GEVEL,Not Started,Facade,0,Medium,Y,,,Facade/Masonry Subcontractor,,,,,,FAC-0,Subcontract,,,,,,,,,,,5,,,EUR,,
22BCGZUH10WuKzQoQbSwhw,IFCWALL,Ground Floor,,Facade,Wall,Exterior,5,N,,Added (synthetic),,GEVEL,Not Started,Facade,0,Medium,Y,,,Facade/Masonry Subcontractor,,,,,,FAC-0,Subcontract,,,,,,,,,,,5,,,EUR,,
3JeDxuVZX278wZ3E$qtYHH,IFCWALL,Ground Floor,,Facade,Wall,Exterior,5,N,,Added (synthetic),,GEVEL,Not Started,Facade,0,Medium,Y,,,Facade/Masonry Subcontractor,,,,,,FAC-0,Subcontract,,,,,,,,,,,5,,,EUR,,
3DYtDpqDX9rhVnEVsp_6RQ,IFCWALL,Ground Floor,,Facade,Wall,Exterior,5,N,,Added (synthetic),,GEVEL,Not Started,Facade,0,Medium,Y,,,Facade/Masonry Subcontractor,,,,,,FAC-0,Subcontract,,,,,,,,,,,5,,,EUR,,
3_FNYG$Or15vzG_WtX1Dra,IFCWALL,Ground Floor,,Facade,Wall,Exterior,5,N,,Added (synthetic),,GEVEL,Not Started,Facade,0,Medium,Y,,,Facade/Masonry Subcontractor,,,,,,FAC-0,Subcontract,,,,,,,,,,,5,,,EUR,,
2cQ8IsS3f1kgXeLJHb2tT5,IFCWALL,Ground Floor,,Facade,Wall,Exterior,5,N,,Added (synthetic),,GEVEL,Not Started,Facade,0,Medium,Y,,,Facade/Masonry Subcontractor,,,,,,FAC-0,Subcontract,,,,,,,,,,,5,,,EUR,,
3h7$q77HL7y9ib6jdqEGaU,IFCWALL,Ground Floor,,Facade,Wall,Exterior,5,N,,Added (synthetic),,GEVEL,Not Started,Facade,0,Medium,Y,,,Facade/Masonry Subcontractor,,,,,,FAC-0,Subcontract,,,,,,,,,,,5,,,EUR,,
3AzhV62db1MfXJq1r$2nl4,IFCWALL,Ground Floor,,Facade,Wall,Exterior,5,N,,Added (synthetic),,GEVEL,Not Started,Facade,0,Medium,Y,,,Facade/Masonry Subcontractor,,,,,,FAC-0,Subcontract,,,,,,,,,,,5,,,EUR,,
20qiUKbuDCo9jUCIK_Aq9A,IFCWALL,Ground Floor,,Facade,Wall,Exterior,5,N,,Added (synthetic),,GEVEL,Not Started,Facade,0,Medium,Y,,,Facade/Masonry Subcontractor,,,,,,FAC-0,Subcontract,,,,,,,,,,,5,,,EUR,,
0AvuKvwsjECuqQLpwsHUiy,IFCWALL,Ground Floor,,Facade,Wall,Exterior,5,N,,Added (synthetic),,GEVEL,Not Started,Facade,0,Medium,Y,,,Facade/Masonry Subcontractor,,,,,,FAC-0,Subcontract,,,,,,,,,,,5,,,EUR,,
3hnrJo__H1th0M6JbxK0Qr,IFCWALL,Ground Floor,,Facade,Wall,Exterior,5,N,,Added (synthetic),,GEVEL,Not Started,Facade,0,Medium,Y,,,Facade/Masonry Subcontractor,,,,,,FAC-0,Subcontract,,,,,,,,,,,5,,,EUR,,
2g0OC6oRfEpR4HdBbXhEgE,IFCWALL,Ground Floor,,Facade,Wall,Exterior,5,N,,Added (synthetic),,GEVEL,Not Started,Facade,0,Medium,Y,,,Facade/Masonry Subcontractor,,,,,,FAC-0,Subcontract,,,,,,,,,,,5,,,EUR,,
0d_oFBP1HFvQb5Faeki0yw,IFCWALL,Ground Floor,,Facade,Wall,Exterior,5,N,,Added (synthetic),,GEVEL,Not Started,Facade,0,Medium,Y,,,Facade/Masonry Subcontractor,,,,,,FAC-0,Subcontract,,,,,,,,,,,5,,,EUR,,
1qEc_xJ5f3yeVcsCS0rZ7V,IFCWALL,Ground Floor,,Facade,Wall,Exterior,5,N,,Added (synthetic),,GEVEL,Not Started,Facade,0,Medium,Y,,,Facade/Masonry Subcontractor,,,,,,FAC-0,Subcontract,,,,,,,,,,,5,,,EUR,,
3$BXedLBf6D967CVOV_ebe,IFCWALL,Ground Floor,,Facade,Wall,Exterior,5,N,,Added (synthetic),,GEVEL,Not Started,Facade,0,Medium,Y,,,Facade/Masonry Subcontractor,,,,,,FAC-0,Subcontract,,,,,,,,,,,5,,,EUR,,
1lcU7PUgP9PgiWOrFx2wV4,IFCWALL,Ground Floor,,Facade,Wall,Exterior,5,N,,Added (synthetic),,GEVEL,Not Started,Facade,0,Medium,Y,,,Facade/Masonry Subcontractor,,,,,,FAC-0,Subcontract,,,,,,,,,,,5,,,EUR,,
1Ozn_$8IX7DAmUpaIvALf9,IFCWALL,Ground Floor,,Facade,Wall,Exterior,5,N,,Added (synthetic),,GEVEL,Not Started,Facade,0,Medium,Y,,,Facade/Masonry Subcontractor,,,,,,FAC-0,Subcontract,,,,,,,,,,,5,,,EUR,,
2MAqitKn16se9p5LgkoYa_,IFCWALL,Ground Floor,,Facade,Wall,Exterior,5,N,,Added (synthetic),,GEVEL,Not Started,Facade,0,Medium,Y,,,Facade/Masonry Subcontractor,,,,,,FAC-0,Subcontract,,,,,,,,,,,5,,,EUR,,
3snxK5QIXBjQysiZr3CAkz,IFCWALL,Ground Floor,,Facade,Wall,Exterior,5,N,,Added (synthetic),,GEVEL,Not Started,Facade,0,Medium,Y,,,Facade/Masonry Subcontractor,,,,,,FAC-0,Subcontract,,,,,,,,,,,5,,,EUR,,
0QG1UZ5cH2Pv9Pjhl_SLt1,IFCWALL,Ground Floor,,Facade,Wall,Exterior,5,N,,Added (synthetic),,GEVEL,Not Started,Facade,0,Medium,Y,,,Facade/Masonry Subcontractor,,,,,,FAC-0,Subcontract,,,,,,,,,,,5,,,EUR,,
2gAZt67mv01hyopJN2Rsjy,IFCWALL,Ground Floor,,Facade,Wall,Exterior,5,N,,Added (synthetic),,GEVEL,Not Started,Facade,0,Medium,Y,,,Facade/Masonry Subcontractor,,,,,,FAC-0,Subcontract,,,,,,,,,,,5,,,EUR,,
2hTyYpGXf8zwMdBgZbdyko,IFCWALL,Ground Floor,Apartment 2,Facade,Wall,Exterior,6,N,,Added (synthetic),Apartment 2,GEVEL,Not Started,Facade,0,Medium,Y,,,Facade/Masonry Subcontractor,,,,,,FAC-0,Subcontract,,,,,,,,,,,5,,,EUR,,
2h$Xm5_hj2BPg_mcmbgCTX,IFCWALL,Ground Floor,,Facade,Wall,Exterior,5,N,,Added (synthetic),,GEVEL,Not Started,Facade,0,Medium,Y,,,Facade/Masonry Subcontractor,,,,,,FAC-0,Subcontract,,,,,,,,,,,5,,,EUR,,
1HkWuLTqj3CR3hVOSz_5Ak,IFCWALL,Ground Floor,,Finishing,Wall,Interior,1,N,,Added (synthetic),,GEVEL,Not Started,Finishing,0,Low,N,16 hrs (2 days),11.9,Finishing Subcontractor,2.0018,149,148,150,149,FIN-0,Subcontract,"Balcony railing installation, Ground Floor",18.56,796.48,220.86,1017.34,1126.81,109.47,10.8,1179.25,1146.09,5,56.34,Pending,EUR,2015-06-18,
2HKSZ_NNT17fle0rgo6vqX,IFCWALL,Ground Floor,,Facade,Wall,Exterior,5,N,,Added (synthetic),,GEVEL,Not Started,Facade,0,Medium,Y,,,Facade/Masonry Subcontractor,,,,,,FAC-0,Subcontract,,,,,,,,,,,5,,,EUR,,
04Ezr5o2H4NgZr$CrXLBI_,IFCWALL,Ground Floor,,Facade,Wall,Exterior,5,N,,Added (synthetic),,GEVEL,Not Started,Facade,0,Medium,Y,,,Facade/Masonry Subcontractor,,,,,,FAC-0,Subcontract,,,,,,,,,,,5,,,EUR,,
0Mr6vY0jPDTRtp4MXIyyQU,IFCWALL,Ground Floor,,Facade,Wall,Exterior,5,N,,Added (synthetic),,GEVEL,Not Started,Facade,0,Medium,Y,,,Facade/Masonry Subcontractor,,,,,,FAC-0,Subcontract,,,,,,,,,,,5,,,EUR,,
1x4AMhoX5FCvaqi3Pl_pSD,IFCWALL,Ground Floor,,Facade,Wall,Exterior,5,N,,Added (synthetic),,GEVEL,Not Started,Facade,0,Medium,Y,,,Facade/Masonry Subcontractor,,,,,,FAC-0,Subcontract,,,,,,,,,,,5,,,EUR,,
1toAPIPJD7oPqBKCS6Nz$d,IFCWALL,Ground Floor,,Facade,Wall,Exterior,5,N,,Added (synthetic),,GEVEL,Not Started,Facade,0,Medium,Y,,,Facade/Masonry Subcontractor,,,,,,FAC-0,Subcontract,,,,,,,,,,,5,,,EUR,,
3F1ISapgvFFRkUizflbUfj,IFCWALL,Ground Floor,,Facade,Wall,Exterior,5,N,,Added (synthetic),,GEVEL,Not Started,Facade,0,Medium,Y,,,Facade/Masonry Subcontractor,,,,,,FAC-0,Subcontract,,,,,,,,,,,5,,,EUR,,
2JtUzxXCjFj9jo3oilNdf7,IFCWALL,Ground Floor,,Facade,Wall,Exterior,5,N,,Added (synthetic),,GEVEL,Not Started,Facade,0,Medium,Y,,,Facade/Masonry Subcontractor,,,,,,FAC-0,Subcontract,,,,,,,,,,,5,,,EUR,,
1bmmlgs9PEJOO_nbRCiVVf,IFCWALL,Ground Floor,,Facade,Wall,Exterior,5,N,,Added (synthetic),,GEVEL,Not Started,Facade,0,Medium,Y,,,Facade/Masonry Subcontractor,,,,,,FAC-0,Subcontract,,,,,,,,,,,5,,,EUR,,
23WtecHJX4cB$W9D3l89Gz,IFCWALL,Ground Floor,,Facade,Wall,Exterior,5,N,,Added (synthetic),,GEVEL,Not Started,Facade,0,Medium,Y,,,Facade/Masonry Subcontractor,,,,,,FAC-0,Subcontract,,,,,,,,,,,5,,,EUR,,
22UbO4brrFvQJCWjanZuvV,IFCWALL,Ground Floor,,Facade,Wall,Exterior,5,N,,Added (synthetic),,GEVEL,Not Started,Facade,0,Medium,Y,,,Facade/Masonry Subcontractor,,,,,,FAC-0,Subcontract,,,,,,,,,,,5,,,EUR,,
3zYx8Hv3PByAOvjIddv_ZR,IFCWALL,Ground Floor,,Facade,Wall,Exterior,5,N,,Added (synthetic),,GEVEL,Not Started,Facade,0,Medium,Y,,,Facade/Masonry Subcontractor,,,,,,FAC-0,Subcontract,,,,,,,,,,,5,,,EUR,,
22wVacMRr0RfER8E2O$vLe,IFCWALL,Ground Floor,Apartment 2,Facade,Wall,Exterior,6,N,,Added (synthetic),Apartment 2,GEVEL,Not Started,Facade,0,Medium,Y,,,Facade/Masonry Subcontractor,,,,,,FAC-0,Subcontract,,,,,,,,,,,5,,,EUR,,
28HZd$WzTErO4P_xcWWr2R,IFCWALL,Ground Floor,Apartment 2,Facade,Wall,Exterior,6,N,,Added (synthetic),Apartment 2,GEVEL,Not Started,Facade,0,Medium,Y,,,Facade/Masonry Subcontractor,,,,,,FAC-0,Subcontract,,,,,,,,,,,5,,,EUR,,
3INImExTrECfjOcTurcdR3,IFCWALL,Ground Floor,Apartment 2,Facade,Wall,Exterior,6,N,,Added (synthetic),Apartment 2,GEVEL,Not Started,Facade,0,Medium,Y,,,Facade/Masonry Subcontractor,,,,,,FAC-0,Subcontract,,,,,,,,,,,5,,,EUR,,
0JRfJnbfHFgQD3Cu1Y3Ti9,IFCWALL,Ground Floor,,Facade,Wall,Exterior,5,N,,Added (synthetic),,GEVEL,Not Started,Facade,0,Medium,Y,,,Facade/Masonry Subcontractor,,,,,,FAC-0,Subcontract,,,,,,,,,,,5,,,EUR,,
3i6YzLPHXAZOX3pEL9NEAY,IFCWALL,Ground Floor,,Facade,Wall,Exterior,5,N,,Added (synthetic),,GEVEL,Not Started,Facade,0,Medium,Y,,,Facade/Masonry Subcontractor,,,,,,FAC-0,Subcontract,,,,,,,,,,,5,,,EUR,,
2S6$Rb90X6tvy86v8wMz92,IFCWALL,Ground Floor,,Facade,Wall,Exterior,5,N,,Added (synthetic),,GEVEL,Not Started,Facade,0,Medium,Y,,,Facade/Masonry Subcontractor,,,,,,FAC-0,Subcontract,,,,,,,,,,,5,,,EUR,,
0WbxJm47zCSxPd8I4EJBzV,IFCWALL,Ground Floor,,Facade,Wall,Exterior,5,N,,Added (synthetic),,GEVEL,Not Started,Facade,0,Medium,Y,,,Facade/Masonry Subcontractor,,,,,,FAC-0,Subcontract,,,,,,,,,,,5,,,EUR,,
0NsAQU_RzBew4mp1gDoLKM,IFCWALL,Ground Floor,,Facade,Wall,Exterior,5,N,,Added (synthetic),,GEVEL,Not Started,Facade,0,Medium,Y,,,Facade/Masonry Subcontractor,,,,,,FAC-0,Subcontract,,,,,,,,,,,5,,,EUR,,
3pWgo6GgjDmBfRg2bfmX7L,IFCWALL,Ground Floor,,Facade,Wall,Exterior,5,N,,Added (synthetic),,GEVEL,Not Started,Facade,0,Medium,Y,,,Facade/Masonry Subcontractor,,,,,,FAC-0,Subcontract,,,,,,,,,,,5,,,EUR,,
2Dd7N80nT6xvZLlvwl32zj,IFCWALL,Ground Floor,,Facade,Wall,Exterior,5,N,,Added (synthetic),,GEVEL,Not Started,Facade,0,Medium,Y,,,Facade/Masonry Subcontractor,,,,,,FAC-0,Subcontract,,,,,,,,,,,5,,,EUR,,
3aKP_9cLT3Ieogd56ggYoH,IFCWALL,Ground Floor,,Facade,Wall,Exterior,5,N,,Added (synthetic),,GEVEL,Not Started,Facade,0,Medium,Y,,,Facade/Masonry Subcontractor,,,,,,FAC-0,Subcontract,,,,,,,,,,,5,,,EUR,,
0odjMCkULFYPcxRhNspVwF,IFCWALL,Ground Floor,,Facade,Wall,Exterior,5,N,,Added (synthetic),,GEVEL,Not Started,Facade,0,Medium,Y,,,Facade/Masonry Subcontractor,,,,,,FAC-0,Subcontract,,,,,,,,,,,5,,,EUR,,
2BnTMgxmnCCvzxNQCnUXN0,IFCWALL,Ground Floor,,Facade,Wall,Exterior,5,N,,Added (synthetic),,GEVEL,Not Started,Facade,0,Medium,Y,,,Facade/Masonry Subcontractor,,,,,,FAC-0,Subcontract,,,,,,,,,,,5,,,EUR,,
1exrUt$krCl8d_cqMo9LQ1,IFCWALL,Ground Floor,,Facade,Wall,Exterior,5,N,,Added (synthetic),,GEVEL,Not Started,Facade,0,Medium,Y,,,Facade/Masonry Subcontractor,,,,,,FAC-0,Subcontract,,,,,,,,,,,5,,,EUR,,
1K8DWpehnD0BEnccqnEzBM,IFCWALL,Ground Floor,Apartment 1,Facade,Wall,Exterior,6,N,,Added (synthetic),Apartment 1,GEVEL,Not Started,Facade,0,Medium,Y,,,Facade/Masonry Subcontractor,,,,,,FAC-0,Subcontract,,,,,,,,,,,5,,,EUR,,
2PDIGVW1b4Nhx5UPa0fgz7,IFCWALL,Ground Floor,Apartment 1,Facade,Wall,Exterior,6,N,,Added (synthetic),Apartment 1,GEVEL,Not Started,Facade,0,Medium,Y,,,Facade/Masonry Subcontractor,,,,,,FAC-0,Subcontract,,,,,,,,,,,5,,,EUR,,
2PNj2dMNT9wOnOYdNWAJQh,IFCWALL,Ground Floor,,Facade,Wall,Exterior,5,N,,Added (synthetic),,GEVEL,Not Started,Facade,0,Medium,Y,,,Facade/Masonry Subcontractor,,,,,,FAC-0,Subcontract,,,,,,,,,,,5,,,EUR,,
0bOXbgHd9B38fgrdG4v0Rg,IFCWALL,Ground Floor,,Facade,Wall,Exterior,5,N,,Added (synthetic),,GEVEL,Not Started,Facade,0,Medium,Y,,,Facade/Masonry Subcontractor,,,,,,FAC-0,Subcontract,,,,,,,,,,,5,,,EUR,,
1V$r0S$c98pPL1roHaiWvM,IFCWALL,Ground Floor,,Facade,Wall,Exterior,5,N,,Added (synthetic),,GEVEL,Not Started,Facade,0,Medium,Y,,,Facade/Masonry Subcontractor,,,,,,FAC-0,Subcontract,,,,,,,,,,,5,,,EUR,,
3dF$AXDDD2JfNM4ZDuGS7e,IFCWALL,Ground Floor,,Facade,Wall,Exterior,5,N,,Added (synthetic),,GEVEL,Not Started,Facade,0,Medium,Y,,,Facade/Masonry Subcontractor,,,,,,FAC-0,Subcontract,,,,,,,,,,,5,,,EUR,,
0V0wCK9cz2TfrOzWHZVy$k,IFCWALL,Ground Floor,,Facade,Wall,Exterior,5,N,,Added (synthetic),,GEVEL,Not Started,Facade,0,Medium,Y,,,Facade/Masonry Subcontractor,,,,,,FAC-0,Subcontract,,,,,,,,,,,5,,,EUR,,
2XddRbY_j3x8eYm8oLZNXR,IFCWALL,Ground Floor,,Facade,Wall,Exterior,5,N,,Added (synthetic),,GEVEL,Not Started,Facade,0,Medium,Y,,,Facade/Masonry Subcontractor,,,,,,FAC-0,Subcontract,,,,,,,,,,,5,,,EUR,,
2U35Nruyf1cfc5sAWDSOX1,IFCWALL,Ground Floor,,Facade,Wall,Exterior,5,N,,Added (synthetic),,GEVEL,Not Started,Facade,0,Medium,Y,,,Facade/Masonry Subcontractor,,,,,,FAC-0,Subcontract,,,,,,,,,,,5,,,EUR,,
3Gl09z0xrDMhikUUZFZdvs,IFCWALL,Ground Floor,,Facade,Wall,Exterior,5,N,,Added (synthetic),,GEVEL,Not Started,Facade,0,Medium,Y,,,Facade/Masonry Subcontractor,,,,,,FAC-0,Subcontract,,,,,,,,,,,5,,,EUR,,
0yqn783mn5b8lSBwRQAGYV,IFCWALL,Ground Floor,,Facade,Wall,Exterior,5,N,,Added (synthetic),,GEVEL,Not Started,Facade,0,Medium,Y,,,Facade/Masonry Subcontractor,,,,,,FAC-0,Subcontract,,,,,,,,,,,5,,,EUR,,
3_LAKs74TEqwOfhvpeA_i8,IFCWALL,Ground Floor,,Facade,Wall,Exterior,5,N,,Added (synthetic),,GEVEL,Not Started,Facade,0,Medium,Y,,,Facade/Masonry Subcontractor,,,,,,FAC-0,Subcontract,,,,,,,,,,,5,,,EUR,,
2ELxAjp9v3euJJCvWVVMtg,IFCWALL,Ground Floor,Apartment 1,Facade,Wall,Exterior,6,N,,Added (synthetic),Apartment 1,GEVEL,Not Started,Facade,0,Medium,Y,,,Facade/Masonry Subcontractor,,,,,,FAC-0,Subcontract,,,,,,,,,,,5,,,EUR,,
2XCsjo3zH3CAxHIt06QmUl,IFCWALL,Ground Floor,,Facade,Wall,Exterior,5,N,,Added (synthetic),,GEVEL,Not Started,Facade,0,Medium,Y,,,Facade/Masonry Subcontractor,,,,,,FAC-0,Subcontract,,,,,,,,,,,5,,,EUR,,
0npgzQizb9UOxmY2t29tNR,IFCWALL,Ground Floor,,Facade,Wall,Exterior,5,N,,Added (synthetic),,GEVEL,Not Started,Facade,0,Medium,Y,,,Facade/Masonry Subcontractor,,,,,,FAC-0,Subcontract,,,,,,,,,,,5,,,EUR,,
2RWoWcgO9EtBUuIPPuD7Ot,IFCWALL,Ground Floor,Apartment 1,Facade,Wall,Exterior,6,N,,Added (synthetic),Apartment 1,GEVEL,Not Started,Facade,0,Medium,Y,,,Facade/Masonry Subcontractor,,,,,,FAC-0,Subcontract,,,,,,,,,,,5,,,EUR,,
02XLK06DT5w8biXGZaesSW,IFCWALL,Ground Floor,Apartment 1,Facade,Wall,Exterior,6,N,,Added (synthetic),Apartment 1,GEVEL,Not Started,Facade,0,Medium,Y,,,Facade/Masonry Subcontractor,,,,,,FAC-0,Subcontract,,,,,,,,,,,5,,,EUR,,
3T64ifBjD5OekUb06AiV26,IFCWALL,Ground Floor,,Facade,Wall,Exterior,5,N,,Added (synthetic),,GEVEL,Not Started,Facade,0,Medium,Y,,,Facade/Masonry Subcontractor,,,,,,FAC-0,Subcontract,,,,,,,,,,,5,,,EUR,,
32dcXAt7L1eecrauLpV4ya,IFCWALL,Ground Floor,Apartment 1,Facade,Wall,Exterior,6,N,,Added (synthetic),Apartment 1,GEVEL,Not Started,Facade,0,Medium,Y,,,Facade/Masonry Subcontractor,,,,,,FAC-0,Subcontract,,,,,,,,,,,5,,,EUR,,
3tpvWfQc93Pe5RIl_A8mon,IFCWALL,Ground Floor,,Facade,Wall,Exterior,5,N,,Added (synthetic),,GEVEL,Not Started,Facade,0,Medium,Y,,,Facade/Masonry Subcontractor,,,,,,FAC-0,Subcontract,,,,,,,,,,,5,,,EUR,,
2IKZYPom90NBBWPrDMsabL,IFCWALL,Ground Floor,,Facade,Wall,Exterior,5,N,,Added (synthetic),,GEVEL,Not Started,Facade,0,Medium,Y,,,Facade/Masonry Subcontractor,,,,,,FAC-0,Subcontract,,,,,,,,,,,5,,,EUR,,
1wiFMRwA14eOSQ629Ds0EN,IFCWALL,Ground Floor,,Facade,Wall,Exterior,5,N,,Added (synthetic),,GEVEL,Not Started,Facade,0,Medium,Y,,,Facade/Masonry Subcontractor,,,,,,FAC-0,Subcontract,,,,,,,,,,,5,,,EUR,,
0RZYP$9znCHg11Unjzo2gM,IFCWALL,Ground Floor,,Facade,Wall,Exterior,5,N,,Added (synthetic),,GEVEL,Not Started,Facade,0,Medium,Y,,,Facade/Masonry Subcontractor,,,,,,FAC-0,Subcontract,,,,,,,,,,,5,,,EUR,,
1j8aXfZ61FCQlpST1A47EK,IFCWALL,Ground Floor,,Facade,Wall,Exterior,5,N,,Added (synthetic),,GEVEL,Not Started,Facade,0,Medium,Y,,,Facade/Masonry Subcontractor,,,,,,FAC-0,Subcontract,,,,,,,,,,,5,,,EUR,,
33popJ5N52LwaCtgF8Y$AT,IFCWALL,Ground Floor,,Facade,Wall,Exterior,5,N,,Added (synthetic),,GEVEL,Not Started,Facade,0,Medium,Y,,,Facade/Masonry Subcontractor,,,,,,FAC-0,Subcontract,,,,,,,,,,,5,,,EUR,,
3cOY44wWnFkPbXVkjznSkG,IFCWALL,Ground Floor,Apartment 1,Facade,Wall,Exterior,6,N,,Added (synthetic),Apartment 1,GEVEL,Not Started,Facade,0,Medium,Y,,,Facade/Masonry Subcontractor,,,,,,FAC-0,Subcontract,,,,,,,,,,,5,,,EUR,,
1cwdTk8S96F8MVrL$7PPbb,IFCWALL,Ground Floor,,Facade,Wall,Exterior,5,N,,Added (synthetic),,GEVEL,Not Started,Facade,0,Medium,Y,,,Facade/Masonry Subcontractor,,,,,,FAC-0,Subcontract,,,,,,,,,,,5,,,EUR,,
27laWgAXX3AQWepVcTmr0b,IFCWALL,Ground Floor,,Facade,Wall,Exterior,5,N,,Added (synthetic),,GEVEL,Not Started,Facade,0,Medium,Y,,,Facade/Masonry Subcontractor,,,,,,FAC-0,Subcontract,,,,,,,,,,,5,,,EUR,,
1x7Mc6nmT7bwvgcqGXCkvz,IFCWALL,Ground Floor,,Facade,Wall,Exterior,5,N,,Added (synthetic),,GEVEL,Not Started,Facade,0,Medium,Y,,,Facade/Masonry Subcontractor,,,,,,FAC-0,Subcontract,,,,,,,,,,,5,,,EUR,,
0BwPscFxPFCuMM1ImRc1Ih,IFCWALL,Ground Floor,,Facade,Wall,Exterior,5,N,,Added (synthetic),,GEVEL,Not Started,Facade,0,Medium,Y,,,Facade/Masonry Subcontractor,,,,,,FAC-0,Subcontract,,,,,,,,,,,5,,,EUR,,
1RvcIXv5r5qApoABUlG0pn,IFCWALL,Ground Floor,,Facade,Wall,Exterior,5,N,,Added (synthetic),,GEVEL,Not Started,Facade,0,Medium,Y,,,Facade/Masonry Subcontractor,,,,,,FAC-0,Subcontract,,,,,,,,,,,5,,,EUR,,
3I0Mxc4yT7gf5sgqnBUCnr,IFCWALL,Ground Floor,,Facade,Wall,Exterior,5,N,,Added (synthetic),,GEVEL,Not Started,Facade,0,Medium,Y,,,Facade/Masonry Subcontractor,,,,,,FAC-0,Subcontract,,,,,,,,,,,5,,,EUR,,
2Yxhz5qhH1i9kybbH$UNZe,IFCWALL,Ground Floor,,Facade,Wall,Exterior,5,N,,Added (synthetic),,GEVEL,Not Started,Facade,0,Medium,Y,,,Facade/Masonry Subcontractor,,,,,,FAC-0,Subcontract,,,,,,,,,,,5,,,EUR,,
264trgx691ZQ1dy9itipVe,IFCWALL,Ground Floor,,Facade,Wall,Exterior,5,N,,Added (synthetic),,GEVEL,Not Started,Facade,0,Medium,Y,,,Facade/Masonry Subcontractor,,,,,,FAC-0,Subcontract,,,,,,,,,,,5,,,EUR,,
0X5njjJnD05RlVfFUaRcc_,IFCWALL,Ground Floor,,Facade,Wall,Exterior,5,N,,Added (synthetic),,GEVEL,Not Started,Facade,0,Medium,Y,,,Facade/Masonry Subcontractor,,,,,,FAC-0,Subcontract,,,,,,,,,,,5,,,EUR,,
2CAjyYu5rBgeq7raWO$nCM,IFCWALL,Ground Floor,,Facade,Wall,Exterior,5,N,,Added (synthetic),,GEVEL,Not Started,Facade,0,Medium,Y,,,Facade/Masonry Subcontractor,,,,,,FAC-0,Subcontract,,,,,,,,,,,5,,,EUR,,
1KHRv4Wo92W8Ab30UPNcA8,IFCWALL,Ground Floor,,Facade,Wall,Exterior,5,N,,Added (synthetic),,GEVEL,Not Started,Facade,0,Medium,Y,,,Facade/Masonry Subcontractor,,,,,,FAC-0,Subcontract,,,,,,,,,,,5,,,EUR,,
3k5fe2GK57AvySEimXpMxv,IFCWALL,Ground Floor,Apartment 2,Structural,Wall,Exterior,1,N,44,Original,,UITVOERING,Complete,Structural,100,High,N,8 hrs (1 day),5.6,Main Contractor - Structural Crew,1.0036,40,,,40,STR-0,Subcontract,"Surveying / setting out, ground floor slab",176.08,556.88,986.05,1542.93,1658.66,115.73,7.5,1779.47,1658.66,5,82.93,Invoiced,EUR,2015-04-10,
04LIlkhvb1Bvm_lsMUkqg0,IFCWALL,Ground Floor,,Facade,Wall,Exterior,5,N,,Added (synthetic),,GEVEL,Not Started,Facade,0,Medium,Y,,,Facade/Masonry Subcontractor,,,,,,FAC-0,Subcontract,,,,,,,,,,,5,,,EUR,,
12hYt_1D96Bvi$FtsKq7Ts,IFCWALL,Ground Floor,,Facade,Wall,Exterior,5,N,,Added (synthetic),,GEVEL,Not Started,Facade,0,Medium,Y,,,Facade/Masonry Subcontractor,,,,,,FAC-0,Subcontract,,,,,,,,,,,5,,,EUR,,
3gGaKULxj7vO9NevTUNlI8,IFCWALL,Ground Floor,,Facade,Wall,Exterior,5,N,,Added (synthetic),,GEVEL,Not Started,Facade,0,Medium,Y,,,Facade/Masonry Subcontractor,,,,,,FAC-0,Subcontract,,,,,,,,,,,5,,,EUR,,
3oqbpQmTz3fuh9S3tOlVZ8,IFCWALL,Ground Floor,,Facade,Wall,Exterior,5,N,,Added (synthetic),,GEVEL,Not Started,Facade,0,Medium,Y,,,Facade/Masonry Subcontractor,,,,,,FAC-0,Subcontract,,,,,,,,,,,5,,,EUR,,
1n$EpDaJj77Qx4eKJyFNzY,IFCWALL,Ground Floor,Apartment 2,Structural,Wall,Exterior,1,N,44,Original,,UITVOERING,Complete,Structural,100,High,N,8 hrs (1 day),5.6,Main Contractor - Structural Crew,1.0036,40,,,40,STR-0,Subcontract,"Surveying / setting out, ground floor slab",176.08,556.88,986.05,1542.93,1658.66,115.73,7.5,1779.47,1658.66,5,82.93,Invoiced,EUR,2015-04-10,
0yGvJBe$9ArOV8je0sM0oV,IFCWALL,Ground Floor,,Facade,Wall,Exterior,5,N,,Added (synthetic),,GEVEL,Not Started,Facade,0,Medium,Y,,,Facade/Masonry Subcontractor,,,,,,FAC-0,Subcontract,,,,,,,,,,,5,,,EUR,,
3_Q_3tf9PB0gG8Y6HQWbnU,IFCWALL,Ground Floor,,Finishing,Wall,Interior,1,N,,Added (synthetic),,GEVEL,Not Started,Finishing,0,Low,N,16 hrs (2 days),11.9,Finishing Subcontractor,2.0018,149,148,150,149,FIN-0,Subcontract,"Balcony railing installation, Ground Floor",18.56,796.48,220.86,1017.34,1126.81,109.47,10.8,1179.25,1146.09,5,56.34,Pending,EUR,2015-06-18,
21bpzoYon9TeghbO0ho825,IFCWALL,Ground Floor,Apartment 1,Facade,Wall,Exterior,6,N,,Added (synthetic),Apartment 1,GEVEL,Not Started,Facade,0,Medium,Y,,,Facade/Masonry Subcontractor,,,,,,FAC-0,Subcontract,,,,,,,,,,,5,,,EUR,,
1ra$MdZfHBPOSr$MO20fsZ,IFCWALL,Ground Floor,,Facade,Wall,Exterior,5,N,,Added (synthetic),,GEVEL,Not Started,Facade,0,Medium,Y,,,Facade/Masonry Subcontractor,,,,,,FAC-0,Subcontract,,,,,,,,,,,5,,,EUR,,
1TyYgSSs92feQ6FboiVlCH,IFCWALL,Ground Floor,Apartment 2,Facade,Wall,Exterior,6,N,,Added (synthetic),Apartment 2,GEVEL,Not Started,Facade,0,Medium,Y,,,Facade/Masonry Subcontractor,,,,,,FAC-0,Subcontract,,,,,,,,,,,5,,,EUR,,
0_l2ELmojF3vYbiNvMXM17,IFCWALL,Ground Floor,Apartment 2,Facade,Wall,Exterior,6,N,,Added (synthetic),Apartment 2,GEVEL,Not Started,Facade,0,Medium,Y,,,Facade/Masonry Subcontractor,,,,,,FAC-0,Subcontract,,,,,,,,,,,5,,,EUR,,
06fbT3wWX0nvalSj0LVOEw,IFCWALL,Ground Floor,Apartment 2,Facade,Wall,Exterior,6,N,,Added (synthetic),Apartment 2,GEVEL,Not Started,Facade,0,Medium,Y,,,Facade/Masonry Subcontractor,,,,,,FAC-0,Subcontract,,,,,,,,,,,5,,,EUR,,
2ojCl65KjB$gf89qZ5MPfM,IFCWALL,Ground Floor,,Facade,Wall,Exterior,5,N,,Added (synthetic),,GEVEL,Not Started,Facade,0,Medium,Y,,,Facade/Masonry Subcontractor,,,,,,FAC-0,Subcontract,,,,,,,,,,,5,,,EUR,,
0YU6oy1EfCeBW1mHFSweX2,IFCWALL,Ground Floor,Apartment 2,Facade,Wall,Exterior,6,N,,Added (synthetic),Apartment 2,GEVEL,Not Started,Facade,0,Medium,Y,,,Facade/Masonry Subcontractor,,,,,,FAC-0,Subcontract,,,,,,,,,,,5,,,EUR,,
1CTGUsNkD2iQBMpcLlMjAY,IFCWALL,Ground Floor,Apartment 3,Structural,Wall,Exterior,1,N,44,Original,,UITVOERING,Complete,Structural,100,High,N,8 hrs (1 day),5.6,Main Contractor - Structural Crew,1.0036,40,,,40,STR-0,Subcontract,"Surveying / setting out, ground floor slab",176.08,556.88,986.05,1542.93,1658.66,115.73,7.5,1779.47,1658.66,5,82.93,Invoiced,EUR,2015-04-10,
1nrtcIEWXCJBl2_he$mODZ,IFCWALL,Ground Floor,,Structural,Wall,Exterior,1,N,44,Original,,UITVOERING,Complete,Structural,100,High,N,8 hrs (1 day),5.6,Main Contractor - Structural Crew,1.0036,40,,,40,STR-0,Subcontract,"Surveying / setting out, ground floor slab",176.08,556.88,986.05,1542.93,1658.66,115.73,7.5,1779.47,1658.66,5,82.93,Invoiced,EUR,2015-04-10,
2R6F$WfUj7CApH6kaihZst,IFCWALL,Ground Floor,,Facade,Wall,Exterior,5,N,,Added (synthetic),,GEVEL,Not Started,Facade,0,Medium,Y,,,Facade/Masonry Subcontractor,,,,,,FAC-0,Subcontract,,,,,,,,,,,5,,,EUR,,
3Cm7scBgX4CQfTVM1hDF2B,IFCWALL,Ground Floor,,Facade,Wall,Exterior,5,N,,Added (synthetic),,GEVEL,Not Started,Facade,0,Medium,Y,,,Facade/Masonry Subcontractor,,,,,,FAC-0,Subcontract,,,,,,,,,,,5,,,EUR,,
2Igex6onTAmfhouHOSUg8V,IFCWALL,Ground Floor,,Facade,Wall,Exterior,5,N,,Added (synthetic),,GEVEL,Not Started,Facade,0,Medium,Y,,,Facade/Masonry Subcontractor,,,,,,FAC-0,Subcontract,,,,,,,,,,,5,,,EUR,,
1umTqd3qjB5xn4xlPSMoml,IFCWALL,Ground Floor,,Facade,Wall,Exterior,5,N,,Added (synthetic),,GEVEL,Not Started,Facade,0,Medium,Y,,,Facade/Masonry Subcontractor,,,,,,FAC-0,Subcontract,,,,,,,,,,,5,,,EUR,,
0yKSa9A8bBuRIXwylue0ES,IFCWALL,Ground Floor,,Facade,Wall,Exterior,5,N,,Added (synthetic),,GEVEL,Not Started,Facade,0,Medium,Y,,,Facade/Masonry Subcontractor,,,,,,FAC-0,Subcontract,,,,,,,,,,,5,,,EUR,,
0j1_rzpXL9NRGFgvzNNHj7,IFCWALL,Ground Floor,,Facade,Wall,Exterior,5,N,,Added (synthetic),,GEVEL,Not Started,Facade,0,Medium,Y,,,Facade/Masonry Subcontractor,,,,,,FAC-0,Subcontract,,,,,,,,,,,5,,,EUR,,
014PwDUKL5UQmLgv_0D$t9,IFCWALL,Ground Floor,,Facade,Wall,Exterior,5,N,,Added (synthetic),,GEVEL,Not Started,Facade,0,Medium,Y,,,Facade/Masonry Subcontractor,,,,,,FAC-0,Subcontract,,,,,,,,,,,5,,,EUR,,
1AD2j$SNTAhBnN$NNYqXG4,IFCWALL,Ground Floor,,Facade,Wall,Exterior,5,N,,Added (synthetic),,GEVEL,Not Started,Facade,0,Medium,Y,,,Facade/Masonry Subcontractor,,,,,,FAC-0,Subcontract,,,,,,,,,,,5,,,EUR,,
3ew41MT6r7mAzMkFPWSywt,IFCWALL,Ground Floor,,Facade,Wall,Exterior,5,N,,Added (synthetic),,GEVEL,Not Started,Facade,0,Medium,Y,,,Facade/Masonry Subcontractor,,,,,,FAC-0,Subcontract,,,,,,,,,,,5,,,EUR,,
33iRUNUF92df$CutlVAdNZ,IFCWALL,Ground Floor,,Facade,Wall,Exterior,5,N,,Added (synthetic),,GEVEL,Not Started,Facade,0,Medium,Y,,,Facade/Masonry Subcontractor,,,,,,FAC-0,Subcontract,,,,,,,,,,,5,,,EUR,,
3XkSf_WQD8B95Qz7TinhrH,IFCWALL,Ground Floor,,Facade,Wall,Exterior,5,N,,Added (synthetic),,GEVEL,Not Started,Facade,0,Medium,Y,,,Facade/Masonry Subcontractor,,,,,,FAC-0,Subcontract,,,,,,,,,,,5,,,EUR,,
0c01Rv4rP95PoAhsRXcgwU,IFCWALL,Ground Floor,,Facade,Wall,Exterior,5,N,,Added (synthetic),,GEVEL,Not Started,Facade,0,Medium,Y,,,Facade/Masonry Subcontractor,,,,,,FAC-0,Subcontract,,,,,,,,,,,5,,,EUR,,
2Deg5LVyrBj8lmqeJEcC9g,IFCWALL,Ground Floor,,Facade,Wall,Exterior,5,N,,Added (synthetic),,GEVEL,Not Started,Facade,0,Medium,Y,,,Facade/Masonry Subcontractor,,,,,,FAC-0,Subcontract,,,,,,,,,,,5,,,EUR,,
2Yh7gIYaX4WulI_7Z3daPi,IFCWALL,Ground Floor,,Facade,Wall,Exterior,5,N,,Added (synthetic),,GEVEL,Not Started,Facade,0,Medium,Y,,,Facade/Masonry Subcontractor,,,,,,FAC-0,Subcontract,,,,,,,,,,,5,,,EUR,,
1MhvJn8ib6dAT$Lmr5tFv7,IFCWALL,Ground Floor,,Facade,Wall,Exterior,5,N,,Added (synthetic),,GEVEL,Not Started,Facade,0,Medium,Y,,,Facade/Masonry Subcontractor,,,,,,FAC-0,Subcontract,,,,,,,,,,,5,,,EUR,,
0$nmb_JxzCaAMY_T0nZCdH,IFCWALL,Ground Floor,Apartment 3,Structural,Wall,Exterior,1,N,44,Original,,UITVOERING,Complete,Structural,100,High,N,8 hrs (1 day),5.6,Main Contractor - Structural Crew,1.0036,40,,,40,STR-0,Subcontract,"Surveying / setting out, ground floor slab",176.08,556.88,986.05,1542.93,1658.66,115.73,7.5,1779.47,1658.66,5,82.93,Invoiced,EUR,2015-04-10,
2OaEEPzi95OPFp9P1ePXMb,IFCWALL,Ground Floor,,Facade,Wall,Exterior,5,N,,Added (synthetic),,GEVEL,Not Started,Facade,0,Medium,Y,,,Facade/Masonry Subcontractor,,,,,,FAC-0,Subcontract,,,,,,,,,,,5,,,EUR,,
2$jpBsfqD9mwGiQ1MIMyCK,IFCWALL,Ground Floor,,Facade,Wall,Exterior,5,N,,Added (synthetic),,GEVEL,Not Started,Facade,0,Medium,Y,,,Facade/Masonry Subcontractor,,,,,,FAC-0,Subcontract,,,,,,,,,,,5,,,EUR,,
0A5H6Gj795FQZvzPeczKad,IFCWALL,Ground Floor,,Facade,Wall,Exterior,5,N,,Added (synthetic),,GEVEL,Not Started,Facade,0,Medium,Y,,,Facade/Masonry Subcontractor,,,,,,FAC-0,Subcontract,,,,,,,,,,,5,,,EUR,,
0ohCctKtf3xAERYPncHkFE,IFCWALL,Ground Floor,,Facade,Wall,Exterior,5,N,,Added (synthetic),,GEVEL,Not Started,Facade,0,Medium,Y,,,Facade/Masonry Subcontractor,,,,,,FAC-0,Subcontract,,,,,,,,,,,5,,,EUR,,
0dAxGfAP51s88l$orgTdn4,IFCWALL,Ground Floor,,Facade,Wall,Exterior,5,N,,Added (synthetic),,GEVEL,Not Started,Facade,0,Medium,Y,,,Facade/Masonry Subcontractor,,,,,,FAC-0,Subcontract,,,,,,,,,,,5,,,EUR,,
2QS4fApj12O96cFKByf97B,IFCWALL,Ground Floor,,Facade,Wall,Exterior,5,N,,Added (synthetic),,GEVEL,Not Started,Facade,0,Medium,Y,,,Facade/Masonry Subcontractor,,,,,,FAC-0,Subcontract,,,,,,,,,,,5,,,EUR,,
3esS7s_B5C2huIWmYkTJPq,IFCWALL,Ground Floor,,Facade,Wall,Exterior,5,N,,Added (synthetic),,GEVEL,Not Started,Facade,0,Medium,Y,,,Facade/Masonry Subcontractor,,,,,,FAC-0,Subcontract,,,,,,,,,,,5,,,EUR,,
037e4dk9f2mA5SA28Mu_Ya,IFCWALL,Ground Floor,,Facade,Wall,Exterior,5,N,,Added (synthetic),,GEVEL,Not Started,Facade,0,Medium,Y,,,Facade/Masonry Subcontractor,,,,,,FAC-0,Subcontract,,,,,,,,,,,5,,,EUR,,
1Pz5bTcYHD$O0CoWS9huuh,IFCWALL,Ground Floor,,Facade,Wall,Exterior,5,N,,Added (synthetic),,GEVEL,Not Started,Facade,0,Medium,Y,,,Facade/Masonry Subcontractor,,,,,,FAC-0,Subcontract,,,,,,,,,,,5,,,EUR,,
12n3rezy5ABfwwc5yfQdvw,IFCWALL,Ground Floor,,Facade,Wall,Exterior,5,N,,Added (synthetic),,GEVEL,Not Started,Facade,0,Medium,Y,,,Facade/Masonry Subcontractor,,,,,,FAC-0,Subcontract,,,,,,,,,,,5,,,EUR,,
31GveRCSn6hRz9bWTBO2Sx,IFCWALL,Ground Floor,,Facade,Wall,Exterior,5,N,,Added (synthetic),,GEVEL,Not Started,Facade,0,Medium,Y,,,Facade/Masonry Subcontractor,,,,,,FAC-0,Subcontract,,,,,,,,,,,5,,,EUR,,
3azr12Tev2re9qfmBJNIhw,IFCWALL,Ground Floor,,Facade,Wall,Exterior,5,N,,Added (synthetic),,GEVEL,Not Started,Facade,0,Medium,Y,,,Facade/Masonry Subcontractor,,,,,,FAC-0,Subcontract,,,,,,,,,,,5,,,EUR,,
1ocvZUdNzBqPiJsdrrFn1c,IFCWALL,Ground Floor,,Facade,Wall,Exterior,5,N,,Added (synthetic),,GEVEL,Not Started,Facade,0,Medium,Y,,,Facade/Masonry Subcontractor,,,,,,FAC-0,Subcontract,,,,,,,,,,,5,,,EUR,,
3PoAJuTXPF$u36k5Jw4Z5a,IFCWALL,Ground Floor,,Facade,Wall,Exterior,5,N,,Added (synthetic),,GEVEL,Not Started,Facade,0,Medium,Y,,,Facade/Masonry Subcontractor,,,,,,FAC-0,Subcontract,,,,,,,,,,,5,,,EUR,,
0hDghtDLb88ODx5EtvPzgM,IFCWALL,Ground Floor,,Facade,Wall,Exterior,5,N,,Added (synthetic),,GEVEL,Not Started,Facade,0,Medium,Y,,,Facade/Masonry Subcontractor,,,,,,FAC-0,Subcontract,,,,,,,,,,,5,,,EUR,,
1YCu$eFwfF7BL8140KPXca,IFCWALL,Ground Floor,,Facade,Wall,Exterior,5,N,,Added (synthetic),,GEVEL,Not Started,Facade,0,Medium,Y,,,Facade/Masonry Subcontractor,,,,,,FAC-0,Subcontract,,,,,,,,,,,5,,,EUR,,
2WwJToEmn6mgw6GIYna5Lb,IFCWALL,Ground Floor,,Facade,Wall,Exterior,5,N,,Added (synthetic),,GEVEL,Not Started,Facade,0,Medium,Y,,,Facade/Masonry Subcontractor,,,,,,FAC-0,Subcontract,,,,,,,,,,,5,,,EUR,,
0qjLt6tpjDu8lujp9gCtYe,IFCWALL,Ground Floor,Apartment 3,Structural,Wall,Exterior,1,N,44,Original,,UITVOERING,Complete,Structural,100,High,N,8 hrs (1 day),5.6,Main Contractor - Structural Crew,1.0036,40,,,40,STR-0,Subcontract,"Surveying / setting out, ground floor slab",176.08,556.88,986.05,1542.93,1658.66,115.73,7.5,1779.47,1658.66,5,82.93,Invoiced,EUR,2015-04-10,
1bgUfDc9n0g9HZP5aLbJ0n,IFCWALL,Ground Floor,,Facade,Wall,Exterior,5,N,,Added (synthetic),,GEVEL,Not Started,Facade,0,Medium,Y,,,Facade/Masonry Subcontractor,,,,,,FAC-0,Subcontract,,,,,,,,,,,5,,,EUR,,
1pBD50fUf4HOQWY_FkoYJT,IFCWALL,Ground Floor,,Facade,Wall,Exterior,5,N,,Added (synthetic),,GEVEL,Not Started,Facade,0,Medium,Y,,,Facade/Masonry Subcontractor,,,,,,FAC-0,Subcontract,,,,,,,,,,,5,,,EUR,,
1isL1SRaT9YBDYiTeS2Ty8,IFCWALL,Ground Floor,,Facade,Wall,Exterior,5,N,,Added (synthetic),,GEVEL,Not Started,Facade,0,Medium,Y,,,Facade/Masonry Subcontractor,,,,,,FAC-0,Subcontract,,,,,,,,,,,5,,,EUR,,
3F8rMkRHX4UAiIGKwBj4Po,IFCWALL,Ground Floor,,Facade,Wall,Exterior,5,N,,Added (synthetic),,GEVEL,Not Started,Facade,0,Medium,Y,,,Facade/Masonry Subcontractor,,,,,,FAC-0,Subcontract,,,,,,,,,,,5,,,EUR,,
0CIHS3UqLCFfmV3hApIGQ6,IFCWALL,Ground Floor,,Facade,Wall,Exterior,5,N,,Added (synthetic),,GEVEL,Not Started,Facade,0,Medium,Y,,,Facade/Masonry Subcontractor,,,,,,FAC-0,Subcontract,,,,,,,,,,,5,,,EUR,,
0bRZzgbzD4IuC4gxNY7xQh,IFCWALL,Ground Floor,,Facade,Wall,Exterior,5,N,,Added (synthetic),,GEVEL,Not Started,Facade,0,Medium,Y,,,Facade/Masonry Subcontractor,,,,,,FAC-0,Subcontract,,,,,,,,,,,5,,,EUR,,
0GU$6X29PC6gNbWz5MWmi4,IFCWALL,Ground Floor,,Facade,Wall,Exterior,5,N,,Added (synthetic),,GEVEL,Not Started,Facade,0,Medium,Y,,,Facade/Masonry Subcontractor,,,,,,FAC-0,Subcontract,,,,,,,,,,,5,,,EUR,,
3f0aTSwAX5n8oP68ncSUmN,IFCWALL,Ground Floor,,Facade,Wall,Exterior,5,N,,Added (synthetic),,GEVEL,Not Started,Facade,0,Medium,Y,,,Facade/Masonry Subcontractor,,,,,,FAC-0,Subcontract,,,,,,,,,,,5,,,EUR,,
1$vNox_g1FifYtmbY51XxV,IFCWALL,Ground Floor,,Facade,Wall,Exterior,5,N,,Added (synthetic),,GEVEL,Not Started,Facade,0,Medium,Y,,,Facade/Masonry Subcontractor,,,,,,FAC-0,Subcontract,,,,,,,,,,,5,,,EUR,,
026r04Lmj75x6ENTJ7WTIB,IFCWALL,Ground Floor,,Facade,Wall,Exterior,5,N,,Added (synthetic),,GEVEL,Not Started,Facade,0,Medium,Y,,,Facade/Masonry Subcontractor,,,,,,FAC-0,Subcontract,,,,,,,,,,,5,,,EUR,,
0_$Vb4UgX1xBB1w8C2cj2L,IFCWALL,Ground Floor,,Facade,Wall,Exterior,5,N,,Added (synthetic),,GEVEL,Not Started,Facade,0,Medium,Y,,,Facade/Masonry Subcontractor,,,,,,FAC-0,Subcontract,,,,,,,,,,,5,,,EUR,,
1s_rF_1un3wOdkmGxpCfiN,IFCWALL,Ground Floor,,Facade,Wall,Exterior,5,N,,Added (synthetic),,GEVEL,Not Started,Facade,0,Medium,Y,,,Facade/Masonry Subcontractor,,,,,,FAC-0,Subcontract,,,,,,,,,,,5,,,EUR,,
1FGAmKk99819cnKcUMT2gL,IFCWALL,Ground Floor,,Finishing,Wall,Interior,1,N,,Added (synthetic),,GEVEL,Not Started,Finishing,0,Low,N,16 hrs (2 days),11.9,Finishing Subcontractor,2.0018,149,148,150,149,FIN-0,Subcontract,"Balcony railing installation, Ground Floor",18.56,796.48,220.86,1017.34,1126.81,109.47,10.8,1179.25,1146.09,5,56.34,Pending,EUR,2015-06-18,
3svLfMUGz6RPW7zJsbFgVI,IFCWALL,Ground Floor,Apartment 1,Finishing,Wall,Interior,27,N,,Added (synthetic),Apartment 1,AFBOUW,Not Started,Finishing,0,Low,N,,,Finishing Subcontractor,,,,,,FIN-0,Subcontract,,,,,,,,,,,5,,,EUR,,
1LZPU6x0L9wOZBNrZ5df2z,IFCWALL,Ground Floor,Apartment 1,Finishing,Wall,Interior,27,N,,Added (synthetic),Apartment 1,AFBOUW,Not Started,Finishing,0,Low,N,,,Finishing Subcontractor,,,,,,FIN-0,Subcontract,,,,,,,,,,,5,,,EUR,,
0WqX0b_Gj53ObpF3GHqhgT,IFCWALL,Ground Floor,Apartment 1,Finishing,Wall,Interior,27,N,,Added (synthetic),Apartment 1,AFBOUW,Not Started,Finishing,0,Low,N,,,Finishing Subcontractor,,,,,,FIN-0,Subcontract,,,,,,,,,,,5,,,EUR,,
1oraHrHF1Dyu4SuSnO8ARQ,IFCWALL,Ground Floor,Apartment 1,Finishing,Wall,Interior,27,N,,Added (synthetic),Apartment 1,AFBOUW,Not Started,Finishing,0,Low,N,,,Finishing Subcontractor,,,,,,FIN-0,Subcontract,,,,,,,,,,,5,,,EUR,,
0wAaPRefDFjQKjv08CArN4,IFCWALL,Ground Floor,Apartment 1,Finishing,Wall,Interior,27,N,,Added (synthetic),Apartment 1,AFBOUW,Not Started,Finishing,0,Low,N,,,Finishing Subcontractor,,,,,,FIN-0,Subcontract,,,,,,,,,,,5,,,EUR,,
2IddtI00n0rx1sVzeIOFgT,IFCWALL,Ground Floor,Apartment 1,Finishing,Wall,Interior,27,N,,Added (synthetic),Apartment 1,AFBOUW,Not Started,Finishing,0,Low,N,,,Finishing Subcontractor,,,,,,FIN-0,Subcontract,,,,,,,,,,,5,,,EUR,,
1I9wybdkfBfQfy1clCu312,IFCWALL,Ground Floor,Apartment 2,Finishing,Wall,Interior,27,N,,Added (synthetic),Apartment 2,AFBOUW,Not Started,Finishing,0,Low,N,,,Finishing Subcontractor,,,,,,FIN-0,Subcontract,,,,,,,,,,,5,,,EUR,,
2Y17p3X0LCwAQBBap_PfuM,IFCWALL,Ground Floor,Apartment 2,Finishing,Wall,Interior,27,N,,Added (synthetic),Apartment 2,AFBOUW,Not Started,Finishing,0,Low,N,,,Finishing Subcontractor,,,,,,FIN-0,Subcontract,,,,,,,,,,,5,,,EUR,,
0MTC1GonbDHhxIHc0o_Hwo,IFCWALL,Ground Floor,Apartment 2,Finishing,Wall,Interior,27,N,,Added (synthetic),Apartment 2,AFBOUW,Not Started,Finishing,0,Low,N,,,Finishing Subcontractor,,,,,,FIN-0,Subcontract,,,,,,,,,,,5,,,EUR,,
2Ceuxj28f1jeasNbgQdOxb,IFCWALL,Ground Floor,Apartment 2,Finishing,Wall,Interior,27,N,,Added (synthetic),Apartment 2,AFBOUW,Not Started,Finishing,0,Low,N,,,Finishing Subcontractor,,,,,,FIN-0,Subcontract,,,,,,,,,,,5,,,EUR,,
1gNkbSVZbFBxFXaKoy2iyq,IFCWALL,Ground Floor,Apartment 2,Finishing,Wall,Interior,27,N,,Added (synthetic),Apartment 2,AFBOUW,Not Started,Finishing,0,Low,N,,,Finishing Subcontractor,,,,,,FIN-0,Subcontract,,,,,,,,,,,5,,,EUR,,
2fm0mZk$v1jv8Zx4BDh_0A,IFCWALL,Ground Floor,Apartment 2,Finishing,Wall,Interior,27,N,,Added (synthetic),Apartment 2,AFBOUW,Not Started,Finishing,0,Low,N,,,Finishing Subcontractor,,,,,,FIN-0,Subcontract,,,,,,,,,,,5,,,EUR,,
0Q9MMqksT8Lw1MSX6wiWlm,IFCWALL,Ground Floor,Apartment 2,Finishing,Wall,Interior,27,N,,Added (synthetic),Apartment 2,AFBOUW,Not Started,Finishing,0,Low,N,,,Finishing Subcontractor,,,,,,FIN-0,Subcontract,,,,,,,,,,,5,,,EUR,,
1FqYaESPXFuhUVvvYp6cz_,IFCWALL,Ground Floor,Apartment 3,Finishing,Wall,Interior,27,N,,Added (synthetic),Apartment 3,AFBOUW,Not Started,Finishing,0,Low,N,,,Finishing Subcontractor,,,,,,FIN-0,Subcontract,,,,,,,,,,,5,,,EUR,,
3NCom$HHj0s8CFEaff7h0i,IFCWALL,Ground Floor,Apartment 3,Finishing,Wall,Interior,27,N,,Added (synthetic),Apartment 3,AFBOUW,Not Started,Finishing,0,Low,N,,,Finishing Subcontractor,,,,,,FIN-0,Subcontract,,,,,,,,,,,5,,,EUR,,
01Kt0gjUr0wQi3mfN_sJAF,IFCWALL,Ground Floor,Apartment 3,Finishing,Wall,Interior,27,N,,Added (synthetic),Apartment 3,AFBOUW,Not Started,Finishing,0,Low,N,,,Finishing Subcontractor,,,,,,FIN-0,Subcontract,,,,,,,,,,,5,,,EUR,,
0MShzpttDCFebRi8XxX5Be,IFCWALL,Ground Floor,Apartment 3,Finishing,Wall,Interior,27,N,,Added (synthetic),Apartment 3,AFBOUW,Not Started,Finishing,0,Low,N,,,Finishing Subcontractor,,,,,,FIN-0,Subcontract,,,,,,,,,,,5,,,EUR,,
03$ccRRszFBBvdHYRBhWBB,IFCWALL,Ground Floor,Apartment 3,Finishing,Wall,Interior,27,N,,Added (synthetic),Apartment 3,AFBOUW,Not Started,Finishing,0,Low,N,,,Finishing Subcontractor,,,,,,FIN-0,Subcontract,,,,,,,,,,,5,,,EUR,,
3fuVRb4XjElhDvhrOaoTtt,IFCWALL,Ground Floor,Apartment 3,Finishing,Wall,Interior,27,N,,Added (synthetic),Apartment 3,AFBOUW,Not Started,Finishing,0,Low,N,,,Finishing Subcontractor,,,,,,FIN-0,Subcontract,,,,,,,,,,,5,,,EUR,,
27uvm4mVj9Fh2G4GW$nbBr,IFCWALL,Ground Floor,Apartment 1,Finishing,Wall,Interior,27,N,,Added (synthetic),Apartment 1,AFBOUW,Not Started,Finishing,0,Low,N,,,Finishing Subcontractor,,,,,,FIN-0,Subcontract,,,,,,,,,,,5,,,EUR,,
2FJRWxBJD9PAYk_P_Dp7uD,IFCWALL,Ground Floor,Apartment 3,Finishing,Wall,Interior,27,N,,Added (synthetic),Apartment 3,AFBOUW,Not Started,Finishing,0,Low,N,,,Finishing Subcontractor,,,,,,FIN-0,Subcontract,,,,,,,,,,,5,,,EUR,,
3IBoEUFNz2$emtSPYYqofy,IFCWALL,Ground Floor,Apartment 2,Finishing,Wall,Interior,27,N,,Added (synthetic),Apartment 2,AFBOUW,Not Started,Finishing,0,Low,N,,,Finishing Subcontractor,,,,,,FIN-0,Subcontract,,,,,,,,,,,5,,,EUR,,
3hPtwB9dPCrQf5d5COzFHr,IFCWALL,Ground Floor,,Finishing,Wall,Interior,1,N,,Added (synthetic),,GEVEL,Not Started,Finishing,0,Low,N,16 hrs (2 days),11.9,Finishing Subcontractor,2.0018,149,148,150,149,FIN-0,Subcontract,"Balcony railing installation, Ground Floor",18.56,796.48,220.86,1017.34,1126.81,109.47,10.8,1179.25,1146.09,5,56.34,Pending,EUR,2015-06-18,
24KQNv7ID5k8TEYH_QWIPo,IFCWALL,Ground Floor,,Finishing,Wall,Interior,1,N,,Added (synthetic),,GEVEL,Not Started,Finishing,0,Low,N,16 hrs (2 days),11.9,Finishing Subcontractor,2.0018,149,148,150,149,FIN-0,Subcontract,"Balcony railing installation, Ground Floor",18.56,796.48,220.86,1017.34,1126.81,109.47,10.8,1179.25,1146.09,5,56.34,Pending,EUR,2015-06-18,
1fDCTPwoDCwQjPVZtcx23B,IFCWALL,Ground Floor,,Finishing,Wall,Interior,1,N,,Added (synthetic),,GEVEL,Not Started,Finishing,0,Low,N,16 hrs (2 days),11.9,Finishing Subcontractor,2.0018,149,148,150,149,FIN-0,Subcontract,"Balcony railing installation, Ground Floor",18.56,796.48,220.86,1017.34,1126.81,109.47,10.8,1179.25,1146.09,5,56.34,Pending,EUR,2015-06-18,
1dcl_KEgvBzg2V0ywDT44c,IFCWALL,Ground Floor,Apartment 1,Structural,Wall,Exterior,1,N,44,Original,,UITVOERING,Complete,Structural,100,High,N,8 hrs (1 day),5.6,Main Contractor - Structural Crew,1.0036,40,,,40,STR-0,Subcontract,"Surveying / setting out, ground floor slab",176.08,556.88,986.05,1542.93,1658.66,115.73,7.5,1779.47,1658.66,5,82.93,Invoiced,EUR,2015-04-10,
3nzu1bC1j9OASHamQgK09U,IFCWALL,Ground Floor,,Facade,Wall,Exterior,5,N,,Added (synthetic),,GEVEL,Not Started,Facade,0,Medium,Y,,,Facade/Masonry Subcontractor,,,,,,FAC-0,Subcontract,,,,,,,,,,,5,,,EUR,,
1lEjph7wz1fB40MAeoR5xD,IFCWALL,Ground Floor,,Finishing,Wall,Interior,1,N,,Added (synthetic),,GEVEL,Not Started,Finishing,0,Low,N,16 hrs (2 days),11.9,Finishing Subcontractor,2.0018,149,148,150,149,FIN-0,Subcontract,"Balcony railing installation, Ground Floor",18.56,796.48,220.86,1017.34,1126.81,109.47,10.8,1179.25,1146.09,5,56.34,Pending,EUR,2015-06-18,
0klGaA9M11cw9VwJ96pWIe,IFCWALL,Ground Floor,Apartment 3,Finishing,Wall,Interior,27,N,,Added (synthetic),Apartment 3,AFBOUW,Not Started,Finishing,0,Low,N,,,Finishing Subcontractor,,,,,,FIN-0,Subcontract,,,,,,,,,,,5,,,EUR,,
04AOBR8wLDz8EonUdH$yXd,IFCWALL,Ground Floor,Apartment 2,Finishing,Wall,Interior,27,N,,Added (synthetic),Apartment 2,AFBOUW,Not Started,Finishing,0,Low,N,,,Finishing Subcontractor,,,,,,FIN-0,Subcontract,,,,,,,,,,,5,,,EUR,,
31cdahMYL9Leho2rsQXm2b,IFCWALL,Ground Floor,Apartment 2,Finishing,Wall,Interior,27,N,,Added (synthetic),Apartment 2,AFBOUW,Not Started,Finishing,0,Low,N,,,Finishing Subcontractor,,,,,,FIN-0,Subcontract,,,,,,,,,,,5,,,EUR,,
0X2zNK4Gr959hH90pZPnh_,IFCWALL,Ground Floor,Apartment 2,Finishing,Wall,Interior,27,N,,Added (synthetic),Apartment 2,AFBOUW,Not Started,Finishing,0,Low,N,,,Finishing Subcontractor,,,,,,FIN-0,Subcontract,,,,,,,,,,,5,,,EUR,,
3x9ycAZtX5CQvD0YimN_OD,IFCWALL,Ground Floor,Apartment 2,Finishing,Wall,Interior,27,N,,Added (synthetic),Apartment 2,AFBOUW,Not Started,Finishing,0,Low,N,,,Finishing Subcontractor,,,,,,FIN-0,Subcontract,,,,,,,,,,,5,,,EUR,,
2erHyW9a93fxiTHg9u4oBi,IFCWALL,First Floor,,Facade,Wall,Exterior,5,N,,Added (synthetic),,GEVEL,Not Started,Facade,0,Medium,Y,,,Facade/Masonry Subcontractor,,,,,,FAC-0,Subcontract,,,,,,,,,,,5,,Pending,EUR,,
1EWWqeDT9BMgIJKXOapy7g,IFCWALL,First Floor,,Facade,Wall,Exterior,5,N,,Added (synthetic),,GEVEL,Not Started,Facade,0,Medium,Y,,,Facade/Masonry Subcontractor,,,,,,FAC-0,Subcontract,,,,,,,,,,,5,,Pending,EUR,,
3YWZENIwv2cRjcU4sOLnqp,IFCWALL,First Floor,,Facade,Wall,Exterior,5,N,,Added (synthetic),,GEVEL,Not Started,Facade,0,Medium,Y,,,Facade/Masonry Subcontractor,,,,,,FAC-0,Subcontract,,,,,,,,,,,5,,Pending,EUR,,
1hNUSW9Fz2kwTPOlreVhJU,IFCWALL,First Floor,,Structural,Wall,Exterior,36,N,,Original,,UITVOERING,Complete,Structural,100,High,Yes,,,Main Contractor - Structural Crew,,,,,,STR-0,Subcontract,,,,,,,,,,,5,,,EUR,,
2dez8YjPv64QJPWa_Ut4T2,IFCWALL,First Floor,,Structural,Wall,Exterior,36,N,,Original,,UITVOERING,Complete,Structural,100,High,Yes,,,Main Contractor - Structural Crew,,,,,,STR-0,Subcontract,,,,,,,,,,,5,,,EUR,,
1XAtD5ST1B6hJBF87WWK_p,IFCWALL,First Floor,,Structural,Wall,Interior,36,N,,Original,,UITVOERING,Complete,Structural,100,High,Yes,,,Main Contractor - Structural Crew,,,,,,STR-0,Subcontract,,,,,,,,,,,5,,,EUR,,
1ZjSTbnjDE3eg9hU_V3RZu,IFCWALL,First Floor,,Structural,Wall,Interior,36,N,,Original,,UITVOERING,Complete,Structural,100,High,Yes,,,Main Contractor - Structural Crew,,,,,,STR-0,Subcontract,,,,,,,,,,,5,,,EUR,,
1l4OJxa6HEzfGDywLDzjC4,IFCWALL,First Floor,,Structural,Wall,Interior,36,N,,Original,,UITVOERING,Complete,Structural,100,High,Yes,,,Main Contractor - Structural Crew,,,,,,STR-0,Subcontract,,,,,,,,,,,5,,,EUR,,
2w4EgNvcXAxOiGhNOfuw5d,IFCWALL,First Floor,,Facade,Wall,Exterior,5,N,,Added (synthetic),,GEVEL,Not Started,Facade,0,Medium,Y,,,Facade/Masonry Subcontractor,,,,,,FAC-0,Subcontract,,,,,,,,,,,5,,Pending,EUR,,
3tpY8iJUX04PuBuWL58WJY,IFCWALL,First Floor,,Facade,Wall,Exterior,5,N,,Added (synthetic),,GEVEL,Not Started,Facade,0,Medium,Y,,,Facade/Masonry Subcontractor,,,,,,FAC-0,Subcontract,,,,,,,,,,,5,,Pending,EUR,,
2HMywdZ4v9ehAMv0ULqY7g,IFCWALL,First Floor,,Structural,Wall,Exterior,36,N,,Original,,UITVOERING,Complete,Structural,100,High,Yes,,,Main Contractor - Structural Crew,,,,,,STR-0,Subcontract,,,,,,,,,,,5,,,EUR,,
0bkZLlteH4Gv_QuHkHzQDP,IFCWALL,First Floor,,Structural,Wall,Exterior,36,N,,Original,,UITVOERING,Complete,Structural,100,High,Yes,,,Main Contractor - Structural Crew,,,,,,STR-0,Subcontract,,,,,,,,,,,5,,,EUR,,
1lyoimFmL5zA5TFPtlaokD,IFCWALL,First Floor,,Structural,Wall,Exterior,36,N,,Original,,UITVOERING,Complete,Structural,100,High,Yes,,,Main Contractor - Structural Crew,,,,,,STR-0,Subcontract,,,,,,,,,,,5,,,EUR,,
06P8M5eRX7Q8DMqxH3c_wl,IFCWALL,First Floor,,Structural,Wall,Exterior,36,N,,Original,,UITVOERING,Complete,Structural,100,High,Yes,,,Main Contractor - Structural Crew,,,,,,STR-0,Subcontract,,,,,,,,,,,5,,,EUR,,
0Z4DuejWD50xg4CFcjidlO,IFCWALL,First Floor,,Structural,Wall,Exterior,36,N,,Original,,UITVOERING,Complete,Structural,100,High,Yes,,,Main Contractor - Structural Crew,,,,,,STR-0,Subcontract,,,,,,,,,,,5,,,EUR,,
2f_jfRbF16awLBIX13CDXP,IFCWALL,First Floor,,Structural,Wall,Exterior,36,N,,Original,,UITVOERING,Complete,Structural,100,High,Yes,,,Main Contractor - Structural Crew,,,,,,STR-0,Subcontract,,,,,,,,,,,5,,,EUR,,
2gjTPGDyjDTuEPcBmfMwbs,IFCWALL,First Floor,,Facade,Wall,Exterior,5,N,,Added (synthetic),,GEVEL,Not Started,Facade,0,Medium,Y,,,Facade/Masonry Subcontractor,,,,,,FAC-0,Subcontract,,,,,,,,,,,5,,Pending,EUR,,
1Bzc8uSZD4XQVt_ohtWZId,IFCWALL,First Floor,,Facade,Wall,Exterior,5,N,,Added (synthetic),,GEVEL,Not Started,Facade,0,Medium,Y,,,Facade/Masonry Subcontractor,,,,,,FAC-0,Subcontract,,,,,,,,,,,5,,Pending,EUR,,
2B0G8J6dD9_eLksetBKO8G,IFCWALL,First Floor,,Facade,Wall,Exterior,5,N,,Added (synthetic),,GEVEL,Not Started,Facade,0,Medium,Y,,,Facade/Masonry Subcontractor,,,,,,FAC-0,Subcontract,,,,,,,,,,,5,,Pending,EUR,,
0BaTdFig96fAQhtMSd1Bze,IFCWALL,First Floor,,Facade,Wall,Exterior,5,N,,Added (synthetic),,GEVEL,Not Started,Facade,0,Medium,Y,,,Facade/Masonry Subcontractor,,,,,,FAC-0,Subcontract,,,,,,,,,,,5,,Pending,EUR,,
0j6o0yB1fFhuN_Qos13Bz5,IFCWALL,First Floor,,Facade,Wall,Exterior,5,N,,Added (synthetic),,GEVEL,Not Started,Facade,0,Medium,Y,,,Facade/Masonry Subcontractor,,,,,,FAC-0,Subcontract,,,,,,,,,,,5,,Pending,EUR,,
2jBoz4nA9C1vNRWoQoZCw5,IFCWALL,First Floor,,Facade,Wall,Exterior,5,N,,Added (synthetic),,GEVEL,Not Started,Facade,0,Medium,Y,,,Facade/Masonry Subcontractor,,,,,,FAC-0,Subcontract,,,,,,,,,,,5,,Pending,EUR,,
3wmcZBj8H2fBiTVxjtc76K,IFCWALL,First Floor,,Facade,Wall,Exterior,5,N,,Added (synthetic),,GEVEL,Not Started,Facade,0,Medium,Y,,,Facade/Masonry Subcontractor,,,,,,FAC-0,Subcontract,,,,,,,,,,,5,,Pending,EUR,,
0HJRV4BSTAkAtUp9svnqkF,IFCWALL,First Floor,,Facade,Wall,Exterior,5,N,,Added (synthetic),,GEVEL,Not Started,Facade,0,Medium,Y,,,Facade/Masonry Subcontractor,,,,,,FAC-0,Subcontract,,,,,,,,,,,5,,Pending,EUR,,
1_5se9Bjn1rgHwEb$U1XcT,IFCWALL,First Floor,,Facade,Wall,Exterior,5,N,,Added (synthetic),,GEVEL,Not Started,Facade,0,Medium,Y,,,Facade/Masonry Subcontractor,,,,,,FAC-0,Subcontract,,,,,,,,,,,5,,Pending,EUR,,
024PETTtr5LPliAdggDMDR,IFCWALL,First Floor,,Facade,Wall,Exterior,5,N,,Added (synthetic),,GEVEL,Not Started,Facade,0,Medium,Y,,,Facade/Masonry Subcontractor,,,,,,FAC-0,Subcontract,,,,,,,,,,,5,,Pending,EUR,,
0oq3Y7GEDEWwB4m3kkbnC2,IFCWALL,First Floor,,Facade,Wall,Exterior,5,N,,Added (synthetic),,GEVEL,Not Started,Facade,0,Medium,Y,,,Facade/Masonry Subcontractor,,,,,,FAC-0,Subcontract,,,,,,,,,,,5,,Pending,EUR,,
0OgpsAvNXAkRbqgrv0PLw5,IFCWALL,First Floor,,Facade,Wall,Exterior,5,N,,Added (synthetic),,GEVEL,Not Started,Facade,0,Medium,Y,,,Facade/Masonry Subcontractor,,,,,,FAC-0,Subcontract,,,,,,,,,,,5,,Pending,EUR,,
02jiAyhWL9AAwFG60v31tV,IFCWALL,First Floor,,Facade,Wall,Exterior,5,N,,Added (synthetic),,GEVEL,Not Started,Facade,0,Medium,Y,,,Facade/Masonry Subcontractor,,,,,,FAC-0,Subcontract,,,,,,,,,,,5,,Pending,EUR,,
2SmJxWwbTEYA63r0gQnWj5,IFCWALL,First Floor,,Facade,Wall,Exterior,5,N,,Added (synthetic),,GEVEL,Not Started,Facade,0,Medium,Y,,,Facade/Masonry Subcontractor,,,,,,FAC-0,Subcontract,,,,,,,,,,,5,,Pending,EUR,,
3qaZ5SwO91k8OhrLYeYPcl,IFCWALL,First Floor,,Facade,Wall,Exterior,5,N,,Added (synthetic),,GEVEL,Not Started,Facade,0,Medium,Y,,,Facade/Masonry Subcontractor,,,,,,FAC-0,Subcontract,,,,,,,,,,,5,,Pending,EUR,,
1kqWYCHTD7O9PRPuC8iVbj,IFCWALL,First Floor,,Facade,Wall,Exterior,5,N,,Added (synthetic),,GEVEL,Not Started,Facade,0,Medium,Y,,,Facade/Masonry Subcontractor,,,,,,FAC-0,Subcontract,,,,,,,,,,,5,,Pending,EUR,,
2jijIuzvzCMOBIhgOoeHnJ,IFCWALL,First Floor,,Facade,Wall,Exterior,5,N,,Added (synthetic),,GEVEL,Not Started,Facade,0,Medium,Y,,,Facade/Masonry Subcontractor,,,,,,FAC-0,Subcontract,,,,,,,,,,,5,,Pending,EUR,,
2qcWMhv7X4VQw$dXrmGBAF,IFCWALL,First Floor,,Facade,Wall,Exterior,5,N,,Added (synthetic),,GEVEL,Not Started,Facade,0,Medium,Y,,,Facade/Masonry Subcontractor,,,,,,FAC-0,Subcontract,,,,,,,,,,,5,,Pending,EUR,,
02KCnN8qD7yunPHGlDlBkF,IFCWALL,First Floor,,Facade,Wall,Exterior,5,N,,Added (synthetic),,GEVEL,Not Started,Facade,0,Medium,Y,,,Facade/Masonry Subcontractor,,,,,,FAC-0,Subcontract,,,,,,,,,,,5,,Pending,EUR,,
0uQlWOMIL5sgPCcbhdbYkA,IFCWALL,First Floor,,Facade,Wall,Exterior,5,N,,Added (synthetic),,GEVEL,Not Started,Facade,0,Medium,Y,,,Facade/Masonry Subcontractor,,,,,,FAC-0,Subcontract,,,,,,,,,,,5,,Pending,EUR,,
2gZ_44VXjAzRuZlYzgvtgB,IFCWALL,First Floor,,Facade,Wall,Exterior,5,N,,Added (synthetic),,GEVEL,Not Started,Facade,0,Medium,Y,,,Facade/Masonry Subcontractor,,,,,,FAC-0,Subcontract,,,,,,,,,,,5,,Pending,EUR,,
3AgwZ0_yPDWxtRR7SaGGUJ,IFCWALL,First Floor,,Facade,Wall,Exterior,5,N,,Added (synthetic),,GEVEL,Not Started,Facade,0,Medium,Y,,,Facade/Masonry Subcontractor,,,,,,FAC-0,Subcontract,,,,,,,,,,,5,,Pending,EUR,,
1UwMPl_Ff5TeTm5lgVVmYV,IFCWALL,First Floor,,Facade,Wall,Exterior,5,N,,Added (synthetic),,GEVEL,Not Started,Facade,0,Medium,Y,,,Facade/Masonry Subcontractor,,,,,,FAC-0,Subcontract,,,,,,,,,,,5,,Pending,EUR,,
17dT5kmgn18w5w5Mwe_TO2,IFCWALL,First Floor,,Facade,Wall,Exterior,5,N,,Added (synthetic),,GEVEL,Not Started,Facade,0,Medium,Y,,,Facade/Masonry Subcontractor,,,,,,FAC-0,Subcontract,,,,,,,,,,,5,,Pending,EUR,,
2M22IcCrn03fbyBol6Rumq,IFCWALL,First Floor,,Facade,Wall,Exterior,5,N,,Added (synthetic),,GEVEL,Not Started,Facade,0,Medium,Y,,,Facade/Masonry Subcontractor,,,,,,FAC-0,Subcontract,,,,,,,,,,,5,,Pending,EUR,,
2r3yVmqMz9zBwYn9dHz5cg,IFCWALL,First Floor,,Facade,Wall,Exterior,5,N,,Added (synthetic),,GEVEL,Not Started,Facade,0,Medium,Y,,,Facade/Masonry Subcontractor,,,,,,FAC-0,Subcontract,,,,,,,,,,,5,,Pending,EUR,,
31lVOEPPf3OfIKg0uKPRBg,IFCWALL,First Floor,,Facade,Wall,Exterior,5,N,,Added (synthetic),,GEVEL,Not Started,Facade,0,Medium,Y,,,Facade/Masonry Subcontractor,,,,,,FAC-0,Subcontract,,,,,,,,,,,5,,Pending,EUR,,
0cEQnttXL9iAGcN5wu5iIi,IFCWALL,First Floor,,Facade,Wall,Exterior,5,N,,Added (synthetic),,GEVEL,Not Started,Facade,0,Medium,Y,,,Facade/Masonry Subcontractor,,,,,,FAC-0,Subcontract,,,,,,,,,,,5,,Pending,EUR,,
1_yHrjirr42P2omCvRv61n,IFCWALL,First Floor,,Facade,Wall,Exterior,5,N,,Added (synthetic),,GEVEL,Not Started,Facade,0,Medium,Y,,,Facade/Masonry Subcontractor,,,,,,FAC-0,Subcontract,,,,,,,,,,,5,,Pending,EUR,,
36MTIgYN58Khj4Maho8oRs,IFCWALL,First Floor,,Facade,Wall,Exterior,5,N,,Added (synthetic),,GEVEL,Not Started,Facade,0,Medium,Y,,,Facade/Masonry Subcontractor,,,,,,FAC-0,Subcontract,,,,,,,,,,,5,,Pending,EUR,,
2enUmZYnj72OcwNACl0MbV,IFCWALL,First Floor,,Facade,Wall,Exterior,5,N,,Added (synthetic),,GEVEL,Not Started,Facade,0,Medium,Y,,,Facade/Masonry Subcontractor,,,,,,FAC-0,Subcontract,,,,,,,,,,,5,,Pending,EUR,,
0eH4s4FArDowd5Az30KXRB,IFCWALL,First Floor,,Facade,Wall,Exterior,5,N,,Added (synthetic),,GEVEL,Not Started,Facade,0,Medium,Y,,,Facade/Masonry Subcontractor,,,,,,FAC-0,Subcontract,,,,,,,,,,,5,,Pending,EUR,,
0CWWia1q51AgVCIHuLfLS1,IFCWALL,First Floor,,Facade,Wall,Exterior,5,N,,Added (synthetic),,GEVEL,Not Started,Facade,0,Medium,Y,,,Facade/Masonry Subcontractor,,,,,,FAC-0,Subcontract,,,,,,,,,,,5,,Pending,EUR,,
1QORPgpTj4YPl0HjFsWYcQ,IFCWALL,First Floor,,Facade,Wall,Exterior,5,N,,Added (synthetic),,GEVEL,Not Started,Facade,0,Medium,Y,,,Facade/Masonry Subcontractor,,,,,,FAC-0,Subcontract,,,,,,,,,,,5,,Pending,EUR,,
1b2PVXDBDCvRuDvEnW$veo,IFCWALL,First Floor,,Facade,Wall,Exterior,5,N,,Added (synthetic),,GEVEL,Not Started,Facade,0,Medium,Y,,,Facade/Masonry Subcontractor,,,,,,FAC-0,Subcontract,,,,,,,,,,,5,,Pending,EUR,,
2IwaDf7jv9jQ$qH1aQXS$b,IFCWALL,First Floor,,Facade,Wall,Exterior,5,N,,Added (synthetic),,GEVEL,Not Started,Facade,0,Medium,Y,,,Facade/Masonry Subcontractor,,,,,,FAC-0,Subcontract,,,,,,,,,,,5,,Pending,EUR,,
2Zb5jLlbD7TeMfbx6mSTkJ,IFCWALL,First Floor,,Facade,Wall,Exterior,5,N,,Added (synthetic),,GEVEL,Not Started,Facade,0,Medium,Y,,,Facade/Masonry Subcontractor,,,,,,FAC-0,Subcontract,,,,,,,,,,,5,,Pending,EUR,,
0RrPQ1pTz1IBZvY9bQxtJH,IFCWALL,First Floor,,Facade,Wall,Exterior,5,N,,Added (synthetic),,GEVEL,Not Started,Facade,0,Medium,Y,,,Facade/Masonry Subcontractor,,,,,,FAC-0,Subcontract,,,,,,,,,,,5,,Pending,EUR,,
3K4sDlB8X44RAiRHBjIKFR,IFCWALL,First Floor,,Facade,Wall,Exterior,5,N,,Added (synthetic),,GEVEL,Not Started,Facade,0,Medium,Y,,,Facade/Masonry Subcontractor,,,,,,FAC-0,Subcontract,,,,,,,,,,,5,,Pending,EUR,,
0y_z48Xb192w3Y1QR0DkXK,IFCWALL,First Floor,,Facade,Wall,Exterior,5,N,,Added (synthetic),,GEVEL,Not Started,Facade,0,Medium,Y,,,Facade/Masonry Subcontractor,,,,,,FAC-0,Subcontract,,,,,,,,,,,5,,Pending,EUR,,
2yGqckrs5DJB1X5tSmguGd,IFCWALL,First Floor,,Facade,Wall,Exterior,5,N,,Added (synthetic),,GEVEL,Not Started,Facade,0,Medium,Y,,,Facade/Masonry Subcontractor,,,,,,FAC-0,Subcontract,,,,,,,,,,,5,,Pending,EUR,,
2wk5wp3ynE2wbb1It1IEO6,IFCWALL,First Floor,,Facade,Wall,Exterior,5,N,,Added (synthetic),,GEVEL,Not Started,Facade,0,Medium,Y,,,Facade/Masonry Subcontractor,,,,,,FAC-0,Subcontract,,,,,,,,,,,5,,Pending,EUR,,
1ecPb8Ljv5du9f_BTPBG2_,IFCWALL,First Floor,,Facade,Wall,Exterior,5,N,,Added (synthetic),,GEVEL,Not Started,Facade,0,Medium,Y,,,Facade/Masonry Subcontractor,,,,,,FAC-0,Subcontract,,,,,,,,,,,5,,Pending,EUR,,
3aiixXmHf4dwr8r_4mNw9M,IFCWALL,First Floor,,Facade,Wall,Exterior,5,N,,Added (synthetic),,GEVEL,Not Started,Facade,0,Medium,Y,,,Facade/Masonry Subcontractor,,,,,,FAC-0,Subcontract,,,,,,,,,,,5,,Pending,EUR,,
2IBK6_51z5PfBrZG7jZNaY,IFCWALL,First Floor,,Facade,Wall,Exterior,5,N,,Added (synthetic),,GEVEL,Not Started,Facade,0,Medium,Y,,,Facade/Masonry Subcontractor,,,,,,FAC-0,Subcontract,,,,,,,,,,,5,,Pending,EUR,,
23_VOHnPPArRsc$svE7nkR,IFCWALL,First Floor,,Facade,Wall,Exterior,5,N,,Added (synthetic),,GEVEL,Not Started,Facade,0,Medium,Y,,,Facade/Masonry Subcontractor,,,,,,FAC-0,Subcontract,,,,,,,,,,,5,,Pending,EUR,,
1I9tCSVyDBEBMZBe$pLoMh,IFCWALL,First Floor,,Structural,Wall,Exterior,36,N,,Original,,UITVOERING,Complete,Structural,100,High,Yes,,,Main Contractor - Structural Crew,,,,,,STR-0,Subcontract,,,,,,,,,,,5,,,EUR,,
3fqzucbC53mxxunSDyWwfk,IFCWALL,First Floor,,Facade,Wall,Exterior,5,N,,Added (synthetic),,GEVEL,Not Started,Facade,0,Medium,Y,,,Facade/Masonry Subcontractor,,,,,,FAC-0,Subcontract,,,,,,,,,,,5,,Pending,EUR,,
0bN1XastH7E8NuXGmKqrWD,IFCWALL,First Floor,,Facade,Wall,Exterior,5,N,,Added (synthetic),,GEVEL,Not Started,Facade,0,Medium,Y,,,Facade/Masonry Subcontractor,,,,,,FAC-0,Subcontract,,,,,,,,,,,5,,Pending,EUR,,
38M13axmP7Leh6M0bMLeTb,IFCWALL,First Floor,,Facade,Wall,Exterior,5,N,,Added (synthetic),,GEVEL,Not Started,Facade,0,Medium,Y,,,Facade/Masonry Subcontractor,,,,,,FAC-0,Subcontract,,,,,,,,,,,5,,Pending,EUR,,
2LUMJaNrP2fADnpLMmofDg,IFCWALL,First Floor,,Facade,Wall,Exterior,5,N,,Added (synthetic),,GEVEL,Not Started,Facade,0,Medium,Y,,,Facade/Masonry Subcontractor,,,,,,FAC-0,Subcontract,,,,,,,,,,,5,,Pending,EUR,,
0PH9okqXD9oRQ1c7UPiNBe,IFCWALL,First Floor,,Facade,Wall,Exterior,5,N,,Added (synthetic),,GEVEL,Not Started,Facade,0,Medium,Y,,,Facade/Masonry Subcontractor,,,,,,FAC-0,Subcontract,,,,,,,,,,,5,,Pending,EUR,,
27hOrbxS9AhO93h_RDjqPg,IFCWALL,First Floor,,Facade,Wall,Exterior,5,N,,Added (synthetic),,GEVEL,Not Started,Facade,0,Medium,Y,,,Facade/Masonry Subcontractor,,,,,,FAC-0,Subcontract,,,,,,,,,,,5,,Pending,EUR,,
3ID8ceKyb379nQYi3vIepA,IFCWALL,First Floor,,Facade,Wall,Exterior,5,N,,Added (synthetic),,GEVEL,Not Started,Facade,0,Medium,Y,,,Facade/Masonry Subcontractor,,,,,,FAC-0,Subcontract,,,,,,,,,,,5,,Pending,EUR,,
3ZAgbgjkD0pezbSpKh8cdk,IFCWALL,First Floor,,Facade,Wall,Exterior,5,N,,Added (synthetic),,GEVEL,Not Started,Facade,0,Medium,Y,,,Facade/Masonry Subcontractor,,,,,,FAC-0,Subcontract,,,,,,,,,,,5,,Pending,EUR,,
0DiFYGULT7Q8CIC_CShhpg,IFCWALL,First Floor,,Facade,Wall,Exterior,5,N,,Added (synthetic),,GEVEL,Not Started,Facade,0,Medium,Y,,,Facade/Masonry Subcontractor,,,,,,FAC-0,Subcontract,,,,,,,,,,,5,,Pending,EUR,,
2cIQdivwH0euQ3BKDTFgOA,IFCWALL,First Floor,,Facade,Wall,Exterior,5,N,,Added (synthetic),,GEVEL,Not Started,Facade,0,Medium,Y,,,Facade/Masonry Subcontractor,,,,,,FAC-0,Subcontract,,,,,,,,,,,5,,Pending,EUR,,
0_iidB$pr6yercMCS15Alt,IFCWALL,First Floor,,Facade,Wall,Exterior,5,N,,Added (synthetic),,GEVEL,Not Started,Facade,0,Medium,Y,,,Facade/Masonry Subcontractor,,,,,,FAC-0,Subcontract,,,,,,,,,,,5,,Pending,EUR,,
1uRc_LHwLCmOpEs$CvHIwc,IFCWALL,First Floor,,Facade,Wall,Exterior,5,N,,Added (synthetic),,GEVEL,Not Started,Facade,0,Medium,Y,,,Facade/Masonry Subcontractor,,,,,,FAC-0,Subcontract,,,,,,,,,,,5,,Pending,EUR,,
3Lm974x2fEPgfOqVvZhvhW,IFCWALL,First Floor,,Facade,Wall,Exterior,5,N,,Added (synthetic),,GEVEL,Not Started,Facade,0,Medium,Y,,,Facade/Masonry Subcontractor,,,,,,FAC-0,Subcontract,,,,,,,,,,,5,,Pending,EUR,,
00$z$gLSv2BR45OgtA7FON,IFCWALL,First Floor,,Facade,Wall,Exterior,5,N,,Added (synthetic),,GEVEL,Not Started,Facade,0,Medium,Y,,,Facade/Masonry Subcontractor,,,,,,FAC-0,Subcontract,,,,,,,,,,,5,,Pending,EUR,,
3w7zWNbiT30PlEUwkvLv6L,IFCWALL,First Floor,,Facade,Wall,Exterior,5,N,,Added (synthetic),,GEVEL,Not Started,Facade,0,Medium,Y,,,Facade/Masonry Subcontractor,,,,,,FAC-0,Subcontract,,,,,,,,,,,5,,Pending,EUR,,
2La$$5$C99PhLMBg99JnTe,IFCWALL,First Floor,,Facade,Wall,Exterior,5,N,,Added (synthetic),,GEVEL,Not Started,Facade,0,Medium,Y,,,Facade/Masonry Subcontractor,,,,,,FAC-0,Subcontract,,,,,,,,,,,5,,Pending,EUR,,
2smbTp1y91MwG0CTtOPTAw,IFCWALL,First Floor,,Facade,Wall,Exterior,5,N,,Added (synthetic),,GEVEL,Not Started,Facade,0,Medium,Y,,,Facade/Masonry Subcontractor,,,,,,FAC-0,Subcontract,,,,,,,,,,,5,,Pending,EUR,,
1A_ELmRfT6DuuCCqJYimXQ,IFCWALL,First Floor,,Facade,Wall,Exterior,5,N,,Added (synthetic),,GEVEL,Not Started,Facade,0,Medium,Y,,,Facade/Masonry Subcontractor,,,,,,FAC-0,Subcontract,,,,,,,,,,,5,,Pending,EUR,,
2WW_2E6Wr1XPPZ0X1qKYGa,IFCWALL,First Floor,,Facade,Wall,Exterior,5,N,,Added (synthetic),,GEVEL,Not Started,Facade,0,Medium,Y,,,Facade/Masonry Subcontractor,,,,,,FAC-0,Subcontract,,,,,,,,,,,5,,Pending,EUR,,
0FcOHM$Tz0OuZrgJPxG6uE,IFCWALL,First Floor,,Facade,Wall,Exterior,5,N,,Added (synthetic),,GEVEL,Not Started,Facade,0,Medium,Y,,,Facade/Masonry Subcontractor,,,,,,FAC-0,Subcontract,,,,,,,,,,,5,,Pending,EUR,,
08lCyzAS1By8H2pkiWtxEb,IFCWALL,First Floor,,Facade,Wall,Exterior,5,N,,Added (synthetic),,GEVEL,Not Started,Facade,0,Medium,Y,,,Facade/Masonry Subcontractor,,,,,,FAC-0,Subcontract,,,,,,,,,,,5,,Pending,EUR,,
05FOAkTzrCUBgsJj6dAI3z,IFCWALL,First Floor,,Facade,Wall,Exterior,5,N,,Added (synthetic),,GEVEL,Not Started,Facade,0,Medium,Y,,,Facade/Masonry Subcontractor,,,,,,FAC-0,Subcontract,,,,,,,,,,,5,,Pending,EUR,,
3xRi6WMC572By6DWM_I3Le,IFCWALL,First Floor,,Facade,Wall,Exterior,5,N,,Added (synthetic),,GEVEL,Not Started,Facade,0,Medium,Y,,,Facade/Masonry Subcontractor,,,,,,FAC-0,Subcontract,,,,,,,,,,,5,,Pending,EUR,,
0xlZwI2nnDuf_2wkrcyQcc,IFCWALL,First Floor,,Facade,Wall,Exterior,5,N,,Added (synthetic),,GEVEL,Not Started,Facade,0,Medium,Y,,,Facade/Masonry Subcontractor,,,,,,FAC-0,Subcontract,,,,,,,,,,,5,,Pending,EUR,,
1E_lkxjMb4FwlCAOaRCfqv,IFCWALL,First Floor,,Facade,Wall,Exterior,5,N,,Added (synthetic),,GEVEL,Not Started,Facade,0,Medium,Y,,,Facade/Masonry Subcontractor,,,,,,FAC-0,Subcontract,,,,,,,,,,,5,,Pending,EUR,,
11sY8mZADDkvJg9PvHNKN5,IFCWALL,First Floor,,Facade,Wall,Exterior,5,N,,Added (synthetic),,GEVEL,Not Started,Facade,0,Medium,Y,,,Facade/Masonry Subcontractor,,,,,,FAC-0,Subcontract,,,,,,,,,,,5,,Pending,EUR,,
125bFabrLCqQQ0adr4pzjL,IFCWALL,First Floor,,Facade,Wall,Exterior,5,N,,Added (synthetic),,GEVEL,Not Started,Facade,0,Medium,Y,,,Facade/Masonry Subcontractor,,,,,,FAC-0,Subcontract,,,,,,,,,,,5,,Pending,EUR,,
3RyopHsn1E0hLmAiylGg_C,IFCWALL,First Floor,,Facade,Wall,Exterior,5,N,,Added (synthetic),,GEVEL,Not Started,Facade,0,Medium,Y,,,Facade/Masonry Subcontractor,,,,,,FAC-0,Subcontract,,,,,,,,,,,5,,Pending,EUR,,
38l_4KH3nDcgCphNLY110B,IFCWALL,First Floor,,Facade,Wall,Exterior,5,N,,Added (synthetic),,GEVEL,Not Started,Facade,0,Medium,Y,,,Facade/Masonry Subcontractor,,,,,,FAC-0,Subcontract,,,,,,,,,,,5,,Pending,EUR,,
0FepsNa9T4UhJymkj5VxYZ,IFCWALL,First Floor,,Facade,Wall,Exterior,5,N,,Added (synthetic),,GEVEL,Not Started,Facade,0,Medium,Y,,,Facade/Masonry Subcontractor,,,,,,FAC-0,Subcontract,,,,,,,,,,,5,,Pending,EUR,,
1pjf8_QnDCkB1dNjpKR_lv,IFCWALL,First Floor,,Facade,Wall,Exterior,5,N,,Added (synthetic),,GEVEL,Not Started,Facade,0,Medium,Y,,,Facade/Masonry Subcontractor,,,,,,FAC-0,Subcontract,,,,,,,,,,,5,,Pending,EUR,,
22mAbcvOX0$BQrqP9Ht5Wu,IFCWALL,First Floor,,Facade,Wall,Exterior,5,N,,Added (synthetic),,GEVEL,Not Started,Facade,0,Medium,Y,,,Facade/Masonry Subcontractor,,,,,,FAC-0,Subcontract,,,,,,,,,,,5,,Pending,EUR,,
3tzmbbcRPEK8Jf8X7AmWZI,IFCWALL,First Floor,,Facade,Wall,Exterior,5,N,,Added (synthetic),,GEVEL,Not Started,Facade,0,Medium,Y,,,Facade/Masonry Subcontractor,,,,,,FAC-0,Subcontract,,,,,,,,,,,5,,Pending,EUR,,
2OqtQrOIX5SgQiSf_8aJMC,IFCWALL,First Floor,,Facade,Wall,Exterior,5,N,,Added (synthetic),,GEVEL,Not Started,Facade,0,Medium,Y,,,Facade/Masonry Subcontractor,,,,,,FAC-0,Subcontract,,,,,,,,,,,5,,Pending,EUR,,
0B$TCMJjPBzRAR8ZOmGVuF,IFCWALL,First Floor,,Facade,Wall,Exterior,5,N,,Added (synthetic),,GEVEL,Not Started,Facade,0,Medium,Y,,,Facade/Masonry Subcontractor,,,,,,FAC-0,Subcontract,,,,,,,,,,,5,,Pending,EUR,,
2y7S$CXyT1DRAHPrckxu7F,IFCWALL,First Floor,,Facade,Wall,Exterior,5,N,,Added (synthetic),,GEVEL,Not Started,Facade,0,Medium,Y,,,Facade/Masonry Subcontractor,,,,,,FAC-0,Subcontract,,,,,,,,,,,5,,Pending,EUR,,
2TrMoO439DxOlECBPIzO4S,IFCWALL,First Floor,,Facade,Wall,Exterior,5,N,,Added (synthetic),,GEVEL,Not Started,Facade,0,Medium,Y,,,Facade/Masonry Subcontractor,,,,,,FAC-0,Subcontract,,,,,,,,,,,5,,Pending,EUR,,
38WNoiHDr8$Pci7QltamW4,IFCWALL,First Floor,,Facade,Wall,Exterior,5,N,,Added (synthetic),,GEVEL,Not Started,Facade,0,Medium,Y,,,Facade/Masonry Subcontractor,,,,,,FAC-0,Subcontract,,,,,,,,,,,5,,Pending,EUR,,
0fvTtXunb1Fwv_e4ll9UPn,IFCWALL,First Floor,,Facade,Wall,Exterior,5,N,,Added (synthetic),,GEVEL,Not Started,Facade,0,Medium,Y,,,Facade/Masonry Subcontractor,,,,,,FAC-0,Subcontract,,,,,,,,,,,5,,Pending,EUR,,
18Nc74m4zBDvow8cF_wmNX,IFCWALL,First Floor,,Facade,Wall,Exterior,5,N,,Added (synthetic),,GEVEL,Not Started,Facade,0,Medium,Y,,,Facade/Masonry Subcontractor,,,,,,FAC-0,Subcontract,,,,,,,,,,,5,,Pending,EUR,,
3jpVM5WZ16TeYfO6FM2grI,IFCWALL,First Floor,,Facade,Wall,Exterior,5,N,,Added (synthetic),,GEVEL,Not Started,Facade,0,Medium,Y,,,Facade/Masonry Subcontractor,,,,,,FAC-0,Subcontract,,,,,,,,,,,5,,Pending,EUR,,
02OffYjAT1s8Msmi40pyAF,IFCWALL,First Floor,,Facade,Wall,Exterior,5,N,,Added (synthetic),,GEVEL,Not Started,Facade,0,Medium,Y,,,Facade/Masonry Subcontractor,,,,,,FAC-0,Subcontract,,,,,,,,,,,5,,Pending,EUR,,
0aS6kmdNTA78a6rHPn0utA,IFCWALL,First Floor,,Facade,Wall,Exterior,5,N,,Added (synthetic),,GEVEL,Not Started,Facade,0,Medium,Y,,,Facade/Masonry Subcontractor,,,,,,FAC-0,Subcontract,,,,,,,,,,,5,,Pending,EUR,,
2qVLSA1HjA7gEgBcbFEzQ$,IFCWALL,First Floor,,Facade,Wall,Exterior,5,N,,Added (synthetic),,GEVEL,Not Started,Facade,0,Medium,Y,,,Facade/Masonry Subcontractor,,,,,,FAC-0,Subcontract,,,,,,,,,,,5,,Pending,EUR,,
2fHkuDHjr38vJAKjFDaE3T,IFCWALL,First Floor,,Facade,Wall,Exterior,5,N,,Added (synthetic),,GEVEL,Not Started,Facade,0,Medium,Y,,,Facade/Masonry Subcontractor,,,,,,FAC-0,Subcontract,,,,,,,,,,,5,,Pending,EUR,,
0B6H$8Szr3t9w$7S$WA_aT,IFCWALL,First Floor,,Facade,Wall,Exterior,5,N,,Added (synthetic),,GEVEL,Not Started,Facade,0,Medium,Y,,,Facade/Masonry Subcontractor,,,,,,FAC-0,Subcontract,,,,,,,,,,,5,,Pending,EUR,,
10OU69waTEDvLdArMy4CnC,IFCWALL,First Floor,,Facade,Wall,Exterior,5,N,,Added (synthetic),,GEVEL,Not Started,Facade,0,Medium,Y,,,Facade/Masonry Subcontractor,,,,,,FAC-0,Subcontract,,,,,,,,,,,5,,Pending,EUR,,
3VPfLoGP93KB2ZAJFRlJBf,IFCWALL,First Floor,,Structural,Wall,Exterior,36,N,,Original,,UITVOERING,Complete,Structural,100,High,Yes,,,Main Contractor - Structural Crew,,,,,,STR-0,Subcontract,,,,,,,,,,,5,,,EUR,,
0GkhpndB96r98q9Zpfg0ks,IFCWALL,First Floor,,Facade,Wall,Exterior,5,N,,Added (synthetic),,GEVEL,Not Started,Facade,0,Medium,Y,,,Facade/Masonry Subcontractor,,,,,,FAC-0,Subcontract,,,,,,,,,,,5,,Pending,EUR,,
0278_Daw13meE7b8P6cVmO,IFCWALL,First Floor,,Facade,Wall,Exterior,5,N,,Added (synthetic),,GEVEL,Not Started,Facade,0,Medium,Y,,,Facade/Masonry Subcontractor,,,,,,FAC-0,Subcontract,,,,,,,,,,,5,,Pending,EUR,,
32E8b9i1P7UhL7O9IHfQCU,IFCWALL,First Floor,,Facade,Wall,Exterior,5,N,,Added (synthetic),,GEVEL,Not Started,Facade,0,Medium,Y,,,Facade/Masonry Subcontractor,,,,,,FAC-0,Subcontract,,,,,,,,,,,5,,Pending,EUR,,
0hxjm9AAf15upUBjgwA0Rn,IFCWALL,First Floor,,Facade,Wall,Exterior,5,N,,Added (synthetic),,GEVEL,Not Started,Facade,0,Medium,Y,,,Facade/Masonry Subcontractor,,,,,,FAC-0,Subcontract,,,,,,,,,,,5,,Pending,EUR,,
1ew$4Yu4v9Vv4KrOFOPnZH,IFCWALL,First Floor,,Structural,Wall,Exterior,36,N,,Original,,UITVOERING,Complete,Structural,100,High,Yes,,,Main Contractor - Structural Crew,,,,,,STR-0,Subcontract,,,,,,,,,,,5,,,EUR,,
33eAV7UCH3ivGX7bdUtSDE,IFCWALL,First Floor,,Facade,Wall,Exterior,5,N,,Added (synthetic),,GEVEL,Not Started,Facade,0,Medium,Y,,,Facade/Masonry Subcontractor,,,,,,FAC-0,Subcontract,,,,,,,,,,,5,,Pending,EUR,,
2NK6L58znE3x0jludfQJ0Q,IFCWALL,First Floor,,Facade,Wall,Exterior,5,N,,Added (synthetic),,GEVEL,Not Started,Facade,0,Medium,Y,,,Facade/Masonry Subcontractor,,,,,,FAC-0,Subcontract,,,,,,,,,,,5,,Pending,EUR,,
3tN_Pe9Bn2su$y5CGYbUOg,IFCWALL,First Floor,,Facade,Wall,Exterior,5,N,,Added (synthetic),,GEVEL,Not Started,Facade,0,Medium,Y,,,Facade/Masonry Subcontractor,,,,,,FAC-0,Subcontract,,,,,,,,,,,5,,Pending,EUR,,
3HXFH_8Kf3ixZJgb7yuoAq,IFCWALL,First Floor,,Facade,Wall,Exterior,5,N,,Added (synthetic),,GEVEL,Not Started,Facade,0,Medium,Y,,,Facade/Masonry Subcontractor,,,,,,FAC-0,Subcontract,,,,,,,,,,,5,,Pending,EUR,,
2jJFj_IGr059N3J3HNyAwC,IFCWALL,First Floor,,Facade,Wall,Exterior,5,N,,Added (synthetic),,GEVEL,Not Started,Facade,0,Medium,Y,,,Facade/Masonry Subcontractor,,,,,,FAC-0,Subcontract,,,,,,,,,,,5,,Pending,EUR,,
3RS6khZcH6xe8eMNVG5kXl,IFCWALL,First Floor,,Structural,Wall,Exterior,36,N,,Original,,UITVOERING,Complete,Structural,100,High,Yes,,,Main Contractor - Structural Crew,,,,,,STR-0,Subcontract,,,,,,,,,,,5,,,EUR,,
3xcd5VqGn5fu$PUBghiK4$,IFCWALL,First Floor,,Structural,Wall,Exterior,36,N,,Original,,UITVOERING,Complete,Structural,100,High,Yes,,,Main Contractor - Structural Crew,,,,,,STR-0,Subcontract,,,,,,,,,,,5,,,EUR,,
0vR_41KwL8TONUw$RC45Tp,IFCWALL,First Floor,,Facade,Wall,Exterior,5,N,,Added (synthetic),,GEVEL,Not Started,Facade,0,Medium,Y,,,Facade/Masonry Subcontractor,,,,,,FAC-0,Subcontract,,,,,,,,,,,5,,Pending,EUR,,
2xq1ULvID0ZhZQyYVmG_x8,IFCWALL,First Floor,,Facade,Wall,Exterior,5,N,,Added (synthetic),,GEVEL,Not Started,Facade,0,Medium,Y,,,Facade/Masonry Subcontractor,,,,,,FAC-0,Subcontract,,,,,,,,,,,5,,Pending,EUR,,
1jf6xhOyP38hazktRRDqpM,IFCWALL,First Floor,,Facade,Wall,Exterior,5,N,,Added (synthetic),,GEVEL,Not Started,Facade,0,Medium,Y,,,Facade/Masonry Subcontractor,,,,,,FAC-0,Subcontract,,,,,,,,,,,5,,Pending,EUR,,
1KWjkyI$n118qPzNlbN$tk,IFCWALL,First Floor,,Facade,Wall,Exterior,5,N,,Added (synthetic),,GEVEL,Not Started,Facade,0,Medium,Y,,,Facade/Masonry Subcontractor,,,,,,FAC-0,Subcontract,,,,,,,,,,,5,,Pending,EUR,,
03bsiTWZnDxOuJzgGQiRYN,IFCWALL,First Floor,,Facade,Wall,Exterior,5,N,,Added (synthetic),,GEVEL,Not Started,Facade,0,Medium,Y,,,Facade/Masonry Subcontractor,,,,,,FAC-0,Subcontract,,,,,,,,,,,5,,Pending,EUR,,
2q0u5mFjD3c9$BNFL_WViM,IFCWALL,First Floor,,Facade,Wall,Exterior,5,N,,Added (synthetic),,GEVEL,Not Started,Facade,0,Medium,Y,,,Facade/Masonry Subcontractor,,,,,,FAC-0,Subcontract,,,,,,,,,,,5,,Pending,EUR,,
3pvjKhWy13A9kxY9YJFWVh,IFCWALL,First Floor,,Facade,Wall,Exterior,5,N,,Added (synthetic),,GEVEL,Not Started,Facade,0,Medium,Y,,,Facade/Masonry Subcontractor,,,,,,FAC-0,Subcontract,,,,,,,,,,,5,,Pending,EUR,,
3s4FafcUf5Vg95Kh0woD3O,IFCWALL,First Floor,,Facade,Wall,Exterior,5,N,,Added (synthetic),,GEVEL,Not Started,Facade,0,Medium,Y,,,Facade/Masonry Subcontractor,,,,,,FAC-0,Subcontract,,,,,,,,,,,5,,Pending,EUR,,
2c_AF5wUTF1QfaOZAIaoc_,IFCWALL,First Floor,,Facade,Wall,Exterior,5,N,,Added (synthetic),,GEVEL,Not Started,Facade,0,Medium,Y,,,Facade/Masonry Subcontractor,,,,,,FAC-0,Subcontract,,,,,,,,,,,5,,Pending,EUR,,
1i40eUabT0jBHvLTD9ciNT,IFCWALL,First Floor,,Facade,Wall,Exterior,5,N,,Added (synthetic),,GEVEL,Not Started,Facade,0,Medium,Y,,,Facade/Masonry Subcontractor,,,,,,FAC-0,Subcontract,,,,,,,,,,,5,,Pending,EUR,,
3vqnVssVr38PmaxLZRlkiQ,IFCWALL,First Floor,,Facade,Wall,Exterior,5,N,,Added (synthetic),,GEVEL,Not Started,Facade,0,Medium,Y,,,Facade/Masonry Subcontractor,,,,,,FAC-0,Subcontract,,,,,,,,,,,5,,Pending,EUR,,
1rSzOTGwP5sAz8s_QFzsbt,IFCWALL,First Floor,,Facade,Wall,Exterior,5,N,,Added (synthetic),,GEVEL,Not Started,Facade,0,Medium,Y,,,Facade/Masonry Subcontractor,,,,,,FAC-0,Subcontract,,,,,,,,,,,5,,Pending,EUR,,
02RLewsq14rfNfUfsrYydb,IFCWALL,First Floor,,Facade,Wall,Exterior,5,N,,Added (synthetic),,GEVEL,Not Started,Facade,0,Medium,Y,,,Facade/Masonry Subcontractor,,,,,,FAC-0,Subcontract,,,,,,,,,,,5,,Pending,EUR,,
0UqYpHM_f69uGDRRbUc$FH,IFCWALL,First Floor,,Facade,Wall,Exterior,5,N,,Added (synthetic),,GEVEL,Not Started,Facade,0,Medium,Y,,,Facade/Masonry Subcontractor,,,,,,FAC-0,Subcontract,,,,,,,,,,,5,,Pending,EUR,,
0vMW8cByPFX8BI$W96Sbm3,IFCWALL,First Floor,,Facade,Wall,Exterior,5,N,,Added (synthetic),,GEVEL,Not Started,Facade,0,Medium,Y,,,Facade/Masonry Subcontractor,,,,,,FAC-0,Subcontract,,,,,,,,,,,5,,Pending,EUR,,
31FCK2RS1EuA77gZKV2XJD,IFCWALL,First Floor,,Facade,Wall,Exterior,5,N,,Added (synthetic),,GEVEL,Not Started,Facade,0,Medium,Y,,,Facade/Masonry Subcontractor,,,,,,FAC-0,Subcontract,,,,,,,,,,,5,,Pending,EUR,,
23PS8rQv5E1BulEvT_9Lm4,IFCWALL,First Floor,,Facade,Wall,Exterior,5,N,,Added (synthetic),,GEVEL,Not Started,Facade,0,Medium,Y,,,Facade/Masonry Subcontractor,,,,,,FAC-0,Subcontract,,,,,,,,,,,5,,Pending,EUR,,
3So0XCTXD9LOOcc8xKMDxu,IFCWALL,First Floor,,Structural,Wall,Exterior,36,N,,Original,,UITVOERING,Complete,Structural,100,High,Yes,,,Main Contractor - Structural Crew,,,,,,STR-0,Subcontract,,,,,,,,,,,5,,,EUR,,
0x8663Ubf6t9GPNfvbHat5,IFCWALL,First Floor,,Structural,Wall,Interior,36,N,,Original,,UITVOERING,Complete,Structural,100,High,Yes,,,Main Contractor - Structural Crew,,,,,,STR-0,Subcontract,,,,,,,,,,,5,,,EUR,,
3P4RIlUy168hDz$MlvcMUR,IFCWALL,First Floor,,Structural,Wall,Exterior,36,N,,Original,,UITVOERING,Complete,Structural,100,High,Yes,,,Main Contractor - Structural Crew,,,,,,STR-0,Subcontract,,,,,,,,,,,5,,,EUR,,
32bwVvXTDCG9KBVnHmBwjs,IFCWALL,First Floor,,Facade,Wall,Exterior,5,N,,Added (synthetic),,GEVEL,Not Started,Facade,0,Medium,Y,,,Facade/Masonry Subcontractor,,,,,,FAC-0,Subcontract,,,,,,,,,,,5,,Pending,EUR,,
0yfAXMIyTD4OemjMEjshON,IFCWALL,First Floor,,Facade,Wall,Exterior,5,N,,Added (synthetic),,GEVEL,Not Started,Facade,0,Medium,Y,,,Facade/Masonry Subcontractor,,,,,,FAC-0,Subcontract,,,,,,,,,,,5,,Pending,EUR,,
1gx0Xl4ar0_QVYF7WPkiWw,IFCWALL,First Floor,,Facade,Wall,Exterior,5,N,,Added (synthetic),,GEVEL,Not Started,Facade,0,Medium,Y,,,Facade/Masonry Subcontractor,,,,,,FAC-0,Subcontract,,,,,,,,,,,5,,Pending,EUR,,
1a2lgRlTX5$vytE5V2eVMD,IFCWALL,First Floor,,Facade,Wall,Exterior,5,N,,Added (synthetic),,GEVEL,Not Started,Facade,0,Medium,Y,,,Facade/Masonry Subcontractor,,,,,,FAC-0,Subcontract,,,,,,,,,,,5,,Pending,EUR,,
3I1SbPKkL4zAlqpNU0djSH,IFCWALL,First Floor,,Facade,Wall,Exterior,5,N,,Added (synthetic),,GEVEL,Not Started,Facade,0,Medium,Y,,,Facade/Masonry Subcontractor,,,,,,FAC-0,Subcontract,,,,,,,,,,,5,,Pending,EUR,,
0N87rS0p59MefjiinSTPbO,IFCWALL,First Floor,,Facade,Wall,Exterior,5,N,,Added (synthetic),,GEVEL,Not Started,Facade,0,Medium,Y,,,Facade/Masonry Subcontractor,,,,,,FAC-0,Subcontract,,,,,,,,,,,5,,Pending,EUR,,
0YU639B0b26vJoT3EwCZ1S,IFCWALL,First Floor,,Facade,Wall,Exterior,5,N,,Added (synthetic),,GEVEL,Not Started,Facade,0,Medium,Y,,,Facade/Masonry Subcontractor,,,,,,FAC-0,Subcontract,,,,,,,,,,,5,,Pending,EUR,,
2EvgfrVCvBDRKMUr9VcRni,IFCWALL,First Floor,,Facade,Wall,Exterior,5,N,,Added (synthetic),,GEVEL,Not Started,Facade,0,Medium,Y,,,Facade/Masonry Subcontractor,,,,,,FAC-0,Subcontract,,,,,,,,,,,5,,Pending,EUR,,
1DGUzGqYPA48wqrK_0zvye,IFCWALL,First Floor,,Facade,Wall,Exterior,5,N,,Added (synthetic),,GEVEL,Not Started,Facade,0,Medium,Y,,,Facade/Masonry Subcontractor,,,,,,FAC-0,Subcontract,,,,,,,,,,,5,,Pending,EUR,,
1p1FF_z_f4WQbihlDHKOVU,IFCWALL,First Floor,,Facade,Wall,Exterior,5,N,,Added (synthetic),,GEVEL,Not Started,Facade,0,Medium,Y,,,Facade/Masonry Subcontractor,,,,,,FAC-0,Subcontract,,,,,,,,,,,5,,Pending,EUR,,
3BRCTWHh97vv6a5eleOkf9,IFCWALL,First Floor,,Facade,Wall,Exterior,5,N,,Added (synthetic),,GEVEL,Not Started,Facade,0,Medium,Y,,,Facade/Masonry Subcontractor,,,,,,FAC-0,Subcontract,,,,,,,,,,,5,,Pending,EUR,,
0VtorzIgT4YQ3IWHyNlS39,IFCWALL,First Floor,,Facade,Wall,Exterior,5,N,,Added (synthetic),,GEVEL,Not Started,Facade,0,Medium,Y,,,Facade/Masonry Subcontractor,,,,,,FAC-0,Subcontract,,,,,,,,,,,5,,Pending,EUR,,
3CZIhaS2X1axbTF8juS7Mz,IFCWALL,First Floor,,Facade,Wall,Exterior,5,N,,Added (synthetic),,GEVEL,Not Started,Facade,0,Medium,Y,,,Facade/Masonry Subcontractor,,,,,,FAC-0,Subcontract,,,,,,,,,,,5,,Pending,EUR,,
1iVtHa_7f46e6rXH_0ueYM,IFCWALL,First Floor,,Facade,Wall,Exterior,5,N,,Added (synthetic),,GEVEL,Not Started,Facade,0,Medium,Y,,,Facade/Masonry Subcontractor,,,,,,FAC-0,Subcontract,,,,,,,,,,,5,,Pending,EUR,,
1X1dyx5u95kBdimFBlNdD7,IFCWALL,First Floor,,Facade,Wall,Exterior,5,N,,Added (synthetic),,GEVEL,Not Started,Facade,0,Medium,Y,,,Facade/Masonry Subcontractor,,,,,,FAC-0,Subcontract,,,,,,,,,,,5,,Pending,EUR,,
1W6YoNnJr89eUNAg7yarIz,IFCWALL,First Floor,,Facade,Wall,Exterior,5,N,,Added (synthetic),,GEVEL,Not Started,Facade,0,Medium,Y,,,Facade/Masonry Subcontractor,,,,,,FAC-0,Subcontract,,,,,,,,,,,5,,Pending,EUR,,
3epBlD4FL6Ufbmfw91XuQv,IFCWALL,First Floor,,Facade,Wall,Exterior,5,N,,Added (synthetic),,GEVEL,Not Started,Facade,0,Medium,Y,,,Facade/Masonry Subcontractor,,,,,,FAC-0,Subcontract,,,,,,,,,,,5,,Pending,EUR,,
30WEjfMGz3yuCn14_i4kip,IFCWALL,First Floor,,Structural,Wall,Exterior,36,N,,Original,,UITVOERING,Complete,Structural,100,High,Yes,,,Main Contractor - Structural Crew,,,,,,STR-0,Subcontract,,,,,,,,,,,5,,,EUR,,
2kVGJvQZL0mAExkU9324Cw,IFCWALL,First Floor,,Finishing,Wall,Interior,1,N,,Added (synthetic),,GEVEL,Not Started,Finishing,0,Low,N,16 hrs (2 days),9.4,Finishing Subcontractor,2.0024,155,154,156,155,FIN-0,Subcontract,"Balcony railing installation, First Floor",43.42,681.12,408.15,1089.27,1162.97,73.7,6.8,1206.9,1216.62,5,58.15,Pending,EUR,2015-07-01,
1Mi7kgLg5AVPl4maq3n2Gg,IFCWALL,First Floor,,Finishing,Wall,Interior,1,N,,Added (synthetic),,GEVEL,Not Started,Finishing,0,Low,N,16 hrs (2 days),9.4,Finishing Subcontractor,2.0024,155,154,156,155,FIN-0,Subcontract,"Balcony railing installation, First Floor",43.42,681.12,408.15,1089.27,1162.97,73.7,6.8,1206.9,1216.62,5,58.15,Pending,EUR,2015-07-01,
1lwY_TdJr2cPYIacxTvNwI,IFCWALL,First Floor,,Finishing,Wall,Interior,1,N,,Added (synthetic),,GEVEL,Not Started,Finishing,0,Low,N,16 hrs (2 days),9.4,Finishing Subcontractor,2.0024,155,154,156,155,FIN-0,Subcontract,"Balcony railing installation, First Floor",43.42,681.12,408.15,1089.27,1162.97,73.7,6.8,1206.9,1216.62,5,58.15,Pending,EUR,2015-07-01,
3nYzqJhnfBkOR94jliuzeB,IFCWALL,First Floor,,Finishing,Wall,Interior,1,N,,Added (synthetic),,GEVEL,Not Started,Finishing,0,Low,N,16 hrs (2 days),9.4,Finishing Subcontractor,2.0024,155,154,156,155,FIN-0,Subcontract,"Balcony railing installation, First Floor",43.42,681.12,408.15,1089.27,1162.97,73.7,6.8,1206.9,1216.62,5,58.15,Pending,EUR,2015-07-01,
36eFiCXT94$epOezE7s33Q,IFCWALL,First Floor,,Finishing,Wall,Interior,1,N,,Added (synthetic),,GEVEL,Not Started,Finishing,0,Low,N,16 hrs (2 days),9.4,Finishing Subcontractor,2.0024,155,154,156,155,FIN-0,Subcontract,"Balcony railing installation, First Floor",43.42,681.12,408.15,1089.27,1162.97,73.7,6.8,1206.9,1216.62,5,58.15,Pending,EUR,2015-07-01,
3d11Rmvt5C6wKW52oYhu3V,IFCWALL,First Floor,,Finishing,Wall,Interior,1,N,,Added (synthetic),,GEVEL,Not Started,Finishing,0,Low,N,16 hrs (2 days),9.4,Finishing Subcontractor,2.0024,155,154,156,155,FIN-0,Subcontract,"Balcony railing installation, First Floor",43.42,681.12,408.15,1089.27,1162.97,73.7,6.8,1206.9,1216.62,5,58.15,Pending,EUR,2015-07-01,
049lATq1LDCPRaEaNkDT7E,IFCWALL,First Floor,,Finishing,Wall,Interior,1,N,,Added (synthetic),,GEVEL,Not Started,Finishing,0,Low,N,16 hrs (2 days),9.4,Finishing Subcontractor,2.0024,155,154,156,155,FIN-0,Subcontract,"Balcony railing installation, First Floor",43.42,681.12,408.15,1089.27,1162.97,73.7,6.8,1206.9,1216.62,5,58.15,Pending,EUR,2015-07-01,
0N6xlCed99mPtUuN7Qd65B,IFCWALL,First Floor,,Finishing,Wall,Interior,1,N,,Added (synthetic),,GEVEL,Not Started,Finishing,0,Low,N,16 hrs (2 days),9.4,Finishing Subcontractor,2.0024,155,154,156,155,FIN-0,Subcontract,"Balcony railing installation, First Floor",43.42,681.12,408.15,1089.27,1162.97,73.7,6.8,1206.9,1216.62,5,58.15,Pending,EUR,2015-07-01,
3_KLM_wLHAKg4j6BDg71DH,IFCWALL,First Floor,,Finishing,Wall,Interior,1,N,,Added (synthetic),,GEVEL,Not Started,Finishing,0,Low,N,16 hrs (2 days),9.4,Finishing Subcontractor,2.0024,155,154,156,155,FIN-0,Subcontract,"Balcony railing installation, First Floor",43.42,681.12,408.15,1089.27,1162.97,73.7,6.8,1206.9,1216.62,5,58.15,Pending,EUR,2015-07-01,
1wiWGNReP648JAaHUzIpH7,IFCWALL,First Floor,,Finishing,Wall,Interior,1,N,,Added (synthetic),,GEVEL,Not Started,Finishing,0,Low,N,16 hrs (2 days),9.4,Finishing Subcontractor,2.0024,155,154,156,155,FIN-0,Subcontract,"Balcony railing installation, First Floor",43.42,681.12,408.15,1089.27,1162.97,73.7,6.8,1206.9,1216.62,5,58.15,Pending,EUR,2015-07-01,
2g6fy99p57ceCZvYI38wB6,IFCWALL,First Floor,,Finishing,Wall,Interior,1,N,,Added (synthetic),,GEVEL,Not Started,Finishing,0,Low,N,16 hrs (2 days),9.4,Finishing Subcontractor,2.0024,155,154,156,155,FIN-0,Subcontract,"Balcony railing installation, First Floor",43.42,681.12,408.15,1089.27,1162.97,73.7,6.8,1206.9,1216.62,5,58.15,Pending,EUR,2015-07-01,
0tXk1VggPDAu8Pm5b9CfDe,IFCWALL,First Floor,,Finishing,Wall,Interior,1,N,,Added (synthetic),,GEVEL,Not Started,Finishing,0,Low,N,16 hrs (2 days),9.4,Finishing Subcontractor,2.0024,155,154,156,155,FIN-0,Subcontract,"Balcony railing installation, First Floor",43.42,681.12,408.15,1089.27,1162.97,73.7,6.8,1206.9,1216.62,5,58.15,Pending,EUR,2015-07-01,
3v6F8ltknAuO1JJakibxnI,IFCWALL,First Floor,,Finishing,Wall,Interior,1,N,,Added (synthetic),,GEVEL,Not Started,Finishing,0,Low,N,16 hrs (2 days),9.4,Finishing Subcontractor,2.0024,155,154,156,155,FIN-0,Subcontract,"Balcony railing installation, First Floor",43.42,681.12,408.15,1089.27,1162.97,73.7,6.8,1206.9,1216.62,5,58.15,Pending,EUR,2015-07-01,
3_oxSjdbrA2vjqc3bWxC2g,IFCWALL,First Floor,,Finishing,Wall,Interior,1,N,,Added (synthetic),,GEVEL,Not Started,Finishing,0,Low,N,16 hrs (2 days),9.4,Finishing Subcontractor,2.0024,155,154,156,155,FIN-0,Subcontract,"Balcony railing installation, First Floor",43.42,681.12,408.15,1089.27,1162.97,73.7,6.8,1206.9,1216.62,5,58.15,Pending,EUR,2015-07-01,
3viuF7apj30uTA$BnbmYaw,IFCWALL,First Floor,,Finishing,Wall,Interior,1,N,,Added (synthetic),,GEVEL,Not Started,Finishing,0,Low,N,16 hrs (2 days),9.4,Finishing Subcontractor,2.0024,155,154,156,155,FIN-0,Subcontract,"Balcony railing installation, First Floor",43.42,681.12,408.15,1089.27,1162.97,73.7,6.8,1206.9,1216.62,5,58.15,Pending,EUR,2015-07-01,
2Fvh2bjBf7VvAXtB48RNxw,IFCWALL,First Floor,,Finishing,Wall,Interior,1,N,,Added (synthetic),,GEVEL,Not Started,Finishing,0,Low,N,16 hrs (2 days),9.4,Finishing Subcontractor,2.0024,155,154,156,155,FIN-0,Subcontract,"Balcony railing installation, First Floor",43.42,681.12,408.15,1089.27,1162.97,73.7,6.8,1206.9,1216.62,5,58.15,Pending,EUR,2015-07-01,
24dxcSg8f1yBqpqT3Ttjz8,IFCWALL,First Floor,,Finishing,Wall,Interior,1,N,,Added (synthetic),,GEVEL,Not Started,Finishing,0,Low,N,16 hrs (2 days),9.4,Finishing Subcontractor,2.0024,155,154,156,155,FIN-0,Subcontract,"Balcony railing installation, First Floor",43.42,681.12,408.15,1089.27,1162.97,73.7,6.8,1206.9,1216.62,5,58.15,Pending,EUR,2015-07-01,
0cEZV1n5jF8RUNCsgczqnw,IFCWALL,First Floor,,Finishing,Wall,Interior,1,N,,Added (synthetic),,GEVEL,Not Started,Finishing,0,Low,N,16 hrs (2 days),9.4,Finishing Subcontractor,2.0024,155,154,156,155,FIN-0,Subcontract,"Balcony railing installation, First Floor",43.42,681.12,408.15,1089.27,1162.97,73.7,6.8,1206.9,1216.62,5,58.15,Pending,EUR,2015-07-01,
3qnBAcChL4Vx5NE2JgS9DS,IFCWALL,First Floor,,Finishing,Wall,Interior,1,N,,Added (synthetic),,GEVEL,Not Started,Finishing,0,Low,N,16 hrs (2 days),9.4,Finishing Subcontractor,2.0024,155,154,156,155,FIN-0,Subcontract,"Balcony railing installation, First Floor",43.42,681.12,408.15,1089.27,1162.97,73.7,6.8,1206.9,1216.62,5,58.15,Pending,EUR,2015-07-01,
143VmHA6z6_9Ju$8nLSk75,IFCWALL,First Floor,,Finishing,Wall,Interior,1,N,,Added (synthetic),,GEVEL,Not Started,Finishing,0,Low,N,16 hrs (2 days),9.4,Finishing Subcontractor,2.0024,155,154,156,155,FIN-0,Subcontract,"Balcony railing installation, First Floor",43.42,681.12,408.15,1089.27,1162.97,73.7,6.8,1206.9,1216.62,5,58.15,Pending,EUR,2015-07-01,
2y5dj7DKz9HvF8RYQofDdA,IFCWALL,First Floor,,Finishing,Wall,Interior,1,N,,Added (synthetic),,GEVEL,Not Started,Finishing,0,Low,N,16 hrs (2 days),9.4,Finishing Subcontractor,2.0024,155,154,156,155,FIN-0,Subcontract,"Balcony railing installation, First Floor",43.42,681.12,408.15,1089.27,1162.97,73.7,6.8,1206.9,1216.62,5,58.15,Pending,EUR,2015-07-01,
0dYXTnq1T6TvUR6OKvH25L,IFCWALL,First Floor,,Finishing,Wall,Interior,1,N,,Added (synthetic),,GEVEL,Not Started,Finishing,0,Low,N,16 hrs (2 days),9.4,Finishing Subcontractor,2.0024,155,154,156,155,FIN-0,Subcontract,"Balcony railing installation, First Floor",43.42,681.12,408.15,1089.27,1162.97,73.7,6.8,1206.9,1216.62,5,58.15,Pending,EUR,2015-07-01,
2_PD0MSuX0qeRQMB0w4Za0,IFCWALL,First Floor,,Finishing,Wall,Interior,1,N,,Added (synthetic),,GEVEL,Not Started,Finishing,0,Low,N,16 hrs (2 days),9.4,Finishing Subcontractor,2.0024,155,154,156,155,FIN-0,Subcontract,"Balcony railing installation, First Floor",43.42,681.12,408.15,1089.27,1162.97,73.7,6.8,1206.9,1216.62,5,58.15,Pending,EUR,2015-07-01,
0WoZLLChzDIvoZsmSZcBDg,IFCWALL,First Floor,,Finishing,Wall,Interior,1,N,,Added (synthetic),,GEVEL,Not Started,Finishing,0,Low,N,16 hrs (2 days),9.4,Finishing Subcontractor,2.0024,155,154,156,155,FIN-0,Subcontract,"Balcony railing installation, First Floor",43.42,681.12,408.15,1089.27,1162.97,73.7,6.8,1206.9,1216.62,5,58.15,Pending,EUR,2015-07-01,
3IuK8$_ZHAJw36Pw2gYslk,IFCWALL,First Floor,,Facade,Wall,Exterior,5,N,,Added (synthetic),,GEVEL,Not Started,Facade,0,Medium,Y,,,Facade/Masonry Subcontractor,,,,,,FAC-0,Subcontract,,,,,,,,,,,5,,Pending,EUR,,
3U4osC1p5EqwcBW8F2DJ6K,IFCWALL,First Floor,,Finishing,Wall,Interior,1,N,,Added (synthetic),,GEVEL,Not Started,Finishing,0,Low,N,16 hrs (2 days),9.4,Finishing Subcontractor,2.0024,155,154,156,155,FIN-0,Subcontract,"Balcony railing installation, First Floor",43.42,681.12,408.15,1089.27,1162.97,73.7,6.8,1206.9,1216.62,5,58.15,Pending,EUR,2015-07-01,
28wb0jU9b5qeDiiKq5PVkR,IFCWALL,Second Floor,,Structural,Wall,Exterior,1,N,114,Original,,UITVOERING,Complete,Structural,100,High,N,8 hrs (1 day),9.5,Main Contractor - Structural Crew,1.0084,88,,,88,STR-0,Subcontract,"Precast stairs and landings, 2nd floor",197.38,529.36,1875.11,2404.47,2009.94,-394.53,-16.4,2067.1,2009.94,5,100.5,Invoiced,EUR,2015-07-13,
0wy5YnvrH2ZOH2izVhvOeV,IFCWALL,Second Floor,,Structural,Wall,Exterior,1,N,114,Original,,UITVOERING,Complete,Structural,100,High,N,8 hrs (1 day),9.5,Main Contractor - Structural Crew,1.0084,88,,,88,STR-0,Subcontract,"Precast stairs and landings, 2nd floor",197.38,529.36,1875.11,2404.47,2009.94,-394.53,-16.4,2067.1,2009.94,5,100.5,Invoiced,EUR,2015-07-13,
2Ge90Q03n0MANbJpOUtA4_,IFCWALL,Second Floor,,Structural,Wall,Exterior,1,N,114,Original,,UITVOERING,Complete,Structural,100,High,N,8 hrs (1 day),9.5,Main Contractor - Structural Crew,1.0084,88,,,88,STR-0,Subcontract,"Precast stairs and landings, 2nd floor",197.38,529.36,1875.11,2404.47,2009.94,-394.53,-16.4,2067.1,2009.94,5,100.5,Invoiced,EUR,2015-07-13,
0DoMC7RY1C4u1e7ehHzO9a,IFCWALL,Second Floor,,Structural,Wall,Interior,1,N,114,Original,,UITVOERING,Complete,Structural,100,High,N,8 hrs (1 day),9.5,Main Contractor - Structural Crew,1.0084,88,,,88,STR-0,Subcontract,"Precast stairs and landings, 2nd floor",197.38,529.36,1875.11,2404.47,2009.94,-394.53,-16.4,2067.1,2009.94,5,100.5,Invoiced,EUR,2015-07-13,
3DGQEI9Mn2nPDr4X9RyE6B,IFCWALL,Second Floor,,Structural,Wall,Interior,1,N,114,Original,,UITVOERING,Complete,Structural,100,High,N,8 hrs (1 day),9.5,Main Contractor - Structural Crew,1.0084,88,,,88,STR-0,Subcontract,"Precast stairs and landings, 2nd floor",197.38,529.36,1875.11,2404.47,2009.94,-394.53,-16.4,2067.1,2009.94,5,100.5,Invoiced,EUR,2015-07-13,
2Bxgu8k2L9pfsSj3Di_iJI,IFCWALL,Second Floor,,Structural,Wall,Interior,1,N,114,Original,,UITVOERING,Complete,Structural,100,High,N,8 hrs (1 day),9.5,Main Contractor - Structural Crew,1.0084,88,,,88,STR-0,Subcontract,"Precast stairs and landings, 2nd floor",197.38,529.36,1875.11,2404.47,2009.94,-394.53,-16.4,2067.1,2009.94,5,100.5,Invoiced,EUR,2015-07-13,
3_iO12ohL1_ho4SqhocKBY,IFCWALL,Second Floor,,Facade,Wall,Exterior,5,N,,Added (synthetic),,GEVEL,Not Started,Facade,0,Medium,Y,,,Facade/Masonry Subcontractor,,,,,,FAC-0,Subcontract,,,,,,,,,,,5,,Pending,EUR,,
12grnadITFjfJK8cHbftP3,IFCWALL,Second Floor,,Facade,Wall,Exterior,5,N,,Added (synthetic),,GEVEL,Not Started,Facade,0,Medium,Y,,,Facade/Masonry Subcontractor,,,,,,FAC-0,Subcontract,,,,,,,,,,,5,,Pending,EUR,,
3MbRrcI21CE98sQs6t3WRb,IFCWALL,Second Floor,,Facade,Wall,Exterior,5,N,,Added (synthetic),,GEVEL,Not Started,Facade,0,Medium,Y,,,Facade/Masonry Subcontractor,,,,,,FAC-0,Subcontract,,,,,,,,,,,5,,Pending,EUR,,
2gGcTEl0v0ShI1XyO_sw82,IFCWALL,Second Floor,,Facade,Wall,Exterior,5,N,,Added (synthetic),,GEVEL,Not Started,Facade,0,Medium,Y,,,Facade/Masonry Subcontractor,,,,,,FAC-0,Subcontract,,,,,,,,,,,5,,Pending,EUR,,
1neRZM3Jz4YRFBbSzyVXpb,IFCWALL,Second Floor,,Facade,Wall,Exterior,5,N,,Added (synthetic),,GEVEL,Not Started,Facade,0,Medium,Y,,,Facade/Masonry Subcontractor,,,,,,FAC-0,Subcontract,,,,,,,,,,,5,,Pending,EUR,,
3oqP6P3$n36BZp4seP6jBe,IFCWALL,Second Floor,,Facade,Wall,Exterior,5,N,,Added (synthetic),,GEVEL,Not Started,Facade,0,Medium,Y,,,Facade/Masonry Subcontractor,,,,,,FAC-0,Subcontract,,,,,,,,,,,5,,Pending,EUR,,
2ukcZZOQX3hvxY6QWgxpl_,IFCWALL,Second Floor,,Facade,Wall,Exterior,5,N,,Added (synthetic),,GEVEL,Not Started,Facade,0,Medium,Y,,,Facade/Masonry Subcontractor,,,,,,FAC-0,Subcontract,,,,,,,,,,,5,,Pending,EUR,,
2Q8nE94kjBZQ9wLLJEIi7a,IFCWALL,Second Floor,,Facade,Wall,Exterior,5,N,,Added (synthetic),,GEVEL,Not Started,Facade,0,Medium,Y,,,Facade/Masonry Subcontractor,,,,,,FAC-0,Subcontract,,,,,,,,,,,5,,Pending,EUR,,
2KNXXMxvT9KwmfbIdOJvFZ,IFCWALL,Second Floor,,Facade,Wall,Exterior,5,N,,Added (synthetic),,GEVEL,Not Started,Facade,0,Medium,Y,,,Facade/Masonry Subcontractor,,,,,,FAC-0,Subcontract,,,,,,,,,,,5,,Pending,EUR,,
3gpatvkjr49vcFHijloS3i,IFCWALL,Second Floor,,Facade,Wall,Exterior,5,N,,Added (synthetic),,GEVEL,Not Started,Facade,0,Medium,Y,,,Facade/Masonry Subcontractor,,,,,,FAC-0,Subcontract,,,,,,,,,,,5,,Pending,EUR,,
0_eHrpDSL0BenGv3Mcv8fS,IFCWALL,Second Floor,,Facade,Wall,Exterior,5,N,,Added (synthetic),,GEVEL,Not Started,Facade,0,Medium,Y,,,Facade/Masonry Subcontractor,,,,,,FAC-0,Subcontract,,,,,,,,,,,5,,Pending,EUR,,
2gk5LNkGDAiezdMGuWISeo,IFCWALL,Second Floor,,Facade,Wall,Exterior,5,N,,Added (synthetic),,GEVEL,Not Started,Facade,0,Medium,Y,,,Facade/Masonry Subcontractor,,,,,,FAC-0,Subcontract,,,,,,,,,,,5,,Pending,EUR,,
2T0DOi9tPAZBOy2yjz78BB,IFCWALL,Second Floor,,Facade,Wall,Exterior,5,N,,Added (synthetic),,GEVEL,Not Started,Facade,0,Medium,Y,,,Facade/Masonry Subcontractor,,,,,,FAC-0,Subcontract,,,,,,,,,,,5,,Pending,EUR,,
2adNDBpjPCFx0FjvPzxk4J,IFCWALL,Second Floor,,Facade,Wall,Exterior,5,N,,Added (synthetic),,GEVEL,Not Started,Facade,0,Medium,Y,,,Facade/Masonry Subcontractor,,,,,,FAC-0,Subcontract,,,,,,,,,,,5,,Pending,EUR,,
3iLtr1ui53ofDOXEJX4gjT,IFCWALL,Second Floor,,Facade,Wall,Exterior,5,N,,Added (synthetic),,GEVEL,Not Started,Facade,0,Medium,Y,,,Facade/Masonry Subcontractor,,,,,,FAC-0,Subcontract,,,,,,,,,,,5,,Pending,EUR,,
2AN3EpcXvFk9pPcpHH7MhD,IFCWALL,Second Floor,,Facade,Wall,Exterior,5,N,,Added (synthetic),,GEVEL,Not Started,Facade,0,Medium,Y,,,Facade/Masonry Subcontractor,,,,,,FAC-0,Subcontract,,,,,,,,,,,5,,Pending,EUR,,
1YQyrPEXHBLxjACMwg6JFx,IFCWALL,Second Floor,,Facade,Wall,Exterior,5,N,,Added (synthetic),,GEVEL,Not Started,Facade,0,Medium,Y,,,Facade/Masonry Subcontractor,,,,,,FAC-0,Subcontract,,,,,,,,,,,5,,Pending,EUR,,
3qwqZPeTDBNwoqje$5Pg6w,IFCWALL,Second Floor,,Facade,Wall,Exterior,5,N,,Added (synthetic),,GEVEL,Not Started,Facade,0,Medium,Y,,,Facade/Masonry Subcontractor,,,,,,FAC-0,Subcontract,,,,,,,,,,,5,,Pending,EUR,,
0gjkZSaxz2lQqbBG8NzPmQ,IFCWALL,Second Floor,,Facade,Wall,Exterior,5,N,,Added (synthetic),,GEVEL,Not Started,Facade,0,Medium,Y,,,Facade/Masonry Subcontractor,,,,,,FAC-0,Subcontract,,,,,,,,,,,5,,Pending,EUR,,
0y8InRC0PA_QAR3SQu10jj,IFCWALL,Second Floor,,Facade,Wall,Exterior,5,N,,Added (synthetic),,GEVEL,Not Started,Facade,0,Medium,Y,,,Facade/Masonry Subcontractor,,,,,,FAC-0,Subcontract,,,,,,,,,,,5,,Pending,EUR,,
2IGgkY9NzFsO6L9Hw4opSW,IFCWALL,Second Floor,,Facade,Wall,Exterior,5,N,,Added (synthetic),,GEVEL,Not Started,Facade,0,Medium,Y,,,Facade/Masonry Subcontractor,,,,,,FAC-0,Subcontract,,,,,,,,,,,5,,Pending,EUR,,
3ywoxytLL6Ze1mLcpf_CYM,IFCWALL,Second Floor,,Facade,Wall,Exterior,5,N,,Added (synthetic),,GEVEL,Not Started,Facade,0,Medium,Y,,,Facade/Masonry Subcontractor,,,,,,FAC-0,Subcontract,,,,,,,,,,,5,,Pending,EUR,,
0Dfap14aP2YP8pZtG63oRO,IFCWALL,Second Floor,,Facade,Wall,Exterior,5,N,,Added (synthetic),,GEVEL,Not Started,Facade,0,Medium,Y,,,Facade/Masonry Subcontractor,,,,,,FAC-0,Subcontract,,,,,,,,,,,5,,Pending,EUR,,
3SaiHeo5LCzxecqRkOokyn,IFCWALL,Second Floor,,Facade,Wall,Exterior,5,N,,Added (synthetic),,GEVEL,Not Started,Facade,0,Medium,Y,,,Facade/Masonry Subcontractor,,,,,,FAC-0,Subcontract,,,,,,,,,,,5,,Pending,EUR,,
0rNbUsEKD4XBbyiiTLa27n,IFCWALL,Second Floor,,Facade,Wall,Exterior,5,N,,Added (synthetic),,GEVEL,Not Started,Facade,0,Medium,Y,,,Facade/Masonry Subcontractor,,,,,,FAC-0,Subcontract,,,,,,,,,,,5,,Pending,EUR,,
1PycZDUoP84w58oDIbUMKc,IFCWALL,Second Floor,,Facade,Wall,Exterior,5,N,,Added (synthetic),,GEVEL,Not Started,Facade,0,Medium,Y,,,Facade/Masonry Subcontractor,,,,,,FAC-0,Subcontract,,,,,,,,,,,5,,Pending,EUR,,
34boc95w531BHjQiyeFScJ,IFCWALL,Second Floor,,Facade,Wall,Exterior,5,N,,Added (synthetic),,GEVEL,Not Started,Facade,0,Medium,Y,,,Facade/Masonry Subcontractor,,,,,,FAC-0,Subcontract,,,,,,,,,,,5,,Pending,EUR,,
3HJMA9pCn1i8rqTdIY$FGx,IFCWALL,Second Floor,,Facade,Wall,Exterior,5,N,,Added (synthetic),,GEVEL,Not Started,Facade,0,Medium,Y,,,Facade/Masonry Subcontractor,,,,,,FAC-0,Subcontract,,,,,,,,,,,5,,Pending,EUR,,
0I$hY8NrnD9uJssTrChZth,IFCWALL,Second Floor,,Facade,Wall,Exterior,5,N,,Added (synthetic),,GEVEL,Not Started,Facade,0,Medium,Y,,,Facade/Masonry Subcontractor,,,,,,FAC-0,Subcontract,,,,,,,,,,,5,,Pending,EUR,,
155JGPm0v1bRun6HwItrP8,IFCWALL,Second Floor,,Facade,Wall,Exterior,5,N,,Added (synthetic),,GEVEL,Not Started,Facade,0,Medium,Y,,,Facade/Masonry Subcontractor,,,,,,FAC-0,Subcontract,,,,,,,,,,,5,,Pending,EUR,,
0IDKbAsN90HOIaSuxh7$D_,IFCWALL,Second Floor,,Facade,Wall,Exterior,5,N,,Added (synthetic),,GEVEL,Not Started,Facade,0,Medium,Y,,,Facade/Masonry Subcontractor,,,,,,FAC-0,Subcontract,,,,,,,,,,,5,,Pending,EUR,,
3TJALh2NH58fnTzUmA$xeG,IFCWALL,Second Floor,,Facade,Wall,Exterior,5,N,,Added (synthetic),,GEVEL,Not Started,Facade,0,Medium,Y,,,Facade/Masonry Subcontractor,,,,,,FAC-0,Subcontract,,,,,,,,,,,5,,Pending,EUR,,
0Js8lcInj8zAwW4RtybLWO,IFCWALL,Second Floor,,Facade,Wall,Exterior,5,N,,Added (synthetic),,GEVEL,Not Started,Facade,0,Medium,Y,,,Facade/Masonry Subcontractor,,,,,,FAC-0,Subcontract,,,,,,,,,,,5,,Pending,EUR,,
3_66xHtdD00gDHwZ35Ec9S,IFCWALL,Second Floor,,Facade,Wall,Exterior,5,N,,Added (synthetic),,GEVEL,Not Started,Facade,0,Medium,Y,,,Facade/Masonry Subcontractor,,,,,,FAC-0,Subcontract,,,,,,,,,,,5,,Pending,EUR,,
3m9Hy1M75BH9VBDXHStI5B,IFCWALL,Second Floor,,Facade,Wall,Exterior,5,N,,Added (synthetic),,GEVEL,Not Started,Facade,0,Medium,Y,,,Facade/Masonry Subcontractor,,,,,,FAC-0,Subcontract,,,,,,,,,,,5,,Pending,EUR,,
2OIWyGBtrCv8R3lIQz00C2,IFCWALL,Second Floor,,Facade,Wall,Exterior,5,N,,Added (synthetic),,GEVEL,Not Started,Facade,0,Medium,Y,,,Facade/Masonry Subcontractor,,,,,,FAC-0,Subcontract,,,,,,,,,,,5,,Pending,EUR,,
1TiiPVUKD2aPYlSpzVRUs8,IFCWALL,Second Floor,,Facade,Wall,Exterior,5,N,,Added (synthetic),,GEVEL,Not Started,Facade,0,Medium,Y,,,Facade/Masonry Subcontractor,,,,,,FAC-0,Subcontract,,,,,,,,,,,5,,Pending,EUR,,
2OIA0__HjCZQxPB5tMpYIZ,IFCWALL,Second Floor,,Facade,Wall,Exterior,5,N,,Added (synthetic),,GEVEL,Not Started,Facade,0,Medium,Y,,,Facade/Masonry Subcontractor,,,,,,FAC-0,Subcontract,,,,,,,,,,,5,,Pending,EUR,,
3ENEtGT0P2aOgPXmUQo9L5,IFCWALL,Second Floor,,Facade,Wall,Exterior,5,N,,Added (synthetic),,GEVEL,Not Started,Facade,0,Medium,Y,,,Facade/Masonry Subcontractor,,,,,,FAC-0,Subcontract,,,,,,,,,,,5,,Pending,EUR,,
3nxm$Vo_XDpfp4gaIyp2WC,IFCWALL,Second Floor,,Facade,Wall,Exterior,5,N,,Added (synthetic),,GEVEL,Not Started,Facade,0,Medium,Y,,,Facade/Masonry Subcontractor,,,,,,FAC-0,Subcontract,,,,,,,,,,,5,,Pending,EUR,,
2X7K0fWBzEBwqRpOV6YOyi,IFCWALL,Second Floor,,Facade,Wall,Exterior,5,N,,Added (synthetic),,GEVEL,Not Started,Facade,0,Medium,Y,,,Facade/Masonry Subcontractor,,,,,,FAC-0,Subcontract,,,,,,,,,,,5,,Pending,EUR,,
3NSXc2oELEOw72BpEhL0Ho,IFCWALL,Second Floor,,Facade,Wall,Exterior,5,N,,Added (synthetic),,GEVEL,Not Started,Facade,0,Medium,Y,,,Facade/Masonry Subcontractor,,,,,,FAC-0,Subcontract,,,,,,,,,,,5,,Pending,EUR,,
1XEOpfOLnB7viu19VwOX3c,IFCWALL,Second Floor,,Facade,Wall,Exterior,5,N,,Added (synthetic),,GEVEL,Not Started,Facade,0,Medium,Y,,,Facade/Masonry Subcontractor,,,,,,FAC-0,Subcontract,,,,,,,,,,,5,,Pending,EUR,,
3EI5egGLv6nRBJSwVb6eY0,IFCWALL,Second Floor,,Facade,Wall,Exterior,5,N,,Added (synthetic),,GEVEL,Not Started,Facade,0,Medium,Y,,,Facade/Masonry Subcontractor,,,,,,FAC-0,Subcontract,,,,,,,,,,,5,,Pending,EUR,,
2BbC$n0yrCdeZPo4oGzJUF,IFCWALL,Second Floor,,Facade,Wall,Exterior,5,N,,Added (synthetic),,GEVEL,Not Started,Facade,0,Medium,Y,,,Facade/Masonry Subcontractor,,,,,,FAC-0,Subcontract,,,,,,,,,,,5,,Pending,EUR,,
1chqBV5fz1DAQ7iTYl9xJW,IFCWALL,Second Floor,,Facade,Wall,Exterior,5,N,,Added (synthetic),,GEVEL,Not Started,Facade,0,Medium,Y,,,Facade/Masonry Subcontractor,,,,,,FAC-0,Subcontract,,,,,,,,,,,5,,Pending,EUR,,
34dgUlG_HFa9U89iOrk_fk,IFCWALL,Second Floor,,Facade,Wall,Exterior,5,N,,Added (synthetic),,GEVEL,Not Started,Facade,0,Medium,Y,,,Facade/Masonry Subcontractor,,,,,,FAC-0,Subcontract,,,,,,,,,,,5,,Pending,EUR,,
24$jwl0afAx8xKI8Xz$brq,IFCWALL,Second Floor,,Facade,Wall,Exterior,5,N,,Added (synthetic),,GEVEL,Not Started,Facade,0,Medium,Y,,,Facade/Masonry Subcontractor,,,,,,FAC-0,Subcontract,,,,,,,,,,,5,,Pending,EUR,,
3IRzbnRxr7tRoMgqhcMpHJ,IFCWALL,Second Floor,,Facade,Wall,Exterior,5,N,,Added (synthetic),,GEVEL,Not Started,Facade,0,Medium,Y,,,Facade/Masonry Subcontractor,,,,,,FAC-0,Subcontract,,,,,,,,,,,5,,Pending,EUR,,
2YCvD5WXrDSvT9hUS0mMVk,IFCWALL,Second Floor,,Facade,Wall,Exterior,5,N,,Added (synthetic),,GEVEL,Not Started,Facade,0,Medium,Y,,,Facade/Masonry Subcontractor,,,,,,FAC-0,Subcontract,,,,,,,,,,,5,,Pending,EUR,,
1jxF$_0yTC98_L1BUP3f7y,IFCWALL,Second Floor,,Facade,Wall,Exterior,5,N,,Added (synthetic),,GEVEL,Not Started,Facade,0,Medium,Y,,,Facade/Masonry Subcontractor,,,,,,FAC-0,Subcontract,,,,,,,,,,,5,,Pending,EUR,,
1xGRL2W0f9oOLYrSo$ob8a,IFCWALL,Second Floor,,Facade,Wall,Exterior,5,N,,Added (synthetic),,GEVEL,Not Started,Facade,0,Medium,Y,,,Facade/Masonry Subcontractor,,,,,,FAC-0,Subcontract,,,,,,,,,,,5,,Pending,EUR,,
1NIbBSGgf98vI9bBPL0SWL,IFCWALL,Second Floor,,Facade,Wall,Exterior,5,N,,Added (synthetic),,GEVEL,Not Started,Facade,0,Medium,Y,,,Facade/Masonry Subcontractor,,,,,,FAC-0,Subcontract,,,,,,,,,,,5,,Pending,EUR,,
1ookyeC7LE$AaPpQcJd5pu,IFCWALL,Second Floor,,Facade,Wall,Exterior,5,N,,Added (synthetic),,GEVEL,Not Started,Facade,0,Medium,Y,,,Facade/Masonry Subcontractor,,,,,,FAC-0,Subcontract,,,,,,,,,,,5,,Pending,EUR,,
0bgtceKbb1q8CGOdbPa1PM,IFCWALL,Second Floor,,Facade,Wall,Exterior,5,N,,Added (synthetic),,GEVEL,Not Started,Facade,0,Medium,Y,,,Facade/Masonry Subcontractor,,,,,,FAC-0,Subcontract,,,,,,,,,,,5,,Pending,EUR,,
1f0niA5XD16BehmueNucKp,IFCWALL,Second Floor,,Facade,Wall,Exterior,5,N,,Added (synthetic),,GEVEL,Not Started,Facade,0,Medium,Y,,,Facade/Masonry Subcontractor,,,,,,FAC-0,Subcontract,,,,,,,,,,,5,,Pending,EUR,,
3m6x5s_8PAAhYa93zpsvfd,IFCWALL,Second Floor,,Facade,Wall,Exterior,5,N,,Added (synthetic),,GEVEL,Not Started,Facade,0,Medium,Y,,,Facade/Masonry Subcontractor,,,,,,FAC-0,Subcontract,,,,,,,,,,,5,,Pending,EUR,,
0zijvaqYb2avG5CJ9VqLrO,IFCWALL,Second Floor,,Facade,Wall,Exterior,5,N,,Added (synthetic),,GEVEL,Not Started,Facade,0,Medium,Y,,,Facade/Masonry Subcontractor,,,,,,FAC-0,Subcontract,,,,,,,,,,,5,,Pending,EUR,,
0A3vw0h3r70vl1BMRbs2JR,IFCWALL,Second Floor,,Facade,Wall,Exterior,5,N,,Added (synthetic),,GEVEL,Not Started,Facade,0,Medium,Y,,,Facade/Masonry Subcontractor,,,,,,FAC-0,Subcontract,,,,,,,,,,,5,,Pending,EUR,,
1DSGX6PF1Ci9x95ZttlYHY,IFCWALL,Second Floor,,Facade,Wall,Exterior,5,N,,Added (synthetic),,GEVEL,Not Started,Facade,0,Medium,Y,,,Facade/Masonry Subcontractor,,,,,,FAC-0,Subcontract,,,,,,,,,,,5,,Pending,EUR,,
15T8e5$wL0PuR3k2ZvZ6I1,IFCWALL,Second Floor,,Facade,Wall,Exterior,5,N,,Added (synthetic),,GEVEL,Not Started,Facade,0,Medium,Y,,,Facade/Masonry Subcontractor,,,,,,FAC-0,Subcontract,,,,,,,,,,,5,,Pending,EUR,,
3Qdk$TMxrAuxQZiJv_K8BY,IFCWALL,Second Floor,,Facade,Wall,Exterior,5,N,,Added (synthetic),,GEVEL,Not Started,Facade,0,Medium,Y,,,Facade/Masonry Subcontractor,,,,,,FAC-0,Subcontract,,,,,,,,,,,5,,Pending,EUR,,
2UnVuOVXb3bOG3sOJS1Zt2,IFCWALL,Second Floor,,Facade,Wall,Exterior,5,N,,Added (synthetic),,GEVEL,Not Started,Facade,0,Medium,Y,,,Facade/Masonry Subcontractor,,,,,,FAC-0,Subcontract,,,,,,,,,,,5,,Pending,EUR,,
3WCGRIZNT4NAcbbtFlpxb5,IFCWALL,Second Floor,,Facade,Wall,Exterior,5,N,,Added (synthetic),,GEVEL,Not Started,Facade,0,Medium,Y,,,Facade/Masonry Subcontractor,,,,,,FAC-0,Subcontract,,,,,,,,,,,5,,Pending,EUR,,
0gDFYFSIb8WR4zH2JTY1zU,IFCWALL,Second Floor,,Facade,Wall,Exterior,5,N,,Added (synthetic),,GEVEL,Not Started,Facade,0,Medium,Y,,,Facade/Masonry Subcontractor,,,,,,FAC-0,Subcontract,,,,,,,,,,,5,,Pending,EUR,,
09YpdCHjz5YBYCUKfOMJyS,IFCWALL,Second Floor,,Facade,Wall,Exterior,5,N,,Added (synthetic),,GEVEL,Not Started,Facade,0,Medium,Y,,,Facade/Masonry Subcontractor,,,,,,FAC-0,Subcontract,,,,,,,,,,,5,,Pending,EUR,,
1ckT0RmsnAARlFpWWu4Tng,IFCWALL,Second Floor,,Facade,Wall,Exterior,5,N,,Added (synthetic),,GEVEL,Not Started,Facade,0,Medium,Y,,,Facade/Masonry Subcontractor,,,,,,FAC-0,Subcontract,,,,,,,,,,,5,,Pending,EUR,,
0LrrAnsxDC59wymHCsWDmP,IFCWALL,Second Floor,,Facade,Wall,Exterior,5,N,,Added (synthetic),,GEVEL,Not Started,Facade,0,Medium,Y,,,Facade/Masonry Subcontractor,,,,,,FAC-0,Subcontract,,,,,,,,,,,5,,Pending,EUR,,
12j6jtmaL8zuq2HGrdglgu,IFCWALL,Second Floor,,Facade,Wall,Exterior,5,N,,Added (synthetic),,GEVEL,Not Started,Facade,0,Medium,Y,,,Facade/Masonry Subcontractor,,,,,,FAC-0,Subcontract,,,,,,,,,,,5,,Pending,EUR,,
3wYxh0Tzb4jgB_lNtlAast,IFCWALL,Second Floor,,Facade,Wall,Exterior,5,N,,Added (synthetic),,GEVEL,Not Started,Facade,0,Medium,Y,,,Facade/Masonry Subcontractor,,,,,,FAC-0,Subcontract,,,,,,,,,,,5,,Pending,EUR,,
1YUFB$oSz7Ph9Moucnpfi$,IFCWALL,Second Floor,,Facade,Wall,Exterior,5,N,,Added (synthetic),,GEVEL,Not Started,Facade,0,Medium,Y,,,Facade/Masonry Subcontractor,,,,,,FAC-0,Subcontract,,,,,,,,,,,5,,Pending,EUR,,
14K5xdkbjFFxYMTqMomdZc,IFCWALL,Second Floor,,Facade,Wall,Exterior,5,N,,Added (synthetic),,GEVEL,Not Started,Facade,0,Medium,Y,,,Facade/Masonry Subcontractor,,,,,,FAC-0,Subcontract,,,,,,,,,,,5,,Pending,EUR,,
1XPG8aW2HEnPkZs$_nNEgo,IFCWALL,Second Floor,,Facade,Wall,Exterior,5,N,,Added (synthetic),,GEVEL,Not Started,Facade,0,Medium,Y,,,Facade/Masonry Subcontractor,,,,,,FAC-0,Subcontract,,,,,,,,,,,5,,Pending,EUR,,
22dkzeSP1C2vUCoDO3J0FD,IFCWALL,Second Floor,,Facade,Wall,Exterior,5,N,,Added (synthetic),,GEVEL,Not Started,Facade,0,Medium,Y,,,Facade/Masonry Subcontractor,,,,,,FAC-0,Subcontract,,,,,,,,,,,5,,Pending,EUR,,
1oG8K7PMn35RVgxyYflbEL,IFCWALL,Second Floor,,Facade,Wall,Exterior,5,N,,Added (synthetic),,GEVEL,Not Started,Facade,0,Medium,Y,,,Facade/Masonry Subcontractor,,,,,,FAC-0,Subcontract,,,,,,,,,,,5,,Pending,EUR,,
0Nml1uVCDDlRq6wu6UMyQA,IFCWALL,Second Floor,,Facade,Wall,Exterior,5,N,,Added (synthetic),,GEVEL,Not Started,Facade,0,Medium,Y,,,Facade/Masonry Subcontractor,,,,,,FAC-0,Subcontract,,,,,,,,,,,5,,Pending,EUR,,
2W6rpbxm58RAbCztJP9sdd,IFCWALL,Second Floor,,Facade,Wall,Exterior,5,N,,Added (synthetic),,GEVEL,Not Started,Facade,0,Medium,Y,,,Facade/Masonry Subcontractor,,,,,,FAC-0,Subcontract,,,,,,,,,,,5,,Pending,EUR,,
3mtBIKwCnBVfKSlgawrl_w,IFCWALL,Second Floor,,Facade,Wall,Exterior,5,N,,Added (synthetic),,GEVEL,Not Started,Facade,0,Medium,Y,,,Facade/Masonry Subcontractor,,,,,,FAC-0,Subcontract,,,,,,,,,,,5,,Pending,EUR,,
345cLww$z3hfdn3CHwKK17,IFCWALL,Second Floor,,Facade,Wall,Exterior,5,N,,Added (synthetic),,GEVEL,Not Started,Facade,0,Medium,Y,,,Facade/Masonry Subcontractor,,,,,,FAC-0,Subcontract,,,,,,,,,,,5,,Pending,EUR,,
0VddUtFIf0YOTa5v8yH$LX,IFCWALL,Second Floor,,Structural,Wall,Exterior,1,N,114,Original,,UITVOERING,Complete,Structural,100,High,N,8 hrs (1 day),9.5,Main Contractor - Structural Crew,1.0084,88,,,88,STR-0,Subcontract,"Precast stairs and landings, 2nd floor",197.38,529.36,1875.11,2404.47,2009.94,-394.53,-16.4,2067.1,2009.94,5,100.5,Invoiced,EUR,2015-07-13,
0sfnf50Vz6qxgaVSSC_9Ng,IFCWALL,Second Floor,,Structural,Wall,Exterior,1,N,114,Original,,UITVOERING,Complete,Structural,100,High,N,8 hrs (1 day),9.5,Main Contractor - Structural Crew,1.0084,88,,,88,STR-0,Subcontract,"Precast stairs and landings, 2nd floor",197.38,529.36,1875.11,2404.47,2009.94,-394.53,-16.4,2067.1,2009.94,5,100.5,Invoiced,EUR,2015-07-13,
2Wvxe$Unr75AYlno91cf_O,IFCWALL,Second Floor,,Facade,Wall,Exterior,5,N,,Added (synthetic),,GEVEL,Not Started,Facade,0,Medium,Y,,,Facade/Masonry Subcontractor,,,,,,FAC-0,Subcontract,,,,,,,,,,,5,,Pending,EUR,,
3oyt7VQ65F5h4Da$jUkdcw,IFCWALL,Second Floor,,Facade,Wall,Exterior,5,N,,Added (synthetic),,GEVEL,Not Started,Facade,0,Medium,Y,,,Facade/Masonry Subcontractor,,,,,,FAC-0,Subcontract,,,,,,,,,,,5,,Pending,EUR,,
0OrKFlctL3BwozyQDz24Kf,IFCWALL,Second Floor,,Facade,Wall,Exterior,5,N,,Added (synthetic),,GEVEL,Not Started,Facade,0,Medium,Y,,,Facade/Masonry Subcontractor,,,,,,FAC-0,Subcontract,,,,,,,,,,,5,,Pending,EUR,,
1RZNf1j5n2Bxgp3S7pxeMw,IFCWALL,Second Floor,,Facade,Wall,Exterior,5,N,,Added (synthetic),,GEVEL,Not Started,Facade,0,Medium,Y,,,Facade/Masonry Subcontractor,,,,,,FAC-0,Subcontract,,,,,,,,,,,5,,Pending,EUR,,
2vAiffEY52lh0rPlxXkYKc,IFCWALL,Second Floor,,Structural,Wall,Interior,1,N,114,Original,,UITVOERING,Complete,Structural,100,High,N,8 hrs (1 day),9.5,Main Contractor - Structural Crew,1.0084,88,,,88,STR-0,Subcontract,"Precast stairs and landings, 2nd floor",197.38,529.36,1875.11,2404.47,2009.94,-394.53,-16.4,2067.1,2009.94,5,100.5,Invoiced,EUR,2015-07-13,
1HTsnt8sHE9vtJiO2XDVSy,IFCWALL,Second Floor,,Facade,Wall,Exterior,5,N,,Added (synthetic),,GEVEL,Not Started,Facade,0,Medium,Y,,,Facade/Masonry Subcontractor,,,,,,FAC-0,Subcontract,,,,,,,,,,,5,,Pending,EUR,,
0gbR2DoCHFEfOlinGdyTXb,IFCWALL,Second Floor,,Facade,Wall,Exterior,5,N,,Added (synthetic),,GEVEL,Not Started,Facade,0,Medium,Y,,,Facade/Masonry Subcontractor,,,,,,FAC-0,Subcontract,,,,,,,,,,,5,,Pending,EUR,,
2266ahoUX5twjwxCprNIE$,IFCWALL,Second Floor,,Facade,Wall,Exterior,5,N,,Added (synthetic),,GEVEL,Not Started,Facade,0,Medium,Y,,,Facade/Masonry Subcontractor,,,,,,FAC-0,Subcontract,,,,,,,,,,,5,,Pending,EUR,,
0pgNH1DHHA_AMCXvj8dZP0,IFCWALL,Second Floor,,Structural,Wall,Exterior,1,N,114,Original,,UITVOERING,Complete,Structural,100,High,N,8 hrs (1 day),9.5,Main Contractor - Structural Crew,1.0084,88,,,88,STR-0,Subcontract,"Precast stairs and landings, 2nd floor",197.38,529.36,1875.11,2404.47,2009.94,-394.53,-16.4,2067.1,2009.94,5,100.5,Invoiced,EUR,2015-07-13,
1WM5Q$rAn8rvdvmWcR$vvr,IFCWALL,Second Floor,,Facade,Wall,Exterior,5,N,,Added (synthetic),,GEVEL,Not Started,Facade,0,Medium,Y,,,Facade/Masonry Subcontractor,,,,,,FAC-0,Subcontract,,,,,,,,,,,5,,Pending,EUR,,
0gPViWnc97_em9NLpt_LR_,IFCWALL,Second Floor,,Facade,Wall,Exterior,5,N,,Added (synthetic),,GEVEL,Not Started,Facade,0,Medium,Y,,,Facade/Masonry Subcontractor,,,,,,FAC-0,Subcontract,,,,,,,,,,,5,,Pending,EUR,,
1H3j$_zKfF3f7NmuRnd_KM,IFCWALL,Second Floor,,Facade,Wall,Exterior,5,N,,Added (synthetic),,GEVEL,Not Started,Facade,0,Medium,Y,,,Facade/Masonry Subcontractor,,,,,,FAC-0,Subcontract,,,,,,,,,,,5,,Pending,EUR,,
39FsFjEuL3dQTjl2UmVHsR,IFCWALL,Second Floor,,Facade,Wall,Exterior,5,N,,Added (synthetic),,GEVEL,Not Started,Facade,0,Medium,Y,,,Facade/Masonry Subcontractor,,,,,,FAC-0,Subcontract,,,,,,,,,,,5,,Pending,EUR,,
0NsY4MrjP47eGpLW37qLNh,IFCWALL,Second Floor,,Finishing,Wall,Interior,1,N,,Added (synthetic),,GEVEL,Not Started,Finishing,0,Low,N,24 hrs (3 days),11.9,Finishing Subcontractor,2.0030,161,160,162,161,FIN-0,Subcontract,"Balcony railing installation, Second Floor",36.06,1060.08,429.11,1489.19,1194.04,-295.15,-19.8,1280.33,1250.82,5,59.7,Pending,EUR,2015-07-20,
1DWAGIZlj6RAB4An0ALhY$,IFCWALL,Second Floor,,Finishing,Wall,Interior,1,N,,Added (synthetic),,GEVEL,Not Started,Finishing,0,Low,N,24 hrs (3 days),11.9,Finishing Subcontractor,2.0030,161,160,162,161,FIN-0,Subcontract,"Balcony railing installation, Second Floor",36.06,1060.08,429.11,1489.19,1194.04,-295.15,-19.8,1280.33,1250.82,5,59.7,Pending,EUR,2015-07-20,
0c6TWvGAHBORZRvoEDgQFO,IFCWALL,Second Floor,,Finishing,Wall,Interior,1,N,,Added (synthetic),,GEVEL,Not Started,Finishing,0,Low,N,24 hrs (3 days),11.9,Finishing Subcontractor,2.0030,161,160,162,161,FIN-0,Subcontract,"Balcony railing installation, Second Floor",36.06,1060.08,429.11,1489.19,1194.04,-295.15,-19.8,1280.33,1250.82,5,59.7,Pending,EUR,2015-07-20,
10ogexLW905RKdX1927VSU,IFCWALL,Second Floor,,Finishing,Wall,Interior,1,N,,Added (synthetic),,GEVEL,Not Started,Finishing,0,Low,N,24 hrs (3 days),11.9,Finishing Subcontractor,2.0030,161,160,162,161,FIN-0,Subcontract,"Balcony railing installation, Second Floor",36.06,1060.08,429.11,1489.19,1194.04,-295.15,-19.8,1280.33,1250.82,5,59.7,Pending,EUR,2015-07-20,
2_OUbn7mHDGB97nRdx_Swc,IFCWALL,Second Floor,,Finishing,Wall,Interior,1,N,,Added (synthetic),,GEVEL,Not Started,Finishing,0,Low,N,24 hrs (3 days),11.9,Finishing Subcontractor,2.0030,161,160,162,161,FIN-0,Subcontract,"Balcony railing installation, Second Floor",36.06,1060.08,429.11,1489.19,1194.04,-295.15,-19.8,1280.33,1250.82,5,59.7,Pending,EUR,2015-07-20,
0mBWreOprCfhxEee1_L62E,IFCWALL,Second Floor,,Finishing,Wall,Interior,1,N,,Added (synthetic),,GEVEL,Not Started,Finishing,0,Low,N,24 hrs (3 days),11.9,Finishing Subcontractor,2.0030,161,160,162,161,FIN-0,Subcontract,"Balcony railing installation, Second Floor",36.06,1060.08,429.11,1489.19,1194.04,-295.15,-19.8,1280.33,1250.82,5,59.7,Pending,EUR,2015-07-20,
27avDheLb5IRUF3u2QaId2,IFCWALL,Second Floor,,Finishing,Wall,Interior,1,N,,Added (synthetic),,GEVEL,Not Started,Finishing,0,Low,N,24 hrs (3 days),11.9,Finishing Subcontractor,2.0030,161,160,162,161,FIN-0,Subcontract,"Balcony railing installation, Second Floor",36.06,1060.08,429.11,1489.19,1194.04,-295.15,-19.8,1280.33,1250.82,5,59.7,Pending,EUR,2015-07-20,
2BTB5LQ8HDNP8ojpnQFMGW,IFCWALL,Second Floor,,Finishing,Wall,Interior,1,N,,Added (synthetic),,GEVEL,Not Started,Finishing,0,Low,N,24 hrs (3 days),11.9,Finishing Subcontractor,2.0030,161,160,162,161,FIN-0,Subcontract,"Balcony railing installation, Second Floor",36.06,1060.08,429.11,1489.19,1194.04,-295.15,-19.8,1280.33,1250.82,5,59.7,Pending,EUR,2015-07-20,
1QKjhh_S58EOZF6F8vrJ6E,IFCWALL,Second Floor,,Finishing,Wall,Interior,1,N,,Added (synthetic),,GEVEL,Not Started,Finishing,0,Low,N,24 hrs (3 days),11.9,Finishing Subcontractor,2.0030,161,160,162,161,FIN-0,Subcontract,"Balcony railing installation, Second Floor",36.06,1060.08,429.11,1489.19,1194.04,-295.15,-19.8,1280.33,1250.82,5,59.7,Pending,EUR,2015-07-20,
36GtlHnYf65hKVVR2kT4x0,IFCWALL,Second Floor,,Finishing,Wall,Interior,1,N,,Added (synthetic),,GEVEL,Not Started,Finishing,0,Low,N,24 hrs (3 days),11.9,Finishing Subcontractor,2.0030,161,160,162,161,FIN-0,Subcontract,"Balcony railing installation, Second Floor",36.06,1060.08,429.11,1489.19,1194.04,-295.15,-19.8,1280.33,1250.82,5,59.7,Pending,EUR,2015-07-20,
0zoY98O157i8MAJTtMw2tr,IFCWALL,Second Floor,,Structural,Wall,Exterior,1,N,114,Original,,UITVOERING,Complete,Structural,100,High,N,8 hrs (1 day),9.5,Main Contractor - Structural Crew,1.0084,88,,,88,STR-0,Subcontract,"Precast stairs and landings, 2nd floor",197.38,529.36,1875.11,2404.47,2009.94,-394.53,-16.4,2067.1,2009.94,5,100.5,Invoiced,EUR,2015-07-13,
1tmLhF7Cn61RudeBvrE04v,IFCWALL,Second Floor,,Structural,Wall,Exterior,1,N,114,Original,,UITVOERING,Complete,Structural,100,High,N,8 hrs (1 day),9.5,Main Contractor - Structural Crew,1.0084,88,,,88,STR-0,Subcontract,"Precast stairs and landings, 2nd floor",197.38,529.36,1875.11,2404.47,2009.94,-394.53,-16.4,2067.1,2009.94,5,100.5,Invoiced,EUR,2015-07-13,
2uaQbPNLX7DebbkESsYvDm,IFCWALL,Second Floor,,Finishing,Wall,Interior,1,N,,Added (synthetic),,GEVEL,Not Started,Finishing,0,Low,N,24 hrs (3 days),11.9,Finishing Subcontractor,2.0030,161,160,162,161,FIN-0,Subcontract,"Balcony railing installation, Second Floor",36.06,1060.08,429.11,1489.19,1194.04,-295.15,-19.8,1280.33,1250.82,5,59.7,Pending,EUR,2015-07-20,
2a_A$QZ6b08fzqzP6NgKSG,IFCWALL,Second Floor,,Structural,Wall,Exterior,1,N,114,Original,,UITVOERING,Complete,Structural,100,High,N,8 hrs (1 day),9.5,Main Contractor - Structural Crew,1.0084,88,,,88,STR-0,Subcontract,"Precast stairs and landings, 2nd floor",197.38,529.36,1875.11,2404.47,2009.94,-394.53,-16.4,2067.1,2009.94,5,100.5,Invoiced,EUR,2015-07-13,
1EyK7eWxP2T94jexdjw7zO,IFCWALL,Third Floor,,Structural,Wall,Interior,36,N,,Original,,UITVOERING,Complete,Structural,100,High,Yes,,,Main Contractor - Structural Crew,,,,,,STR-0,Subcontract,,,,,,,,,,,5,,,EUR,,
1E_W7CZ8bFguuJuOlGiSq9,IFCWALL,Third Floor,,Structural,Wall,Interior,36,N,,Original,,UITVOERING,Complete,Structural,100,High,Yes,,,Main Contractor - Structural Crew,,,,,,STR-0,Subcontract,,,,,,,,,,,5,,,EUR,,
2akm4sEy18KhqU2hKpeBjG,IFCWALL,Third Floor,,Structural,Wall,Interior,36,N,,Original,,UITVOERING,Complete,Structural,100,High,Yes,,,Main Contractor - Structural Crew,,,,,,STR-0,Subcontract,,,,,,,,,,,5,,,EUR,,
3YLmLSYqr0kxvCC8B81IAJ,IFCWALL,Third Floor,,Structural,Wall,Interior,36,N,,Original,,UITVOERING,Complete,Structural,100,High,Yes,,,Main Contractor - Structural Crew,,,,,,STR-0,Subcontract,,,,,,,,,,,5,,,EUR,,
3auUwUfW5EcPaoBpNctlU$,IFCWALL,Third Floor,,Facade,Wall,Exterior,5,N,,Added (synthetic),,GEVEL,Not Started,Facade,0,Medium,Y,,,Facade/Masonry Subcontractor,,,,,,FAC-0,Subcontract,,,,,,,,,,,5,,,EUR,,
1N0dLD7_b9g8tFENBqrJDV,IFCWALL,Third Floor,,Facade,Wall,Exterior,5,N,,Added (synthetic),,GEVEL,Not Started,Facade,0,Medium,Y,,,Facade/Masonry Subcontractor,,,,,,FAC-0,Subcontract,,,,,,,,,,,5,,,EUR,,
3ICu8JsLD61wqtGk04qXlS,IFCWALL,Third Floor,,Facade,Wall,Exterior,5,N,,Added (synthetic),,GEVEL,Not Started,Facade,0,Medium,Y,,,Facade/Masonry Subcontractor,,,,,,FAC-0,Subcontract,,,,,,,,,,,5,,,EUR,,
1cMmlPl490tPOO2RzYrdce,IFCWALL,Third Floor,,Facade,Wall,Exterior,5,N,,Added (synthetic),,GEVEL,Not Started,Facade,0,Medium,Y,,,Facade/Masonry Subcontractor,,,,,,FAC-0,Subcontract,,,,,,,,,,,5,,,EUR,,
2Tzx7w7sD0lO244T1GnOv$,IFCWALL,Third Floor,,Facade,Wall,Exterior,5,N,,Added (synthetic),,GEVEL,Not Started,Facade,0,Medium,Y,,,Facade/Masonry Subcontractor,,,,,,FAC-0,Subcontract,,,,,,,,,,,5,,,EUR,,
2coheVmn10xepG8L0X4PjH,IFCWALL,Third Floor,,Facade,Wall,Exterior,5,N,,Added (synthetic),,GEVEL,Not Started,Facade,0,Medium,Y,,,Facade/Masonry Subcontractor,,,,,,FAC-0,Subcontract,,,,,,,,,,,5,,,EUR,,
21iVHGuE5Aae60NipXJ6ao,IFCWALL,Third Floor,,Structural,Wall,Interior,36,N,,Original,,UITVOERING,Complete,Structural,100,High,Yes,,,Main Contractor - Structural Crew,,,,,,STR-0,Subcontract,,,,,,,,,,,5,,,EUR,,
2E6mo2HkfDvuJiRRG$wc1e,IFCWALL,Third Floor,,Structural,Wall,Interior,36,N,,Original,,UITVOERING,Complete,Structural,100,High,Yes,,,Main Contractor - Structural Crew,,,,,,STR-0,Subcontract,,,,,,,,,,,5,,,EUR,,
1WwDHDheL4wPrM0QpmGNrX,IFCWALL,Third Floor,,Structural,Wall,Interior,36,N,,Original,,UITVOERING,Complete,Structural,100,High,Yes,,,Main Contractor - Structural Crew,,,,,,STR-0,Subcontract,,,,,,,,,,,5,,,EUR,,
2YMzAzDVLEQgj6C$uJ2tng,IFCWALL,Third Floor,,Structural,Wall,Interior,36,N,,Original,,UITVOERING,Complete,Structural,100,High,Yes,,,Main Contractor - Structural Crew,,,,,,STR-0,Subcontract,,,,,,,,,,,5,,,EUR,,
1YsYDA1r91IATxaJdCY3K9,IFCWALL,Third Floor,,Structural,Wall,Interior,36,N,,Original,,UITVOERING,Complete,Structural,100,High,Yes,,,Main Contractor - Structural Crew,,,,,,STR-0,Subcontract,,,,,,,,,,,5,,,EUR,,
2xvopPXd9EPgibaSIHI8QI,IFCWALL,Third Floor,,Structural,Wall,Interior,36,N,,Original,,UITVOERING,Complete,Structural,100,High,Yes,,,Main Contractor - Structural Crew,,,,,,STR-0,Subcontract,,,,,,,,,,,5,,,EUR,,
1UlvQl2Fr6x94ewQQV4QYD,IFCWALL,Third Floor,,Facade,Wall,Exterior,5,N,,Added (synthetic),,GEVEL,Not Started,Facade,0,Medium,Y,,,Facade/Masonry Subcontractor,,,,,,FAC-0,Subcontract,,,,,,,,,,,5,,,EUR,,
3xUCqCcT5CIgdra2gZT2db,IFCWALL,Third Floor,,Facade,Wall,Exterior,5,N,,Added (synthetic),,GEVEL,Not Started,Facade,0,Medium,Y,,,Facade/Masonry Subcontractor,,,,,,FAC-0,Subcontract,,,,,,,,,,,5,,,EUR,,
0PYnvK1QT2g90Zy$gCExD1,IFCWALL,Third Floor,,Facade,Wall,Exterior,5,N,,Added (synthetic),,GEVEL,Not Started,Facade,0,Medium,Y,,,Facade/Masonry Subcontractor,,,,,,FAC-0,Subcontract,,,,,,,,,,,5,,,EUR,,
08J5ZQbrj5Mx$rrc3rSlid,IFCWALL,Third Floor,,Facade,Wall,Exterior,5,N,,Added (synthetic),,GEVEL,Not Started,Facade,0,Medium,Y,,,Facade/Masonry Subcontractor,,,,,,FAC-0,Subcontract,,,,,,,,,,,5,,,EUR,,
3k13aCiJv7Fu95f6UUXxdk,IFCWALL,Third Floor,,Facade,Wall,Exterior,5,N,,Added (synthetic),,GEVEL,Not Started,Facade,0,Medium,Y,,,Facade/Masonry Subcontractor,,,,,,FAC-0,Subcontract,,,,,,,,,,,5,,,EUR,,
0B$7T0g8P0Qxh5KunO$Vuh,IFCWALL,Third Floor,,Facade,Wall,Exterior,5,N,,Added (synthetic),,GEVEL,Not Started,Facade,0,Medium,Y,,,Facade/Masonry Subcontractor,,,,,,FAC-0,Subcontract,,,,,,,,,,,5,,,EUR,,
0BbZBldn94MfvyeV9ZExMT,IFCWALL,Third Floor,,Facade,Wall,Exterior,5,N,,Added (synthetic),,GEVEL,Not Started,Facade,0,Medium,Y,,,Facade/Masonry Subcontractor,,,,,,FAC-0,Subcontract,,,,,,,,,,,5,,,EUR,,
1AV_hs6Kf5MBG2ZRq0OyR0,IFCWALL,Third Floor,,Structural,Wall,Interior,36,N,,Original,,UITVOERING,Complete,Structural,100,High,Yes,,,Main Contractor - Structural Crew,,,,,,STR-0,Subcontract,,,,,,,,,,,5,,,EUR,,
1tYO1kwy17RRUruN2aoAOl,IFCWALL,Third Floor,,Structural,Wall,Interior,36,N,,Original,,UITVOERING,Complete,Structural,100,High,Yes,,,Main Contractor - Structural Crew,,,,,,STR-0,Subcontract,,,,,,,,,,,5,,,EUR,,
1o3JNwlLT2pR5xzj7dIHdp,IFCWALL,Third Floor,,Structural,Wall,Interior,36,N,,Original,,UITVOERING,Complete,Structural,100,High,Yes,,,Main Contractor - Structural Crew,,,,,,STR-0,Subcontract,,,,,,,,,,,5,,,EUR,,
2WLxeUa2P6K9FRHev9QauM,IFCWALL,Third Floor,,Structural,Wall,Interior,36,N,,Original,,UITVOERING,Complete,Structural,100,High,Yes,,,Main Contractor - Structural Crew,,,,,,STR-0,Subcontract,,,,,,,,,,,5,,,EUR,,
1nuR7Rs590TQ5OKJ9Z1uEI,IFCWALL,Third Floor,,Structural,Wall,Interior,36,N,,Original,,UITVOERING,Complete,Structural,100,High,Yes,,,Main Contractor - Structural Crew,,,,,,STR-0,Subcontract,,,,,,,,,,,5,,,EUR,,
3YRqEfrCP8BhPfrw8ie$07,IFCWALL,Third Floor,,Structural,Wall,Interior,36,N,,Original,,UITVOERING,Complete,Structural,100,High,Yes,,,Main Contractor - Structural Crew,,,,,,STR-0,Subcontract,,,,,,,,,,,5,,,EUR,,
0zqN$1Spv2UAq7aXZK3XKv,IFCWALL,Third Floor,,Structural,Wall,Interior,36,N,,Original,,UITVOERING,Complete,Structural,100,High,Yes,,,Main Contractor - Structural Crew,,,,,,STR-0,Subcontract,,,,,,,,,,,5,,,EUR,,
2G3UTfDMD1egi1bydvtHzQ,IFCWALL,Third Floor,,Structural,Wall,Interior,36,N,,Original,,UITVOERING,Complete,Structural,100,High,Yes,,,Main Contractor - Structural Crew,,,,,,STR-0,Subcontract,,,,,,,,,,,5,,,EUR,,
19wRuwW0DBPwA2NduOQ2rx,IFCWALL,Third Floor,,Structural,Wall,Interior,36,N,,Original,,UITVOERING,Complete,Structural,100,High,Yes,,,Main Contractor - Structural Crew,,,,,,STR-0,Subcontract,,,,,,,,,,,5,,,EUR,,
1HB2RkFMD9UQq5pmmS3kII,IFCWALL,Third Floor,,Facade,Wall,Exterior,5,N,,Added (synthetic),,GEVEL,Not Started,Facade,0,Medium,Y,,,Facade/Masonry Subcontractor,,,,,,FAC-0,Subcontract,,,,,,,,,,,5,,,EUR,,
3DFmbDSn5BAgDHvlMxbGui,IFCWALL,Third Floor,,Structural,Wall,Interior,36,N,,Original,,UITVOERING,Complete,Structural,100,High,Yes,,,Main Contractor - Structural Crew,,,,,,STR-0,Subcontract,,,,,,,,,,,5,,,EUR,,
3cn6wvI6HBu8fP4N2GN$Pj,IFCWALL,Third Floor,,Structural,Wall,Interior,36,N,,Original,,UITVOERING,Complete,Structural,100,High,Yes,,,Main Contractor - Structural Crew,,,,,,STR-0,Subcontract,,,,,,,,,,,5,,,EUR,,
1CbKRR0a92Mut22gOUS8EV,IFCWALL,Third Floor,,Structural,Wall,Interior,36,N,,Original,,UITVOERING,Complete,Structural,100,High,Yes,,,Main Contractor - Structural Crew,,,,,,STR-0,Subcontract,,,,,,,,,,,5,,,EUR,,
23vbTQ1Xb6I9RR8JQjRHhM,IFCWALL,Third Floor,,Structural,Wall,Interior,36,N,,Original,,UITVOERING,Complete,Structural,100,High,Yes,,,Main Contractor - Structural Crew,,,,,,STR-0,Subcontract,,,,,,,,,,,5,,,EUR,,
0h0J8$jKDB7vqG8dDiDAKz,IFCWALL,Third Floor,,Structural,Wall,Interior,36,N,,Original,,UITVOERING,Complete,Structural,100,High,Yes,,,Main Contractor - Structural Crew,,,,,,STR-0,Subcontract,,,,,,,,,,,5,,,EUR,,
15jfYuGer1Ah1QZYTNDpTJ,IFCWALL,Third Floor,,Structural,Wall,Interior,36,N,,Original,,UITVOERING,Complete,Structural,100,High,Yes,,,Main Contractor - Structural Crew,,,,,,STR-0,Subcontract,,,,,,,,,,,5,,,EUR,,
3AuBloy8rB2eQ0HbTV6Kmm,IFCWALL,Third Floor,,Structural,Wall,Interior,36,N,,Original,,UITVOERING,Complete,Structural,100,High,Yes,,,Main Contractor - Structural Crew,,,,,,STR-0,Subcontract,,,,,,,,,,,5,,,EUR,,
2xj8og5ynADeLjrLMO9aln,IFCWALL,Third Floor,,Structural,Wall,Interior,36,N,,Original,,UITVOERING,Complete,Structural,100,High,Yes,,,Main Contractor - Structural Crew,,,,,,STR-0,Subcontract,,,,,,,,,,,5,,,EUR,,
0nrQiWUSfB6g722vNHkgc_,IFCWALL,Third Floor,,Structural,Wall,Interior,36,N,,Original,,UITVOERING,Complete,Structural,100,High,Yes,,,Main Contractor - Structural Crew,,,,,,STR-0,Subcontract,,,,,,,,,,,5,,,EUR,,
16WP2f9KP2DBE9sfY$ffYK,IFCWALL,Third Floor,,Structural,Wall,Interior,36,N,,Original,,UITVOERING,Complete,Structural,100,High,Yes,,,Main Contractor - Structural Crew,,,,,,STR-0,Subcontract,,,,,,,,,,,5,,,EUR,,
1us$eS2XH6h9DpSVtp$vYM,IFCWALL,Third Floor,,Structural,Wall,Interior,36,N,,Original,,UITVOERING,Complete,Structural,100,High,Yes,,,Main Contractor - Structural Crew,,,,,,STR-0,Subcontract,,,,,,,,,,,5,,,EUR,,
31jJ7Ha698fBHCB0Q2e1yq,IFCWALL,Third Floor,,Structural,Wall,Interior,36,N,,Original,,UITVOERING,Complete,Structural,100,High,Yes,,,Main Contractor - Structural Crew,,,,,,STR-0,Subcontract,,,,,,,,,,,5,,,EUR,,
1dKTBRP$50WglvLBumwpIK,IFCWALL,Third Floor,,Structural,Wall,Interior,36,N,,Original,,UITVOERING,Complete,Structural,100,High,Yes,,,Main Contractor - Structural Crew,,,,,,STR-0,Subcontract,,,,,,,,,,,5,,,EUR,,
35sB5hOEPF8R6s4haDTl5Q,IFCWALL,Third Floor,,Structural,Wall,Interior,36,N,,Original,,UITVOERING,Complete,Structural,100,High,Yes,,,Main Contractor - Structural Crew,,,,,,STR-0,Subcontract,,,,,,,,,,,5,,,EUR,,
3YJAx09Gb8txATI7X87x8M,IFCWALL,Third Floor,,Structural,Wall,Interior,36,N,,Original,,UITVOERING,Complete,Structural,100,High,Yes,,,Main Contractor - Structural Crew,,,,,,STR-0,Subcontract,,,,,,,,,,,5,,,EUR,,
03AHdIiA55r8PqyXVRRazD,IFCWALL,Third Floor,,Structural,Wall,Interior,36,N,,Original,,UITVOERING,Complete,Structural,100,High,Yes,,,Main Contractor - Structural Crew,,,,,,STR-0,Subcontract,,,,,,,,,,,5,,,EUR,,
1O7GR1UOf6r8WCpuroNm0Z,IFCWALL,Third Floor,,Finishing,Wall,Interior,1,N,,Added (synthetic),,GEVEL,Not Started,Finishing,0,Low,N,24 hrs (3 days),9.1,Finishing Subcontractor,2.0036,167,166,168,167,FIN-0,Subcontract,"Balcony railing installation, Third Floor",22.19,932.64,201.93,1134.57,1266.15,131.58,11.6,1306.93,1285.98,5,63.31,Pending,EUR,2015-08-05,
0THNgQ0CDF9BljZQaz9g8p,IFCWALL,Third Floor,,Finishing,Wall,Interior,1,N,,Added (synthetic),,GEVEL,Not Started,Finishing,0,Low,N,24 hrs (3 days),9.1,Finishing Subcontractor,2.0036,167,166,168,167,FIN-0,Subcontract,"Balcony railing installation, Third Floor",22.19,932.64,201.93,1134.57,1266.15,131.58,11.6,1306.93,1285.98,5,63.31,Pending,EUR,2015-08-05,
2yQ4V1Ntn8pezOU3JG_CmS,IFCWALL,Third Floor,,Finishing,Wall,Interior,1,N,,Added (synthetic),,GEVEL,Not Started,Finishing,0,Low,N,24 hrs (3 days),9.1,Finishing Subcontractor,2.0036,167,166,168,167,FIN-0,Subcontract,"Balcony railing installation, Third Floor",22.19,932.64,201.93,1134.57,1266.15,131.58,11.6,1306.93,1285.98,5,63.31,Pending,EUR,2015-08-05,
0OvS7XTSrEEfgY9zLS52bd,IFCWALL,Third Floor,,Finishing,Wall,Interior,1,N,,Added (synthetic),,GEVEL,Not Started,Finishing,0,Low,N,24 hrs (3 days),9.1,Finishing Subcontractor,2.0036,167,166,168,167,FIN-0,Subcontract,"Balcony railing installation, Third Floor",22.19,932.64,201.93,1134.57,1266.15,131.58,11.6,1306.93,1285.98,5,63.31,Pending,EUR,2015-08-05,
1WKOi2evr6bhCsVsQkzbKa,IFCWALL,Third Floor,,Finishing,Wall,Interior,1,N,,Added (synthetic),,GEVEL,Not Started,Finishing,0,Low,N,24 hrs (3 days),9.1,Finishing Subcontractor,2.0036,167,166,168,167,FIN-0,Subcontract,"Balcony railing installation, Third Floor",22.19,932.64,201.93,1134.57,1266.15,131.58,11.6,1306.93,1285.98,5,63.31,Pending,EUR,2015-08-05,
2MV1zwMlv8eBvA2WOEAaEl,IFCWALL,Third Floor,,Finishing,Wall,Interior,1,N,,Added (synthetic),,GEVEL,Not Started,Finishing,0,Low,N,24 hrs (3 days),9.1,Finishing Subcontractor,2.0036,167,166,168,167,FIN-0,Subcontract,"Balcony railing installation, Third Floor",22.19,932.64,201.93,1134.57,1266.15,131.58,11.6,1306.93,1285.98,5,63.31,Pending,EUR,2015-08-05,
07ycr3rkX9oB1rB6HYpOJ0,IFCWALL,Third Floor,,Finishing,Wall,Interior,1,N,,Added (synthetic),,GEVEL,Not Started,Finishing,0,Low,N,24 hrs (3 days),9.1,Finishing Subcontractor,2.0036,167,166,168,167,FIN-0,Subcontract,"Balcony railing installation, Third Floor",22.19,932.64,201.93,1134.57,1266.15,131.58,11.6,1306.93,1285.98,5,63.31,Pending,EUR,2015-08-05,
2UzzVHoG57Ex92Zgaglbg7,IFCWALL,Third Floor,,Finishing,Wall,Interior,1,N,,Added (synthetic),,GEVEL,Not Started,Finishing,0,Low,N,24 hrs (3 days),9.1,Finishing Subcontractor,2.0036,167,166,168,167,FIN-0,Subcontract,"Balcony railing installation, Third Floor",22.19,932.64,201.93,1134.57,1266.15,131.58,11.6,1306.93,1285.98,5,63.31,Pending,EUR,2015-08-05,
3gGmXbzkjAsuTeSl1cCGLB,IFCWALL,Third Floor,,Finishing,Wall,Interior,1,N,,Added (synthetic),,GEVEL,Not Started,Finishing,0,Low,N,24 hrs (3 days),9.1,Finishing Subcontractor,2.0036,167,166,168,167,FIN-0,Subcontract,"Balcony railing installation, Third Floor",22.19,932.64,201.93,1134.57,1266.15,131.58,11.6,1306.93,1285.98,5,63.31,Pending,EUR,2015-08-05,
34b24nbdP4VwDBt7cfF8Fe,IFCWALL,Third Floor,,Finishing,Wall,Interior,1,N,,Added (synthetic),,GEVEL,Not Started,Finishing,0,Low,N,24 hrs (3 days),9.1,Finishing Subcontractor,2.0036,167,166,168,167,FIN-0,Subcontract,"Balcony railing installation, Third Floor",22.19,932.64,201.93,1134.57,1266.15,131.58,11.6,1306.93,1285.98,5,63.31,Pending,EUR,2015-08-05,
1Ht3sHXY19ZO0gy_WWLMfy,IFCWALL,Third Floor,,Finishing,Wall,Interior,1,N,,Added (synthetic),,GEVEL,Not Started,Finishing,0,Low,N,24 hrs (3 days),9.1,Finishing Subcontractor,2.0036,167,166,168,167,FIN-0,Subcontract,"Balcony railing installation, Third Floor",22.19,932.64,201.93,1134.57,1266.15,131.58,11.6,1306.93,1285.98,5,63.31,Pending,EUR,2015-08-05,
22V6iCqlz6FBLNTsOBRNQ$,IFCWALL,Third Floor,,Finishing,Wall,Interior,1,N,,Added (synthetic),,GEVEL,Not Started,Finishing,0,Low,N,24 hrs (3 days),9.1,Finishing Subcontractor,2.0036,167,166,168,167,FIN-0,Subcontract,"Balcony railing installation, Third Floor",22.19,932.64,201.93,1134.57,1266.15,131.58,11.6,1306.93,1285.98,5,63.31,Pending,EUR,2015-08-05,
1o9IVHY3z6jPb$8UF0w0pc,IFCWALL,Third Floor,,Finishing,Wall,Interior,1,N,,Added (synthetic),,GEVEL,Not Started,Finishing,0,Low,N,24 hrs (3 days),9.1,Finishing Subcontractor,2.0036,167,166,168,167,FIN-0,Subcontract,"Balcony railing installation, Third Floor",22.19,932.64,201.93,1134.57,1266.15,131.58,11.6,1306.93,1285.98,5,63.31,Pending,EUR,2015-08-05,
2$_Kkal4jC8BFBilJN8I3K,IFCWALL,Third Floor,,Finishing,Wall,Interior,1,N,,Added (synthetic),,GEVEL,Not Started,Finishing,0,Low,N,24 hrs (3 days),9.1,Finishing Subcontractor,2.0036,167,166,168,167,FIN-0,Subcontract,"Balcony railing installation, Third Floor",22.19,932.64,201.93,1134.57,1266.15,131.58,11.6,1306.93,1285.98,5,63.31,Pending,EUR,2015-08-05,
0FDpOPjDv2iud3tAKPO5Zh,IFCWALL,Third Floor,,Finishing,Wall,Interior,1,N,,Added (synthetic),,GEVEL,Not Started,Finishing,0,Low,N,24 hrs (3 days),9.1,Finishing Subcontractor,2.0036,167,166,168,167,FIN-0,Subcontract,"Balcony railing installation, Third Floor",22.19,932.64,201.93,1134.57,1266.15,131.58,11.6,1306.93,1285.98,5,63.31,Pending,EUR,2015-08-05,
0SAmxP$$bBAgZObgQGJhrq,IFCWALL,Third Floor,,Finishing,Wall,Interior,1,N,,Added (synthetic),,GEVEL,Not Started,Finishing,0,Low,N,24 hrs (3 days),9.1,Finishing Subcontractor,2.0036,167,166,168,167,FIN-0,Subcontract,"Balcony railing installation, Third Floor",22.19,932.64,201.93,1134.57,1266.15,131.58,11.6,1306.93,1285.98,5,63.31,Pending,EUR,2015-08-05,
1bzY3tIwjEEAUZw62_UiuO,IFCWALL,Third Floor,,Finishing,Wall,Interior,1,N,,Added (synthetic),,GEVEL,Not Started,Finishing,0,Low,N,24 hrs (3 days),9.1,Finishing Subcontractor,2.0036,167,166,168,167,FIN-0,Subcontract,"Balcony railing installation, Third Floor",22.19,932.64,201.93,1134.57,1266.15,131.58,11.6,1306.93,1285.98,5,63.31,Pending,EUR,2015-08-05,
0VgxmJGxv2wP5IVI81qJrl,IFCWALL,Third Floor,,Structural,Wall,Interior,36,N,,Original,,UITVOERING,Complete,Structural,100,High,Yes,,,Main Contractor - Structural Crew,,,,,,STR-0,Subcontract,,,,,,,,,,,5,,,EUR,,
2uxQYe3V1DwQZELRcxkhw7,IFCWALL,Third Floor,,Finishing,Wall,Interior,1,N,,Added (synthetic),,GEVEL,Not Started,Finishing,0,Low,N,24 hrs (3 days),9.1,Finishing Subcontractor,2.0036,167,166,168,167,FIN-0,Subcontract,"Balcony railing installation, Third Floor",22.19,932.64,201.93,1134.57,1266.15,131.58,11.6,1306.93,1285.98,5,63.31,Pending,EUR,2015-08-05,
3KLlSyI5DCcB6QscI2_oI8,IFCWALL,Third Floor,,Finishing,Wall,Interior,1,N,,Added (synthetic),,GEVEL,Not Started,Finishing,0,Low,N,24 hrs (3 days),9.1,Finishing Subcontractor,2.0036,167,166,168,167,FIN-0,Subcontract,"Balcony railing installation, Third Floor",22.19,932.64,201.93,1134.57,1266.15,131.58,11.6,1306.93,1285.98,5,63.31,Pending,EUR,2015-08-05,
2DXswjBO17YBftrJtbKRyD,IFCWALL,Third Floor,,Facade,Wall,Exterior,5,N,,Added (synthetic),,GEVEL,Not Started,Facade,0,Medium,Y,,,Facade/Masonry Subcontractor,,,,,,FAC-0,Subcontract,,,,,,,,,,,5,,,EUR,,
3B_EPhJC9EX98Fq1ITIUW2,IFCWALL,Third Floor,,Facade,Wall,Exterior,5,N,,Added (synthetic),,GEVEL,Not Started,Facade,0,Medium,Y,,,Facade/Masonry Subcontractor,,,,,,FAC-0,Subcontract,,,,,,,,,,,5,,,EUR,,
0j8iqQ1cHD_wWRaox$OwDX,IFCWALL,Roof,,Facade,Wall,Exterior,20,N,,,,GEVEL,In Progress,Facade,95,Medium,Y,,,Facade/Masonry Subcontractor,,,,,,FAC-0,Subcontract,,,,,,,,,,,5,,,EUR,,
3hhiC8yEn2tx0W6$uE_WXb,IFCWALL,Roof,,Facade,Wall,Exterior,20,N,,,,GEVEL,In Progress,Facade,95,Medium,Y,,,Facade/Masonry Subcontractor,,,,,,FAC-0,Subcontract,,,,,,,,,,,5,,,EUR,,
2vp_usBx12Y9PoQVOVdAFF,IFCWALL,Roof,,Facade,Wall,Exterior,20,N,,,,GEVEL,In Progress,Facade,95,Medium,Y,,,Facade/Masonry Subcontractor,,,,,,FAC-0,Subcontract,,,,,,,,,,,5,,,EUR,,
2xwBlNrYfAchV3j2l7PQmO,IFCWALL,Roof,,Facade,Wall,Exterior,20,N,,,,GEVEL,In Progress,Facade,95,Medium,Y,,,Facade/Masonry Subcontractor,,,,,,FAC-0,Subcontract,,,,,,,,,,,5,,,EUR,,
1eNXen6OD4JOmh7NdHP9jp,IFCWALL,Roof,,Facade,Wall,Exterior,20,N,,,,GEVEL,In Progress,Facade,95,Medium,Y,,,Facade/Masonry Subcontractor,,,,,,FAC-0,Subcontract,,,,,,,,,,,5,,,EUR,,
3qg7Wwbh5AgulDFXBaIFZA,IFCWALL,Roof,,Facade,Wall,Exterior,20,N,,,,GEVEL,In Progress,Facade,95,Medium,Y,,,Facade/Masonry Subcontractor,,,,,,FAC-0,Subcontract,,,,,,,,,,,5,,,EUR,,
1YU8aaFOD8OPwDOmgEQKhm,IFCWALL,Roof,,Facade,Wall,Exterior,20,N,,,,GEVEL,In Progress,Facade,95,Medium,Y,,,Facade/Masonry Subcontractor,,,,,,FAC-0,Subcontract,,,,,,,,,,,5,,,EUR,,
0waDvH$z1BAuy6RDYVrspu,IFCWALL,Roof,,Facade,Wall,Exterior,20,N,,,,GEVEL,In Progress,Facade,95,Medium,Y,,,Facade/Masonry Subcontractor,,,,,,FAC-0,Subcontract,,,,,,,,,,,5,,,EUR,,
3k9bZEdJLCwuXfzWidDJzy,IFCWALL,Roof,,Facade,Wall,Exterior,20,N,,,,GEVEL,In Progress,Facade,95,Medium,Y,,,Facade/Masonry Subcontractor,,,,,,FAC-0,Subcontract,,,,,,,,,,,5,,,EUR,,
3UBXqYk8n2BvnMbkKRXzyl,IFCWALL,Roof,,Facade,Wall,Exterior,20,N,,,,GEVEL,In Progress,Facade,95,Medium,Y,,,Facade/Masonry Subcontractor,,,,,,FAC-0,Subcontract,,,,,,,,,,,5,,,EUR,,
0l9eFmlAD0bPx_2$7MDd3z,IFCWALL,Roof,,Facade,Wall,Exterior,20,N,,,,GEVEL,In Progress,Facade,95,Medium,Y,,,Facade/Masonry Subcontractor,,,,,,FAC-0,Subcontract,,,,,,,,,,,5,,,EUR,,
1uUPZpr3j4Lhny6RrkUukO,IFCWALL,Roof,,Facade,Wall,Exterior,20,N,,,,GEVEL,In Progress,Facade,95,Medium,Y,,,Facade/Masonry Subcontractor,,,,,,FAC-0,Subcontract,,,,,,,,,,,5,,,EUR,,
1DmuGbPJ91dw5Kcyo77jdx,IFCWALL,Roof,,Facade,Wall,Exterior,20,N,,,,GEVEL,In Progress,Facade,95,Medium,Y,,,Facade/Masonry Subcontractor,,,,,,FAC-0,Subcontract,,,,,,,,,,,5,,,EUR,,
3OJXj65Af8H9Kb3GdS63X8,IFCWALL,Roof,,Facade,Wall,Exterior,20,N,,,,GEVEL,In Progress,Facade,95,Medium,Y,,,Facade/Masonry Subcontractor,,,,,,FAC-0,Subcontract,,,,,,,,,,,5,,,EUR,,
2Oyl7MsmPBX8QuVAq0wJYB,IFCWALL,Roof,,Facade,Wall,Exterior,20,N,,,,GEVEL,In Progress,Facade,95,Medium,Y,,,Facade/Masonry Subcontractor,,,,,,FAC-0,Subcontract,,,,,,,,,,,5,,,EUR,,
0Zx4cqrajBR8O5_p97fE50,IFCWALL,Roof,,Facade,Wall,Exterior,20,N,,,,GEVEL,In Progress,Facade,95,Medium,Y,,,Facade/Masonry Subcontractor,,,,,,FAC-0,Subcontract,,,,,,,,,,,5,,,EUR,,
2KGpm9zbnERBaMzt8D8bA0,IFCWALL,Roof,,Facade,Wall,Exterior,20,N,,,,GEVEL,In Progress,Facade,95,Medium,Y,,,Facade/Masonry Subcontractor,,,,,,FAC-0,Subcontract,,,,,,,,,,,5,,,EUR,,
1FgbE$IVbDyuVsaYa7Qy5Q,IFCWALL,Roof,,Facade,Wall,Exterior,20,N,,,,GEVEL,In Progress,Facade,95,Medium,Y,,,Facade/Masonry Subcontractor,,,,,,FAC-0,Subcontract,,,,,,,,,,,5,,,EUR,,
1nOs6Hg0v9fR$sLR1LjIyX,IFCWALLSTANDARDCASE,Foundation,,Facade,Wall,Exterior,20,N,,,,GEVEL,In Progress,Facade,95,Medium,Y,,,Facade/Masonry Subcontractor,,,,,,FAC-0,Subcontract,,,,,,,,,,,5,,,EUR,,
1bxNK1wJ15XRDckLWQ$BAb,IFCWALLSTANDARDCASE,Foundation,,Facade,Wall,Exterior,20,N,,,,GEVEL,In Progress,Facade,95,Medium,Y,,,Facade/Masonry Subcontractor,,,,,,FAC-0,Subcontract,,,,,,,,,,,5,,,EUR,,
3nFC64uPPAXefSRxq6JPqA,IFCWALLSTANDARDCASE,Foundation,,Facade,Wall,Exterior,20,N,,,,GEVEL,In Progress,Facade,95,Medium,Y,,,Facade/Masonry Subcontractor,,,,,,FAC-0,Subcontract,,,,,,,,,,,5,,,EUR,,
06FuADHCz36hBoAywogP5m,IFCWALLSTANDARDCASE,Foundation,,Facade,Wall,Exterior,20,N,,,,GEVEL,In Progress,Facade,95,Medium,Y,,,Facade/Masonry Subcontractor,,,,,,FAC-0,Subcontract,,,,,,,,,,,5,,,EUR,,
2KDiiUOLb3WAKWvMvjXliZ,IFCWALLSTANDARDCASE,Foundation,,Facade,Wall,Exterior,20,N,,,,GEVEL,In Progress,Facade,95,Medium,Y,,,Facade/Masonry Subcontractor,,,,,,FAC-0,Subcontract,,,,,,,,,,,5,,,EUR,,
3HN6IBOw1BKQP$d73uzLdY,IFCWALLSTANDARDCASE,Foundation,,Facade,Wall,Exterior,20,N,,,,GEVEL,In Progress,Facade,95,Medium,Y,,,Facade/Masonry Subcontractor,,,,,,FAC-0,Subcontract,,,,,,,,,,,5,,,EUR,,
24_ACX2uf3DQHvDbd2z98c,IFCWALLSTANDARDCASE,Foundation,,Facade,Wall,Exterior,20,N,,,,GEVEL,In Progress,Facade,95,Medium,Y,,,Facade/Masonry Subcontractor,,,,,,FAC-0,Subcontract,,,,,,,,,,,5,,,EUR,,
0p5DTahObB4gZyJfnNXgRR,IFCWALLSTANDARDCASE,Foundation,,Facade,Wall,Exterior,20,N,,,,GEVEL,In Progress,Facade,95,Medium,Y,,,Facade/Masonry Subcontractor,,,,,,FAC-0,Subcontract,,,,,,,,,,,5,,,EUR,,
1MmZYEKF5Fjg0U$Axhtgap,IFCWALLSTANDARDCASE,Foundation,,Facade,Wall,Exterior,20,N,,,,GEVEL,In Progress,Facade,95,Medium,Y,,,Facade/Masonry Subcontractor,,,,,,FAC-0,Subcontract,,,,,,,,,,,5,,,EUR,,
390EuePXb0OhjRV8d6hXqE,IFCWALLSTANDARDCASE,Foundation,,Facade,Wall,Exterior,20,N,,,,GEVEL,In Progress,Facade,95,Medium,Y,,,Facade/Masonry Subcontractor,,,,,,FAC-0,Subcontract,,,,,,,,,,,5,,,EUR,,
30PtVh$Bz9RxwCgystZdJF,IFCWALLSTANDARDCASE,Foundation,,Facade,Wall,Exterior,20,N,,,,GEVEL,In Progress,Facade,95,Medium,Y,,,Facade/Masonry Subcontractor,,,,,,FAC-0,Subcontract,,,,,,,,,,,5,,,EUR,,
3rm7AtWY9BCBlzkw8$VplC,IFCWALLSTANDARDCASE,Foundation,,Facade,Wall,Exterior,20,N,,,,GEVEL,In Progress,Facade,95,Medium,Y,,,Facade/Masonry Subcontractor,,,,,,FAC-0,Subcontract,,,,,,,,,,,5,,,EUR,,
0oDaXCEUb4qRApwJFIFZGb,IFCWALLSTANDARDCASE,Foundation,,Facade,Wall,Exterior,20,N,,,,GEVEL,In Progress,Facade,95,Medium,Y,,,Facade/Masonry Subcontractor,,,,,,FAC-0,Subcontract,,,,,,,,,,,5,,,EUR,,
02pJnwninFKefvu_ivlXzM,IFCWALLSTANDARDCASE,Foundation,,Facade,Wall,Exterior,20,N,,,,GEVEL,In Progress,Facade,95,Medium,Y,,,Facade/Masonry Subcontractor,,,,,,FAC-0,Subcontract,,,,,,,,,,,5,,,EUR,,
0_4DdazE95P956DJ3xDRfk,IFCWALLSTANDARDCASE,Ground Floor,Apartment 3,Structural,Wall,Interior,1,N,44,Original,,UITVOERING,Complete,Structural,100,High,N,8 hrs (1 day),5.6,Main Contractor - Structural Crew,1.0036,40,,,40,STR-0,Subcontract,"Surveying / setting out, ground floor slab",176.08,556.88,986.05,1542.93,1658.66,115.73,7.5,1779.47,1658.66,5,82.93,Invoiced,EUR,2015-04-10,
21dR9W9x91fvuQePLPaWmj,IFCWALLSTANDARDCASE,Ground Floor,Apartment 3,Structural,Wall,Exterior,1,N,44,Original,,UITVOERING,Complete,Structural,100,High,N,8 hrs (1 day),5.6,Main Contractor - Structural Crew,1.0036,40,,,40,STR-0,Subcontract,"Surveying / setting out, ground floor slab",176.08,556.88,986.05,1542.93,1658.66,115.73,7.5,1779.47,1658.66,5,82.93,Invoiced,EUR,2015-04-10,
2FEj_vwVnA0wmw3ugle$qu,IFCWALLSTANDARDCASE,Ground Floor,Apartment 2,Structural,Wall,Exterior,1,N,44,Original,,UITVOERING,Complete,Structural,100,High,N,8 hrs (1 day),5.6,Main Contractor - Structural Crew,1.0036,40,,,40,STR-0,Subcontract,"Surveying / setting out, ground floor slab",176.08,556.88,986.05,1542.93,1658.66,115.73,7.5,1779.47,1658.66,5,82.93,Invoiced,EUR,2015-04-10,
0tcR38Brv6pOxSmBDiytX0,IFCWALLSTANDARDCASE,Ground Floor,Apartment 1,Structural,Wall,Exterior,1,N,44,Original,,UITVOERING,Complete,Structural,100,High,N,8 hrs (1 day),5.6,Main Contractor - Structural Crew,1.0036,40,,,40,STR-0,Subcontract,"Surveying / setting out, ground floor slab",176.08,556.88,986.05,1542.93,1658.66,115.73,7.5,1779.47,1658.66,5,82.93,Invoiced,EUR,2015-04-10,
24AsVNrK12ieTYzCHkhC5E,IFCWALLSTANDARDCASE,Ground Floor,,Structural,Wall,Interior,1,N,44,Original,,UITVOERING,Complete,Structural,100,High,N,8 hrs (1 day),5.6,Main Contractor - Structural Crew,1.0036,40,,,40,STR-0,Subcontract,"Surveying / setting out, ground floor slab",176.08,556.88,986.05,1542.93,1658.66,115.73,7.5,1779.47,1658.66,5,82.93,Invoiced,EUR,2015-04-10,
0JMWaqvB90a9vpyx$40t8U,IFCWALLSTANDARDCASE,Ground Floor,Apartment 1,Structural,Wall,Exterior,1,N,44,Original,,UITVOERING,Complete,Structural,100,High,N,8 hrs (1 day),5.6,Main Contractor - Structural Crew,1.0036,40,,,40,STR-0,Subcontract,"Surveying / setting out, ground floor slab",176.08,556.88,986.05,1542.93,1658.66,115.73,7.5,1779.47,1658.66,5,82.93,Invoiced,EUR,2015-04-10,
0_ig6A34vCA8BhO4VTs82C,IFCWALLSTANDARDCASE,Ground Floor,Apartment 1,Structural,Wall,Interior,1,N,44,Original,,UITVOERING,Complete,Structural,100,High,N,8 hrs (1 day),5.6,Main Contractor - Structural Crew,1.0036,40,,,40,STR-0,Subcontract,"Surveying / setting out, ground floor slab",176.08,556.88,986.05,1542.93,1658.66,115.73,7.5,1779.47,1658.66,5,82.93,Invoiced,EUR,2015-04-10,
33Kr6bhDfDw8cTao1b83Jj,IFCWALLSTANDARDCASE,Ground Floor,,Structural,Wall,Interior,1,N,44,Original,,UITVOERING,Complete,Structural,100,High,N,8 hrs (1 day),5.6,Main Contractor - Structural Crew,1.0036,40,,,40,STR-0,Subcontract,"Surveying / setting out, ground floor slab",176.08,556.88,986.05,1542.93,1658.66,115.73,7.5,1779.47,1658.66,5,82.93,Invoiced,EUR,2015-04-10,
2UekXAS9D7Axk7JFozbAzY,IFCWALLSTANDARDCASE,Ground Floor,,Structural,Wall,Interior,1,N,44,Original,,UITVOERING,Complete,Structural,100,High,N,8 hrs (1 day),5.6,Main Contractor - Structural Crew,1.0036,40,,,40,STR-0,Subcontract,"Surveying / setting out, ground floor slab",176.08,556.88,986.05,1542.93,1658.66,115.73,7.5,1779.47,1658.66,5,82.93,Invoiced,EUR,2015-04-10,
1Gd2wK2gTESAZkByEgtOjA,IFCWALLSTANDARDCASE,Ground Floor,Apartment 2,Structural,Wall,Interior,1,N,44,Original,,UITVOERING,Complete,Structural,100,High,N,8 hrs (1 day),5.6,Main Contractor - Structural Crew,1.0036,40,,,40,STR-0,Subcontract,"Surveying / setting out, ground floor slab",176.08,556.88,986.05,1542.93,1658.66,115.73,7.5,1779.47,1658.66,5,82.93,Invoiced,EUR,2015-04-10,
3GgWasL7D0fOL_Qpv72VFd,IFCWALLSTANDARDCASE,Ground Floor,Apartment 1,Structural,Wall,Interior,1,N,44,Original,,UITVOERING,Complete,Structural,100,High,N,8 hrs (1 day),5.6,Main Contractor - Structural Crew,1.0036,40,,,40,STR-0,Subcontract,"Surveying / setting out, ground floor slab",176.08,556.88,986.05,1542.93,1658.66,115.73,7.5,1779.47,1658.66,5,82.93,Invoiced,EUR,2015-04-10,
3y4kc37zvEUflqx63YvD_Y,IFCWALLSTANDARDCASE,Ground Floor,,Structural,Wall,Interior,1,N,44,Original,,UITVOERING,Complete,Structural,100,High,N,8 hrs (1 day),5.6,Main Contractor - Structural Crew,1.0036,40,,,40,STR-0,Subcontract,"Surveying / setting out, ground floor slab",176.08,556.88,986.05,1542.93,1658.66,115.73,7.5,1779.47,1658.66,5,82.93,Invoiced,EUR,2015-04-10,
0k3Fv57_HFQ9A8iOn_65kY,IFCWALLSTANDARDCASE,Ground Floor,Apartment 2,Structural,Wall,Exterior,1,N,44,Original,,UITVOERING,Complete,Structural,100,High,N,8 hrs (1 day),5.6,Main Contractor - Structural Crew,1.0036,40,,,40,STR-0,Subcontract,"Surveying / setting out, ground floor slab",176.08,556.88,986.05,1542.93,1658.66,115.73,7.5,1779.47,1658.66,5,82.93,Invoiced,EUR,2015-04-10,
2bPBntZlnEWQZkSXsG5rjA,IFCWALLSTANDARDCASE,Ground Floor,Apartment 1,Structural,Wall,Exterior,1,N,44,Original,,UITVOERING,Complete,Structural,100,High,N,8 hrs (1 day),5.6,Main Contractor - Structural Crew,1.0036,40,,,40,STR-0,Subcontract,"Surveying / setting out, ground floor slab",176.08,556.88,986.05,1542.93,1658.66,115.73,7.5,1779.47,1658.66,5,82.93,Invoiced,EUR,2015-04-10,
0sp70S3SL34xgjHRQAVzCH,IFCWALLSTANDARDCASE,Ground Floor,Apartment 2,Structural,Wall,Interior,1,N,44,Original,,UITVOERING,Complete,Structural,100,High,N,8 hrs (1 day),5.6,Main Contractor - Structural Crew,1.0036,40,,,40,STR-0,Subcontract,"Surveying / setting out, ground floor slab",176.08,556.88,986.05,1542.93,1658.66,115.73,7.5,1779.47,1658.66,5,82.93,Invoiced,EUR,2015-04-10,
2jMXaMTy17tOYjMh68W7L1,IFCWALLSTANDARDCASE,Ground Floor,,Structural,Wall,Exterior,1,N,44,Original,,UITVOERING,Complete,Structural,100,High,N,8 hrs (1 day),5.6,Main Contractor - Structural Crew,1.0036,40,,,40,STR-0,Subcontract,"Surveying / setting out, ground floor slab",176.08,556.88,986.05,1542.93,1658.66,115.73,7.5,1779.47,1658.66,5,82.93,Invoiced,EUR,2015-04-10,
05OARqtmL1oADCPKfx3yQP,IFCWALLSTANDARDCASE,Ground Floor,,Structural,Wall,Exterior,1,N,44,Original,,UITVOERING,Complete,Structural,100,High,N,8 hrs (1 day),5.6,Main Contractor - Structural Crew,1.0036,40,,,40,STR-0,Subcontract,"Surveying / setting out, ground floor slab",176.08,556.88,986.05,1542.93,1658.66,115.73,7.5,1779.47,1658.66,5,82.93,Invoiced,EUR,2015-04-10,
1A9aTEU4z9SwaqEUwI8Lx4,IFCWALLSTANDARDCASE,Ground Floor,,Facade,Wall,Exterior,5,N,,Added (synthetic),,GEVEL,Not Started,Facade,0,Medium,Y,,,Facade/Masonry Subcontractor,,,,,,FAC-0,Subcontract,,,,,,,,,,,5,,,EUR,,
2qmQa8nAP39u6po5334l9v,IFCWALLSTANDARDCASE,Ground Floor,,Facade,Wall,Exterior,5,N,,Added (synthetic),,GEVEL,Not Started,Facade,0,Medium,Y,,,Facade/Masonry Subcontractor,,,,,,FAC-0,Subcontract,,,,,,,,,,,5,,,EUR,,
1tcWGl1LzD4PaO22w5iJ$y,IFCWALLSTANDARDCASE,Ground Floor,,Facade,Wall,Exterior,5,N,,Added (synthetic),,GEVEL,Not Started,Facade,0,Medium,Y,,,Facade/Masonry Subcontractor,,,,,,FAC-0,Subcontract,,,,,,,,,,,5,,,EUR,,
148inggZz0fAp_L7YGDBl6,IFCWALLSTANDARDCASE,Ground Floor,,Facade,Wall,Exterior,5,N,,Added (synthetic),,GEVEL,Not Started,Facade,0,Medium,Y,,,Facade/Masonry Subcontractor,,,,,,FAC-0,Subcontract,,,,,,,,,,,5,,,EUR,,
1mT7Bow8PF7PF6vCUEchmm,IFCWALLSTANDARDCASE,Ground Floor,,Facade,Wall,Exterior,5,N,,Added (synthetic),,GEVEL,Not Started,Facade,0,Medium,Y,,,Facade/Masonry Subcontractor,,,,,,FAC-0,Subcontract,,,,,,,,,,,5,,,EUR,,
0eZiD1rUvDiRlrDMG3tx8T,IFCWALLSTANDARDCASE,Ground Floor,,Facade,Wall,Exterior,5,N,,Added (synthetic),,GEVEL,Not Started,Facade,0,Medium,Y,,,Facade/Masonry Subcontractor,,,,,,FAC-0,Subcontract,,,,,,,,,,,5,,,EUR,,
07KefAgD14SecYqb_G4vxC,IFCWALLSTANDARDCASE,Ground Floor,,Facade,Wall,Exterior,5,N,,Added (synthetic),,GEVEL,Not Started,Facade,0,Medium,Y,,,Facade/Masonry Subcontractor,,,,,,FAC-0,Subcontract,,,,,,,,,,,5,,,EUR,,
3bi7XzqxrAgvdZxFnRwTdg,IFCWALLSTANDARDCASE,Ground Floor,,Facade,Wall,Exterior,5,N,,Added (synthetic),,GEVEL,Not Started,Facade,0,Medium,Y,,,Facade/Masonry Subcontractor,,,,,,FAC-0,Subcontract,,,,,,,,,,,5,,,EUR,,
0GzsBzJf5A2f5drvUenvXI,IFCWALLSTANDARDCASE,Ground Floor,,Facade,Wall,Exterior,5,N,,Added (synthetic),,GEVEL,Not Started,Facade,0,Medium,Y,,,Facade/Masonry Subcontractor,,,,,,FAC-0,Subcontract,,,,,,,,,,,5,,,EUR,,
0A$dxBFCfD698O7H1hW$fd,IFCWALLSTANDARDCASE,Ground Floor,,Facade,Wall,Exterior,5,N,,Added (synthetic),,GEVEL,Not Started,Facade,0,Medium,Y,,,Facade/Masonry Subcontractor,,,,,,FAC-0,Subcontract,,,,,,,,,,,5,,,EUR,,
0Nj60ieO55uBt_I0iEvvde,IFCWALLSTANDARDCASE,Ground Floor,,Facade,Wall,Exterior,5,N,,Added (synthetic),,GEVEL,Not Started,Facade,0,Medium,Y,,,Facade/Masonry Subcontractor,,,,,,FAC-0,Subcontract,,,,,,,,,,,5,,,EUR,,
1MYwCqSdv7Ix8uPO8cUAsK,IFCWALLSTANDARDCASE,Ground Floor,,Facade,Wall,Exterior,5,N,,Added (synthetic),,GEVEL,Not Started,Facade,0,Medium,Y,,,Facade/Masonry Subcontractor,,,,,,FAC-0,Subcontract,,,,,,,,,,,5,,,EUR,,
1Ujkg0Sv91WPYvXF6dYBBV,IFCWALLSTANDARDCASE,Ground Floor,,Facade,Wall,Exterior,5,N,,Added (synthetic),,GEVEL,Not Started,Facade,0,Medium,Y,,,Facade/Masonry Subcontractor,,,,,,FAC-0,Subcontract,,,,,,,,,,,5,,,EUR,,
0GioG4iQzA1OyX4F47kc4a,IFCWALLSTANDARDCASE,Ground Floor,,Facade,Wall,Exterior,5,N,,Added (synthetic),,GEVEL,Not Started,Facade,0,Medium,Y,,,Facade/Masonry Subcontractor,,,,,,FAC-0,Subcontract,,,,,,,,,,,5,,,EUR,,
0ItgJO_EL9ThNZBqkAgxcV,IFCWALLSTANDARDCASE,Ground Floor,,Facade,Wall,Exterior,5,N,,Added (synthetic),,GEVEL,Not Started,Facade,0,Medium,Y,,,Facade/Masonry Subcontractor,,,,,,FAC-0,Subcontract,,,,,,,,,,,5,,,EUR,,
1virtZ$r5EUAHNnyzDVvgX,IFCWALLSTANDARDCASE,Ground Floor,,Facade,Wall,Exterior,5,N,,Added (synthetic),,GEVEL,Not Started,Facade,0,Medium,Y,,,Facade/Masonry Subcontractor,,,,,,FAC-0,Subcontract,,,,,,,,,,,5,,,EUR,,
2iybqz3VH31hQztnwzJ_m7,IFCWALLSTANDARDCASE,Ground Floor,,Facade,Wall,Exterior,5,N,,Added (synthetic),,GEVEL,Not Started,Facade,0,Medium,Y,,,Facade/Masonry Subcontractor,,,,,,FAC-0,Subcontract,,,,,,,,,,,5,,,EUR,,
1f_ym7cBPBg8lptVrtQpIa,IFCWALLSTANDARDCASE,Ground Floor,,Facade,Wall,Exterior,5,N,,Added (synthetic),,GEVEL,Not Started,Facade,0,Medium,Y,,,Facade/Masonry Subcontractor,,,,,,FAC-0,Subcontract,,,,,,,,,,,5,,,EUR,,
3XhijCDWT4ERsmhSDcEHtI,IFCWALLSTANDARDCASE,Ground Floor,,Facade,Wall,Exterior,5,N,,Added (synthetic),,GEVEL,Not Started,Facade,0,Medium,Y,,,Facade/Masonry Subcontractor,,,,,,FAC-0,Subcontract,,,,,,,,,,,5,,,EUR,,
1oHEx35PDDzQFKEx3RZUI5,IFCWALLSTANDARDCASE,Ground Floor,,Facade,Wall,Exterior,5,N,,Added (synthetic),,GEVEL,Not Started,Facade,0,Medium,Y,,,Facade/Masonry Subcontractor,,,,,,FAC-0,Subcontract,,,,,,,,,,,5,,,EUR,,
0RAk_ZkAf6gB8J5bo4h2r7,IFCWALLSTANDARDCASE,Ground Floor,,Facade,Wall,Exterior,5,N,,Added (synthetic),,GEVEL,Not Started,Facade,0,Medium,Y,,,Facade/Masonry Subcontractor,,,,,,FAC-0,Subcontract,,,,,,,,,,,5,,,EUR,,
356ZU40Tn3tvjGsP5aWnKD,IFCWALLSTANDARDCASE,Ground Floor,,Facade,Wall,Exterior,5,N,,Added (synthetic),,GEVEL,Not Started,Facade,0,Medium,Y,,,Facade/Masonry Subcontractor,,,,,,FAC-0,Subcontract,,,,,,,,,,,5,,,EUR,,
01hUAhn2r989LDYSpRx4VK,IFCWALLSTANDARDCASE,Ground Floor,,Facade,Wall,Exterior,5,N,,Added (synthetic),,GEVEL,Not Started,Facade,0,Medium,Y,,,Facade/Masonry Subcontractor,,,,,,FAC-0,Subcontract,,,,,,,,,,,5,,,EUR,,
2Hagr_o5nCPha8GzqG_2Pz,IFCWALLSTANDARDCASE,Ground Floor,,Facade,Wall,Exterior,5,N,,Added (synthetic),,GEVEL,Not Started,Facade,0,Medium,Y,,,Facade/Masonry Subcontractor,,,,,,FAC-0,Subcontract,,,,,,,,,,,5,,,EUR,,
1AtB01imf94g7vyKEx$EUO,IFCWALLSTANDARDCASE,Ground Floor,,Facade,Wall,Exterior,5,N,,Added (synthetic),,GEVEL,Not Started,Facade,0,Medium,Y,,,Facade/Masonry Subcontractor,,,,,,FAC-0,Subcontract,,,,,,,,,,,5,,,EUR,,
06vshORsrEVvjbvNCwwl$2,IFCWALLSTANDARDCASE,Ground Floor,,Facade,Wall,Exterior,5,N,,Added (synthetic),,GEVEL,Not Started,Facade,0,Medium,Y,,,Facade/Masonry Subcontractor,,,,,,FAC-0,Subcontract,,,,,,,,,,,5,,,EUR,,
36zbLfC19AzAp$d2fdItUB,IFCWALLSTANDARDCASE,Ground Floor,Apartment 3,Structural,Wall,Exterior,1,N,44,Original,,UITVOERING,Complete,Structural,100,High,N,8 hrs (1 day),5.6,Main Contractor - Structural Crew,1.0036,40,,,40,STR-0,Subcontract,"Surveying / setting out, ground floor slab",176.08,556.88,986.05,1542.93,1658.66,115.73,7.5,1779.47,1658.66,5,82.93,Invoiced,EUR,2015-04-10,
0vTAFL4d1DwxQSNiJxvejT,IFCWALLSTANDARDCASE,Ground Floor,,Facade,Wall,Exterior,5,N,,Added (synthetic),,GEVEL,Not Started,Facade,0,Medium,Y,,,Facade/Masonry Subcontractor,,,,,,FAC-0,Subcontract,,,,,,,,,,,5,,,EUR,,
1hWMKdA2X8793OkX5$OmQf,IFCWALLSTANDARDCASE,Ground Floor,,Facade,Wall,Exterior,5,N,,Added (synthetic),,GEVEL,Not Started,Facade,0,Medium,Y,,,Facade/Masonry Subcontractor,,,,,,FAC-0,Subcontract,,,,,,,,,,,5,,,EUR,,
0OeTVTjU5EHg8eoSvuD3f9,IFCWALLSTANDARDCASE,Ground Floor,,Facade,Wall,Exterior,5,N,,Added (synthetic),,GEVEL,Not Started,Facade,0,Medium,Y,,,Facade/Masonry Subcontractor,,,,,,FAC-0,Subcontract,,,,,,,,,,,5,,,EUR,,
3YPowjOjj46Aqmo9CcIrNd,IFCWALLSTANDARDCASE,Ground Floor,,Facade,Wall,Exterior,5,N,,Added (synthetic),,GEVEL,Not Started,Facade,0,Medium,Y,,,Facade/Masonry Subcontractor,,,,,,FAC-0,Subcontract,,,,,,,,,,,5,,,EUR,,
2SOFxehfn3JPJ42eH$gc$u,IFCWALLSTANDARDCASE,Ground Floor,,Facade,Wall,Exterior,5,N,,Added (synthetic),,GEVEL,Not Started,Facade,0,Medium,Y,,,Facade/Masonry Subcontractor,,,,,,FAC-0,Subcontract,,,,,,,,,,,5,,,EUR,,
36fadt$IzDJQp5auYj8rIY,IFCWALLSTANDARDCASE,Ground Floor,,Facade,Wall,Exterior,5,N,,Added (synthetic),,GEVEL,Not Started,Facade,0,Medium,Y,,,Facade/Masonry Subcontractor,,,,,,FAC-0,Subcontract,,,,,,,,,,,5,,,EUR,,
3KcIMVZ513EPkQumNhbyRn,IFCWALLSTANDARDCASE,Ground Floor,,Facade,Wall,Exterior,5,N,,Added (synthetic),,GEVEL,Not Started,Facade,0,Medium,Y,,,Facade/Masonry Subcontractor,,,,,,FAC-0,Subcontract,,,,,,,,,,,5,,,EUR,,
0zCNq_mof6gPonl4mLYuLv,IFCWALLSTANDARDCASE,Ground Floor,,Facade,Wall,Exterior,5,N,,Added (synthetic),,GEVEL,Not Started,Facade,0,Medium,Y,,,Facade/Masonry Subcontractor,,,,,,FAC-0,Subcontract,,,,,,,,,,,5,,,EUR,,
0IIlOCBsj3HgQHK5iljQCT,IFCWALLSTANDARDCASE,Ground Floor,,Facade,Wall,Exterior,5,N,,Added (synthetic),,GEVEL,Not Started,Facade,0,Medium,Y,,,Facade/Masonry Subcontractor,,,,,,FAC-0,Subcontract,,,,,,,,,,,5,,,EUR,,
1i4_mvNgv86Pj97Vy1f2eY,IFCWALLSTANDARDCASE,Ground Floor,,Facade,Wall,Exterior,5,N,,Added (synthetic),,GEVEL,Not Started,Facade,0,Medium,Y,,,Facade/Masonry Subcontractor,,,,,,FAC-0,Subcontract,,,,,,,,,,,5,,,EUR,,
1xxJ8dxUX8FO1xRHT446SR,IFCWALLSTANDARDCASE,Ground Floor,,Facade,Wall,Exterior,5,N,,Added (synthetic),,GEVEL,Not Started,Facade,0,Medium,Y,,,Facade/Masonry Subcontractor,,,,,,FAC-0,Subcontract,,,,,,,,,,,5,,,EUR,,
3fvHYcQET4afRMl3etTK4F,IFCWALLSTANDARDCASE,Ground Floor,,Facade,Wall,Exterior,5,N,,Added (synthetic),,GEVEL,Not Started,Facade,0,Medium,Y,,,Facade/Masonry Subcontractor,,,,,,FAC-0,Subcontract,,,,,,,,,,,5,,,EUR,,
2KG9S4Gt1FQALCzumz4aA4,IFCWALLSTANDARDCASE,Ground Floor,,Structural,Wall,Interior,1,N,44,Original,,UITVOERING,Complete,Structural,100,High,N,8 hrs (1 day),5.6,Main Contractor - Structural Crew,1.0036,40,,,40,STR-0,Subcontract,"Surveying / setting out, ground floor slab",176.08,556.88,986.05,1542.93,1658.66,115.73,7.5,1779.47,1658.66,5,82.93,Invoiced,EUR,2015-04-10,
0ZmS3bTmHEN9O1xmMHDik$,IFCWALLSTANDARDCASE,Ground Floor,,Structural,Wall,Interior,1,N,44,Original,,UITVOERING,Complete,Structural,100,High,N,8 hrs (1 day),5.6,Main Contractor - Structural Crew,1.0036,40,,,40,STR-0,Subcontract,"Surveying / setting out, ground floor slab",176.08,556.88,986.05,1542.93,1658.66,115.73,7.5,1779.47,1658.66,5,82.93,Invoiced,EUR,2015-04-10,
1oj0t$E6HCLgy3dI2OlRsM,IFCWALLSTANDARDCASE,Ground Floor,,Facade,Wall,Exterior,5,N,,Added (synthetic),,GEVEL,Not Started,Facade,0,Medium,Y,,,Facade/Masonry Subcontractor,,,,,,FAC-0,Subcontract,,,,,,,,,,,5,,,EUR,,
2ZLM_28ojBLQ7MioqA3Uef,IFCWALLSTANDARDCASE,Ground Floor,Apartment 2,Structural,Wall,Exterior,1,N,44,Original,,UITVOERING,Complete,Structural,100,High,N,8 hrs (1 day),5.6,Main Contractor - Structural Crew,1.0036,40,,,40,STR-0,Subcontract,"Surveying / setting out, ground floor slab",176.08,556.88,986.05,1542.93,1658.66,115.73,7.5,1779.47,1658.66,5,82.93,Invoiced,EUR,2015-04-10,
2myRdJgB9D0wiu$QoesY6D,IFCWALLSTANDARDCASE,Ground Floor,Apartment 2,Structural,Wall,Exterior,1,N,44,Original,,UITVOERING,Complete,Structural,100,High,N,8 hrs (1 day),5.6,Main Contractor - Structural Crew,1.0036,40,,,40,STR-0,Subcontract,"Surveying / setting out, ground floor slab",176.08,556.88,986.05,1542.93,1658.66,115.73,7.5,1779.47,1658.66,5,82.93,Invoiced,EUR,2015-04-10,
1WCZr3c7r05hqSejiWoWO4,IFCWALLSTANDARDCASE,Ground Floor,,Facade,Wall,Exterior,5,N,,Added (synthetic),,GEVEL,Not Started,Facade,0,Medium,Y,,,Facade/Masonry Subcontractor,,,,,,FAC-0,Subcontract,,,,,,,,,,,5,,,EUR,,
13hN5zL1L2fftXqB_Ac_WZ,IFCWALLSTANDARDCASE,Ground Floor,,Facade,Wall,Exterior,5,N,,Added (synthetic),,GEVEL,Not Started,Facade,0,Medium,Y,,,Facade/Masonry Subcontractor,,,,,,FAC-0,Subcontract,,,,,,,,,,,5,,,EUR,,
3m4OJLKQX4J9bJbE0bieP3,IFCWALLSTANDARDCASE,Ground Floor,,Facade,Wall,Exterior,5,N,,Added (synthetic),,GEVEL,Not Started,Facade,0,Medium,Y,,,Facade/Masonry Subcontractor,,,,,,FAC-0,Subcontract,,,,,,,,,,,5,,,EUR,,
0dv5m3Uyz21Ah3WBH5x$Lz,IFCWALLSTANDARDCASE,Ground Floor,,Facade,Wall,Exterior,5,N,,Added (synthetic),,GEVEL,Not Started,Facade,0,Medium,Y,,,Facade/Masonry Subcontractor,,,,,,FAC-0,Subcontract,,,,,,,,,,,5,,,EUR,,
3bBEEvVlvEOPrWs5bUkDsC,IFCWALLSTANDARDCASE,Ground Floor,Apartment 1,Finishing,Wall,Interior,27,N,,Added (synthetic),Apartment 1,AFBOUW,Not Started,Finishing,0,Low,N,,,Finishing Subcontractor,,,,,,FIN-0,Subcontract,,,,,,,,,,,5,,,EUR,,
2pjO5b_CT3kxxZIf3Tw3UH,IFCWALLSTANDARDCASE,Ground Floor,Apartment 1,Finishing,Wall,Interior,27,N,,Added (synthetic),Apartment 1,AFBOUW,Not Started,Finishing,0,Low,N,,,Finishing Subcontractor,,,,,,FIN-0,Subcontract,,,,,,,,,,,5,,,EUR,,
2b7WxLrT1FLu7GMANtCr5t,IFCWALLSTANDARDCASE,Ground Floor,Apartment 1,Finishing,Wall,Interior,27,N,,Added (synthetic),Apartment 1,AFBOUW,Not Started,Finishing,0,Low,N,,,Finishing Subcontractor,,,,,,FIN-0,Subcontract,,,,,,,,,,,5,,,EUR,,
2vERavliX7vPHqu2JyhRbq,IFCWALLSTANDARDCASE,Ground Floor,Apartment 1,Finishing,Wall,Interior,27,N,,Added (synthetic),Apartment 1,AFBOUW,Not Started,Finishing,0,Low,N,,,Finishing Subcontractor,,,,,,FIN-0,Subcontract,,,,,,,,,,,5,,,EUR,,
3WUNETxEDBHgxwkEJ1_F9C,IFCWALLSTANDARDCASE,Ground Floor,Apartment 1,Finishing,Wall,Interior,27,N,,Added (synthetic),Apartment 1,AFBOUW,Not Started,Finishing,0,Low,N,,,Finishing Subcontractor,,,,,,FIN-0,Subcontract,,,,,,,,,,,5,,,EUR,,
2lqfq7sKH8m9jYTXN7BC2$,IFCWALLSTANDARDCASE,Ground Floor,Apartment 2,Finishing,Wall,Interior,27,N,,Added (synthetic),Apartment 2,AFBOUW,Not Started,Finishing,0,Low,N,,,Finishing Subcontractor,,,,,,FIN-0,Subcontract,,,,,,,,,,,5,,,EUR,,
2b61I4AHX32vjsQH0d5lBm,IFCWALLSTANDARDCASE,Ground Floor,Apartment 2,Finishing,Wall,Interior,27,N,,Added (synthetic),Apartment 2,AFBOUW,Not Started,Finishing,0,Low,N,,,Finishing Subcontractor,,,,,,FIN-0,Subcontract,,,,,,,,,,,5,,,EUR,,
228l_jAhDCs8IltPd8fl$x,IFCWALLSTANDARDCASE,Ground Floor,Apartment 2,Finishing,Wall,Interior,27,N,,Added (synthetic),Apartment 2,AFBOUW,Not Started,Finishing,0,Low,N,,,Finishing Subcontractor,,,,,,FIN-0,Subcontract,,,,,,,,,,,5,,,EUR,,
0jzFz$TozAjQrbFqUARxz$,IFCWALLSTANDARDCASE,Ground Floor,Apartment 2,Finishing,Wall,Interior,27,N,,Added (synthetic),Apartment 2,AFBOUW,Not Started,Finishing,0,Low,N,,,Finishing Subcontractor,,,,,,FIN-0,Subcontract,,,,,,,,,,,5,,,EUR,,
0opoNTmV5DihPxS3qf88gc,IFCWALLSTANDARDCASE,Ground Floor,Apartment 2,Finishing,Wall,Interior,27,N,,Added (synthetic),Apartment 2,AFBOUW,Not Started,Finishing,0,Low,N,,,Finishing Subcontractor,,,,,,FIN-0,Subcontract,,,,,,,,,,,5,,,EUR,,
2N820yNsH7P9D_BMeGcEoL,IFCWALLSTANDARDCASE,Ground Floor,Apartment 2,Finishing,Wall,Interior,27,N,,Added (synthetic),Apartment 2,AFBOUW,Not Started,Finishing,0,Low,N,,,Finishing Subcontractor,,,,,,FIN-0,Subcontract,,,,,,,,,,,5,,,EUR,,
0uYipqPGHFivV8pH6oIeF6,IFCWALLSTANDARDCASE,Ground Floor,Apartment 2,Finishing,Wall,Interior,27,N,,Added (synthetic),Apartment 2,AFBOUW,Not Started,Finishing,0,Low,N,,,Finishing Subcontractor,,,,,,FIN-0,Subcontract,,,,,,,,,,,5,,,EUR,,
2fzWmLwVz2EfmQoLFRNg48,IFCWALLSTANDARDCASE,Ground Floor,Apartment 2,Finishing,Wall,Interior,27,N,,Added (synthetic),Apartment 2,AFBOUW,Not Started,Finishing,0,Low,N,,,Finishing Subcontractor,,,,,,FIN-0,Subcontract,,,,,,,,,,,5,,,EUR,,
129TmjQAD9ye2vA2ED4kH6,IFCWALLSTANDARDCASE,Ground Floor,Apartment 3,Finishing,Wall,Interior,27,N,,Added (synthetic),Apartment 3,AFBOUW,Not Started,Finishing,0,Low,N,,,Finishing Subcontractor,,,,,,FIN-0,Subcontract,,,,,,,,,,,5,,,EUR,,
0JA6_1Yrf0RQthH4oemj6g,IFCWALLSTANDARDCASE,Ground Floor,Apartment 3,Finishing,Wall,Interior,27,N,,Added (synthetic),Apartment 3,AFBOUW,Not Started,Finishing,0,Low,N,,,Finishing Subcontractor,,,,,,FIN-0,Subcontract,,,,,,,,,,,5,,,EUR,,
2nSc65nI157BNwwXccpxDw,IFCWALLSTANDARDCASE,Ground Floor,Apartment 3,Finishing,Wall,Interior,27,N,,Added (synthetic),Apartment 3,AFBOUW,Not Started,Finishing,0,Low,N,,,Finishing Subcontractor,,,,,,FIN-0,Subcontract,,,,,,,,,,,5,,,EUR,,
1NXgN45uzABPTg9bKlCFYR,IFCWALLSTANDARDCASE,Ground Floor,Apartment 3,Finishing,Wall,Interior,27,N,,Added (synthetic),Apartment 3,AFBOUW,Not Started,Finishing,0,Low,N,,,Finishing Subcontractor,,,,,,FIN-0,Subcontract,,,,,,,,,,,5,,,EUR,,
23nSY_Wdr7lRZ4bELCuUa$,IFCWALLSTANDARDCASE,Ground Floor,Apartment 3,Finishing,Wall,Interior,27,N,,Added (synthetic),Apartment 3,AFBOUW,Not Started,Finishing,0,Low,N,,,Finishing Subcontractor,,,,,,FIN-0,Subcontract,,,,,,,,,,,5,,,EUR,,
3zCgRefMzFTuEzSGylppUP,IFCWALLSTANDARDCASE,Ground Floor,Apartment 3,Finishing,Wall,Interior,27,N,,Added (synthetic),Apartment 3,AFBOUW,Not Started,Finishing,0,Low,N,,,Finishing Subcontractor,,,,,,FIN-0,Subcontract,,,,,,,,,,,5,,,EUR,,
2x8r6mt6H0iR0MeEuwtMRQ,IFCWALLSTANDARDCASE,Ground Floor,Apartment 3,Finishing,Wall,Interior,27,N,,Added (synthetic),Apartment 3,AFBOUW,Not Started,Finishing,0,Low,N,,,Finishing Subcontractor,,,,,,FIN-0,Subcontract,,,,,,,,,,,5,,,EUR,,
1VtXJdt4L7kv9XQ9k2M6LK,IFCWALLSTANDARDCASE,Ground Floor,Apartment 3,Finishing,Wall,Interior,27,N,,Added (synthetic),Apartment 3,AFBOUW,Not Started,Finishing,0,Low,N,,,Finishing Subcontractor,,,,,,FIN-0,Subcontract,,,,,,,,,,,5,,,EUR,,
3q8aQLG$L6gAja8u0czfoL,IFCWALLSTANDARDCASE,Ground Floor,Apartment 3,Finishing,Wall,Interior,27,N,,Added (synthetic),Apartment 3,AFBOUW,Not Started,Finishing,0,Low,N,,,Finishing Subcontractor,,,,,,FIN-0,Subcontract,,,,,,,,,,,5,,,EUR,,
3u_b3DOQ16afvB2LeI3Bn3,IFCWALLSTANDARDCASE,Ground Floor,Apartment 1,Finishing,Wall,Interior,27,N,,Added (synthetic),Apartment 1,AFBOUW,Not Started,Finishing,0,Low,N,,,Finishing Subcontractor,,,,,,FIN-0,Subcontract,,,,,,,,,,,5,,,EUR,,
2dOn0Rxx9BM94apjsEB5vG,IFCWALLSTANDARDCASE,Ground Floor,Apartment 2,Finishing,Wall,Interior,27,N,,Added (synthetic),Apartment 2,AFBOUW,Not Started,Finishing,0,Low,N,,,Finishing Subcontractor,,,,,,FIN-0,Subcontract,,,,,,,,,,,5,,,EUR,,
1cqatVBUbE7ulPbW1qGfHB,IFCWALLSTANDARDCASE,Ground Floor,Apartment 2,Finishing,Wall,Interior,27,N,,Added (synthetic),Apartment 2,AFBOUW,Not Started,Finishing,0,Low,N,,,Finishing Subcontractor,,,,,,FIN-0,Subcontract,,,,,,,,,,,5,,,EUR,,
3uK_yBk8z6lRGEp4$AHAFc,IFCWALLSTANDARDCASE,Ground Floor,Apartment 2,Finishing,Wall,Interior,27,N,,Added (synthetic),Apartment 2,AFBOUW,Not Started,Finishing,0,Low,N,,,Finishing Subcontractor,,,,,,FIN-0,Subcontract,,,,,,,,,,,5,,,EUR,,
03H6xp_QD6g83v4Lwkmveh,IFCWALLSTANDARDCASE,Ground Floor,Apartment 2,Finishing,Wall,Interior,27,N,,Added (synthetic),Apartment 2,AFBOUW,Not Started,Finishing,0,Low,N,,,Finishing Subcontractor,,,,,,FIN-0,Subcontract,,,,,,,,,,,5,,,EUR,,
1fHeY3m7nFlxdWcaufG5ZK,IFCWALLSTANDARDCASE,Ground Floor,,Finishing,Wall,Interior,1,N,,Added (synthetic),,GEVEL,Not Started,Finishing,0,Low,N,16 hrs (2 days),11.9,Finishing Subcontractor,2.0018,149,148,150,149,FIN-0,Subcontract,"Balcony railing installation, Ground Floor",18.56,796.48,220.86,1017.34,1126.81,109.47,10.8,1179.25,1146.09,5,56.34,Pending,EUR,2015-06-18,
1G1K7K61r3jxyH3FUlbbvN,IFCWALLSTANDARDCASE,Ground Floor,Apartment 2,Finishing,Wall,Interior,27,N,,Added (synthetic),Apartment 2,AFBOUW,Not Started,Finishing,0,Low,N,,,Finishing Subcontractor,,,,,,FIN-0,Subcontract,,,,,,,,,,,5,,,EUR,,
1e3LLVW_12PPIMvff5kUE_,IFCWALLSTANDARDCASE,Ground Floor,Apartment 2,Finishing,Wall,Interior,27,N,,Added (synthetic),Apartment 2,AFBOUW,Not Started,Finishing,0,Low,N,,,Finishing Subcontractor,,,,,,FIN-0,Subcontract,,,,,,,,,,,5,,,EUR,,
2tetrk$QnA49mTczDExu06,IFCWALLSTANDARDCASE,Ground Floor,Apartment 2,Finishing,Wall,Interior,27,N,,Added (synthetic),Apartment 2,AFBOUW,Not Started,Finishing,0,Low,N,,,Finishing Subcontractor,,,,,,FIN-0,Subcontract,,,,,,,,,,,5,,,EUR,,
0MqRD9mj90_OBPCfUN$DCW,IFCWALLSTANDARDCASE,Ground Floor,,Finishing,Wall,Interior,1,N,,Added (synthetic),,GEVEL,Not Started,Finishing,0,Low,N,16 hrs (2 days),11.9,Finishing Subcontractor,2.0018,149,148,150,149,FIN-0,Subcontract,"Balcony railing installation, Ground Floor",18.56,796.48,220.86,1017.34,1126.81,109.47,10.8,1179.25,1146.09,5,56.34,Pending,EUR,2015-06-18,
1BnMt3vVfFpBiFgNfeOg7r,IFCWALLSTANDARDCASE,Ground Floor,,Structural,Wall,Interior,1,N,44,Original,,UITVOERING,Complete,Structural,100,High,N,8 hrs (1 day),5.6,Main Contractor - Structural Crew,1.0036,40,,,40,STR-0,Subcontract,"Surveying / setting out, ground floor slab",176.08,556.88,986.05,1542.93,1658.66,115.73,7.5,1779.47,1658.66,5,82.93,Invoiced,EUR,2015-04-10,
1OLZLl3a18pQTsfuMNKOWg,IFCWALLSTANDARDCASE,Ground Floor,Apartment 3,Finishing,Wall,Interior,27,N,,Added (synthetic),Apartment 3,AFBOUW,Not Started,Finishing,0,Low,N,,,Finishing Subcontractor,,,,,,FIN-0,Subcontract,,,,,,,,,,,5,,,EUR,,
3Dr$ZMMa98fvt8EYMKh14n,IFCWALLSTANDARDCASE,Ground Floor,Apartment 1,Finishing,Wall,Interior,27,N,,Added (synthetic),Apartment 1,AFBOUW,Not Started,Finishing,0,Low,N,,,Finishing Subcontractor,,,,,,FIN-0,Subcontract,,,,,,,,,,,5,,,EUR,,
3wdTux4mr1TeVnxQ0KiOLe,IFCWALLSTANDARDCASE,Ground Floor,Apartment 2,Finishing,Wall,Interior,27,N,,Added (synthetic),Apartment 2,AFBOUW,Not Started,Finishing,0,Low,N,,,Finishing Subcontractor,,,,,,FIN-0,Subcontract,,,,,,,,,,,5,,,EUR,,
2_xwfAnHjEGheqbGUc$BD5,IFCWALLSTANDARDCASE,First Floor,,Facade,Wall,Exterior,5,N,,Added (synthetic),,GEVEL,Not Started,Facade,0,Medium,Y,,,Facade/Masonry Subcontractor,,,,,,FAC-0,Subcontract,,,,,,,,,,,5,,Pending,EUR,,
1beNKg3CL4DfsMvrzccZGK,IFCWALLSTANDARDCASE,First Floor,,Facade,Wall,Exterior,5,N,,Added (synthetic),,GEVEL,Not Started,Facade,0,Medium,Y,,,Facade/Masonry Subcontractor,,,,,,FAC-0,Subcontract,,,,,,,,,,,5,,Pending,EUR,,
27SAqTJ4n1cfkb4yN$O3Ny,IFCWALLSTANDARDCASE,First Floor,,Facade,Wall,Exterior,5,N,,Added (synthetic),,GEVEL,Not Started,Facade,0,Medium,Y,,,Facade/Masonry Subcontractor,,,,,,FAC-0,Subcontract,,,,,,,,,,,5,,Pending,EUR,,
0W7j$v4vD3yRYaWSNgQcv2,IFCWALLSTANDARDCASE,First Floor,,Structural,Wall,Exterior,36,N,,Original,,UITVOERING,Complete,Structural,100,High,Yes,,,Main Contractor - Structural Crew,,,,,,STR-0,Subcontract,,,,,,,,,,,5,,,EUR,,
3PZVRZoyjCPBphjdTHYUqQ,IFCWALLSTANDARDCASE,First Floor,,Structural,Wall,Exterior,36,N,,Original,,UITVOERING,Complete,Structural,100,High,Yes,,,Main Contractor - Structural Crew,,,,,,STR-0,Subcontract,,,,,,,,,,,5,,,EUR,,
36OsTfoWX4eg8RrFRpldHA,IFCWALLSTANDARDCASE,First Floor,,Structural,Wall,Exterior,36,N,,Original,,UITVOERING,Complete,Structural,100,High,Yes,,,Main Contractor - Structural Crew,,,,,,STR-0,Subcontract,,,,,,,,,,,5,,,EUR,,
3HGDkJWG95UBZE0EMTLl3$,IFCWALLSTANDARDCASE,First Floor,,Structural,Wall,Interior,36,N,,Original,,UITVOERING,Complete,Structural,100,High,Yes,,,Main Contractor - Structural Crew,,,,,,STR-0,Subcontract,,,,,,,,,,,5,,,EUR,,
1U2uLr_Iv7fAUjTUySx2R3,IFCWALLSTANDARDCASE,First Floor,,Structural,Wall,Exterior,36,N,,Original,,UITVOERING,Complete,Structural,100,High,Yes,,,Main Contractor - Structural Crew,,,,,,STR-0,Subcontract,,,,,,,,,,,5,,,EUR,,
3PxcgMX$j6XBsE4BpxQwRG,IFCWALLSTANDARDCASE,First Floor,,Structural,Wall,Exterior,36,N,,Original,,UITVOERING,Complete,Structural,100,High,Yes,,,Main Contractor - Structural Crew,,,,,,STR-0,Subcontract,,,,,,,,,,,5,,,EUR,,
1f5AtB78TCSfLPJ75qhQVd,IFCWALLSTANDARDCASE,First Floor,,Structural,Wall,Exterior,36,N,,Original,,UITVOERING,Complete,Structural,100,High,Yes,,,Main Contractor - Structural Crew,,,,,,STR-0,Subcontract,,,,,,,,,,,5,,,EUR,,
07o2mHpkH4_PxUBc290w3Z,IFCWALLSTANDARDCASE,First Floor,,Facade,Wall,Exterior,5,N,,Added (synthetic),,GEVEL,Not Started,Facade,0,Medium,Y,,,Facade/Masonry Subcontractor,,,,,,FAC-0,Subcontract,,,,,,,,,,,5,,Pending,EUR,,
0$YDCcbYPB0wRxDYucu1$k,IFCWALLSTANDARDCASE,First Floor,,Facade,Wall,Exterior,5,N,,Added (synthetic),,GEVEL,Not Started,Facade,0,Medium,Y,,,Facade/Masonry Subcontractor,,,,,,FAC-0,Subcontract,,,,,,,,,,,5,,Pending,EUR,,
0LxscyRCL35PTDOLAAjfSI,IFCWALLSTANDARDCASE,First Floor,,Facade,Wall,Exterior,5,N,,Added (synthetic),,GEVEL,Not Started,Facade,0,Medium,Y,,,Facade/Masonry Subcontractor,,,,,,FAC-0,Subcontract,,,,,,,,,,,5,,Pending,EUR,,
1kbGkmCozDwxyH6BQswrOc,IFCWALLSTANDARDCASE,First Floor,,Facade,Wall,Exterior,5,N,,Added (synthetic),,GEVEL,Not Started,Facade,0,Medium,Y,,,Facade/Masonry Subcontractor,,,,,,FAC-0,Subcontract,,,,,,,,,,,5,,Pending,EUR,,
1ir2UHdQfEdfEBkNwAW_9u,IFCWALLSTANDARDCASE,First Floor,,Facade,Wall,Exterior,5,N,,Added (synthetic),,GEVEL,Not Started,Facade,0,Medium,Y,,,Facade/Masonry Subcontractor,,,,,,FAC-0,Subcontract,,,,,,,,,,,5,,Pending,EUR,,
1DrFQ$L096euRQX3RpKz6f,IFCWALLSTANDARDCASE,First Floor,,Facade,Wall,Exterior,5,N,,Added (synthetic),,GEVEL,Not Started,Facade,0,Medium,Y,,,Facade/Masonry Subcontractor,,,,,,FAC-0,Subcontract,,,,,,,,,,,5,,Pending,EUR,,
1qHBiNfAHCHhBLrRv9Uyf5,IFCWALLSTANDARDCASE,First Floor,,Facade,Wall,Exterior,5,N,,Added (synthetic),,GEVEL,Not Started,Facade,0,Medium,Y,,,Facade/Masonry Subcontractor,,,,,,FAC-0,Subcontract,,,,,,,,,,,5,,Pending,EUR,,
0kWJnAkxrDEB6OzCYJGlDZ,IFCWALLSTANDARDCASE,First Floor,,Facade,Wall,Exterior,5,N,,Added (synthetic),,GEVEL,Not Started,Facade,0,Medium,Y,,,Facade/Masonry Subcontractor,,,,,,FAC-0,Subcontract,,,,,,,,,,,5,,Pending,EUR,,
1ES9GtArbBLv1n_CK2wxd2,IFCWALLSTANDARDCASE,First Floor,,Facade,Wall,Exterior,5,N,,Added (synthetic),,GEVEL,Not Started,Facade,0,Medium,Y,,,Facade/Masonry Subcontractor,,,,,,FAC-0,Subcontract,,,,,,,,,,,5,,Pending,EUR,,
2cxNc1U458jxM3uvZIlspS,IFCWALLSTANDARDCASE,First Floor,,Facade,Wall,Exterior,5,N,,Added (synthetic),,GEVEL,Not Started,Facade,0,Medium,Y,,,Facade/Masonry Subcontractor,,,,,,FAC-0,Subcontract,,,,,,,,,,,5,,Pending,EUR,,
2YbkLyzAX8sufEsj84l6uQ,IFCWALLSTANDARDCASE,First Floor,,Facade,Wall,Exterior,5,N,,Added (synthetic),,GEVEL,Not Started,Facade,0,Medium,Y,,,Facade/Masonry Subcontractor,,,,,,FAC-0,Subcontract,,,,,,,,,,,5,,Pending,EUR,,
0I$ApwjMb2WhHUnG9PohvA,IFCWALLSTANDARDCASE,First Floor,,Facade,Wall,Exterior,5,N,,Added (synthetic),,GEVEL,Not Started,Facade,0,Medium,Y,,,Facade/Masonry Subcontractor,,,,,,FAC-0,Subcontract,,,,,,,,,,,5,,Pending,EUR,,
1a3Bw$Plv1NBGNlNfFUZO_,IFCWALLSTANDARDCASE,First Floor,,Facade,Wall,Exterior,5,N,,Added (synthetic),,GEVEL,Not Started,Facade,0,Medium,Y,,,Facade/Masonry Subcontractor,,,,,,FAC-0,Subcontract,,,,,,,,,,,5,,Pending,EUR,,
0P9P2MTnDFWgpzAECWRMfc,IFCWALLSTANDARDCASE,First Floor,,Facade,Wall,Exterior,5,N,,Added (synthetic),,GEVEL,Not Started,Facade,0,Medium,Y,,,Facade/Masonry Subcontractor,,,,,,FAC-0,Subcontract,,,,,,,,,,,5,,Pending,EUR,,
14XsuvhErDaQe9Ghiv9NHI,IFCWALLSTANDARDCASE,First Floor,,Facade,Wall,Exterior,5,N,,Added (synthetic),,GEVEL,Not Started,Facade,0,Medium,Y,,,Facade/Masonry Subcontractor,,,,,,FAC-0,Subcontract,,,,,,,,,,,5,,Pending,EUR,,
3V$ApEXsL4kuuKln_RMzx7,IFCWALLSTANDARDCASE,First Floor,,Facade,Wall,Exterior,5,N,,Added (synthetic),,GEVEL,Not Started,Facade,0,Medium,Y,,,Facade/Masonry Subcontractor,,,,,,FAC-0,Subcontract,,,,,,,,,,,5,,Pending,EUR,,
2kHoPrvTH4mgO72z01pDOc,IFCWALLSTANDARDCASE,First Floor,,Facade,Wall,Exterior,5,N,,Added (synthetic),,GEVEL,Not Started,Facade,0,Medium,Y,,,Facade/Masonry Subcontractor,,,,,,FAC-0,Subcontract,,,,,,,,,,,5,,Pending,EUR,,
0d193_IC94VBo0OC8YxmOX,IFCWALLSTANDARDCASE,First Floor,,Facade,Wall,Exterior,5,N,,Added (synthetic),,GEVEL,Not Started,Facade,0,Medium,Y,,,Facade/Masonry Subcontractor,,,,,,FAC-0,Subcontract,,,,,,,,,,,5,,Pending,EUR,,
2T7$dTI398mR34m8VeIw4m,IFCWALLSTANDARDCASE,First Floor,,Facade,Wall,Exterior,5,N,,Added (synthetic),,GEVEL,Not Started,Facade,0,Medium,Y,,,Facade/Masonry Subcontractor,,,,,,FAC-0,Subcontract,,,,,,,,,,,5,,Pending,EUR,,
1X9_auq7fAKPab7CpdR8v7,IFCWALLSTANDARDCASE,First Floor,,Facade,Wall,Exterior,5,N,,Added (synthetic),,GEVEL,Not Started,Facade,0,Medium,Y,,,Facade/Masonry Subcontractor,,,,,,FAC-0,Subcontract,,,,,,,,,,,5,,Pending,EUR,,
2X9Gop0bn3_x38P_1PGdAJ,IFCWALLSTANDARDCASE,First Floor,,Facade,Wall,Exterior,5,N,,Added (synthetic),,GEVEL,Not Started,Facade,0,Medium,Y,,,Facade/Masonry Subcontractor,,,,,,FAC-0,Subcontract,,,,,,,,,,,5,,Pending,EUR,,
23NrJ1a$r1DOY9eePDI0DJ,IFCWALLSTANDARDCASE,First Floor,,Facade,Wall,Exterior,5,N,,Added (synthetic),,GEVEL,Not Started,Facade,0,Medium,Y,,,Facade/Masonry Subcontractor,,,,,,FAC-0,Subcontract,,,,,,,,,,,5,,Pending,EUR,,
2E0UIyR1D8MwHXB_I7Dkrt,IFCWALLSTANDARDCASE,First Floor,,Facade,Wall,Exterior,5,N,,Added (synthetic),,GEVEL,Not Started,Facade,0,Medium,Y,,,Facade/Masonry Subcontractor,,,,,,FAC-0,Subcontract,,,,,,,,,,,5,,Pending,EUR,,
2HHpDv_uDC4QWow2JwiAdZ,IFCWALLSTANDARDCASE,First Floor,,Structural,Wall,Interior,36,N,,Original,,UITVOERING,Complete,Structural,100,High,Yes,,,Main Contractor - Structural Crew,,,,,,STR-0,Subcontract,,,,,,,,,,,5,,,EUR,,
3YDoxP1AL2yOJ5bNO5Jiuq,IFCWALLSTANDARDCASE,First Floor,,Facade,Wall,Exterior,5,N,,Added (synthetic),,GEVEL,Not Started,Facade,0,Medium,Y,,,Facade/Masonry Subcontractor,,,,,,FAC-0,Subcontract,,,,,,,,,,,5,,Pending,EUR,,
2j63fN3Y59zRTHstj46MKH,IFCWALLSTANDARDCASE,First Floor,,Facade,Wall,Exterior,5,N,,Added (synthetic),,GEVEL,Not Started,Facade,0,Medium,Y,,,Facade/Masonry Subcontractor,,,,,,FAC-0,Subcontract,,,,,,,,,,,5,,Pending,EUR,,
0n3286K797DvQM_Fi5RIsM,IFCWALLSTANDARDCASE,First Floor,,Facade,Wall,Exterior,5,N,,Added (synthetic),,GEVEL,Not Started,Facade,0,Medium,Y,,,Facade/Masonry Subcontractor,,,,,,FAC-0,Subcontract,,,,,,,,,,,5,,Pending,EUR,,
2_aOxJ0vb20v1d5h5564dh,IFCWALLSTANDARDCASE,First Floor,,Facade,Wall,Exterior,5,N,,Added (synthetic),,GEVEL,Not Started,Facade,0,Medium,Y,,,Facade/Masonry Subcontractor,,,,,,FAC-0,Subcontract,,,,,,,,,,,5,,Pending,EUR,,
3gnRbbc8f6xQGyDQ_NG2tX,IFCWALLSTANDARDCASE,First Floor,,Facade,Wall,Exterior,5,N,,Added (synthetic),,GEVEL,Not Started,Facade,0,Medium,Y,,,Facade/Masonry Subcontractor,,,,,,FAC-0,Subcontract,,,,,,,,,,,5,,Pending,EUR,,
11emksH1TFfeNTGT$0J1nP,IFCWALLSTANDARDCASE,First Floor,,Structural,Wall,Exterior,36,N,,Original,,UITVOERING,Complete,Structural,100,High,Yes,,,Main Contractor - Structural Crew,,,,,,STR-0,Subcontract,,,,,,,,,,,5,,,EUR,,
1Xeom_rPb9RxptB79DEktP,IFCWALLSTANDARDCASE,First Floor,,Structural,Wall,Exterior,36,N,,Original,,UITVOERING,Complete,Structural,100,High,Yes,,,Main Contractor - Structural Crew,,,,,,STR-0,Subcontract,,,,,,,,,,,5,,,EUR,,
0hCGa0m7L5vxYadRPxstkw,IFCWALLSTANDARDCASE,First Floor,,Finishing,Wall,Interior,1,N,,Added (synthetic),,GEVEL,Not Started,Finishing,0,Low,N,16 hrs (2 days),9.4,Finishing Subcontractor,2.0024,155,154,156,155,FIN-0,Subcontract,"Balcony railing installation, First Floor",43.42,681.12,408.15,1089.27,1162.97,73.7,6.8,1206.9,1216.62,5,58.15,Pending,EUR,2015-07-01,
3JOyzS90z7NeKMHT$tWAAY,IFCWALLSTANDARDCASE,First Floor,,Finishing,Wall,Interior,1,N,,Added (synthetic),,GEVEL,Not Started,Finishing,0,Low,N,16 hrs (2 days),9.4,Finishing Subcontractor,2.0024,155,154,156,155,FIN-0,Subcontract,"Balcony railing installation, First Floor",43.42,681.12,408.15,1089.27,1162.97,73.7,6.8,1206.9,1216.62,5,58.15,Pending,EUR,2015-07-01,
1DbP0KrnLBu9P61DsvE4$d,IFCWALLSTANDARDCASE,First Floor,,Finishing,Wall,Interior,1,N,,Added (synthetic),,GEVEL,Not Started,Finishing,0,Low,N,16 hrs (2 days),9.4,Finishing Subcontractor,2.0024,155,154,156,155,FIN-0,Subcontract,"Balcony railing installation, First Floor",43.42,681.12,408.15,1089.27,1162.97,73.7,6.8,1206.9,1216.62,5,58.15,Pending,EUR,2015-07-01,
2U_SkEGmL8xOrgREFcAZVV,IFCWALLSTANDARDCASE,First Floor,,Finishing,Wall,Interior,1,N,,Added (synthetic),,GEVEL,Not Started,Finishing,0,Low,N,16 hrs (2 days),9.4,Finishing Subcontractor,2.0024,155,154,156,155,FIN-0,Subcontract,"Balcony railing installation, First Floor",43.42,681.12,408.15,1089.27,1162.97,73.7,6.8,1206.9,1216.62,5,58.15,Pending,EUR,2015-07-01,
3uEMFzu2v8GRvw8kqNTH4S,IFCWALLSTANDARDCASE,First Floor,,Finishing,Wall,Interior,1,N,,Added (synthetic),,GEVEL,Not Started,Finishing,0,Low,N,16 hrs (2 days),9.4,Finishing Subcontractor,2.0024,155,154,156,155,FIN-0,Subcontract,"Balcony railing installation, First Floor",43.42,681.12,408.15,1089.27,1162.97,73.7,6.8,1206.9,1216.62,5,58.15,Pending,EUR,2015-07-01,
3ls5Dm7gH70eH43kipcgjP,IFCWALLSTANDARDCASE,First Floor,,Finishing,Wall,Interior,1,N,,Added (synthetic),,GEVEL,Not Started,Finishing,0,Low,N,16 hrs (2 days),9.4,Finishing Subcontractor,2.0024,155,154,156,155,FIN-0,Subcontract,"Balcony railing installation, First Floor",43.42,681.12,408.15,1089.27,1162.97,73.7,6.8,1206.9,1216.62,5,58.15,Pending,EUR,2015-07-01,
2VqWkt35X9yQtKQjAy_Y54,IFCWALLSTANDARDCASE,First Floor,,Finishing,Wall,Interior,1,N,,Added (synthetic),,GEVEL,Not Started,Finishing,0,Low,N,16 hrs (2 days),9.4,Finishing Subcontractor,2.0024,155,154,156,155,FIN-0,Subcontract,"Balcony railing installation, First Floor",43.42,681.12,408.15,1089.27,1162.97,73.7,6.8,1206.9,1216.62,5,58.15,Pending,EUR,2015-07-01,
30d$oCa$97QwnV5mZFo6CK,IFCWALLSTANDARDCASE,First Floor,,Finishing,Wall,Interior,1,N,,Added (synthetic),,GEVEL,Not Started,Finishing,0,Low,N,16 hrs (2 days),9.4,Finishing Subcontractor,2.0024,155,154,156,155,FIN-0,Subcontract,"Balcony railing installation, First Floor",43.42,681.12,408.15,1089.27,1162.97,73.7,6.8,1206.9,1216.62,5,58.15,Pending,EUR,2015-07-01,
1KN7KJjST5sxuq4IDdIZ1v,IFCWALLSTANDARDCASE,First Floor,,Finishing,Wall,Interior,1,N,,Added (synthetic),,GEVEL,Not Started,Finishing,0,Low,N,16 hrs (2 days),9.4,Finishing Subcontractor,2.0024,155,154,156,155,FIN-0,Subcontract,"Balcony railing installation, First Floor",43.42,681.12,408.15,1089.27,1162.97,73.7,6.8,1206.9,1216.62,5,58.15,Pending,EUR,2015-07-01,
2ZiBjkwkb9Tw6JeNNhNy0C,IFCWALLSTANDARDCASE,First Floor,,Finishing,Wall,Interior,1,N,,Added (synthetic),,GEVEL,Not Started,Finishing,0,Low,N,16 hrs (2 days),9.4,Finishing Subcontractor,2.0024,155,154,156,155,FIN-0,Subcontract,"Balcony railing installation, First Floor",43.42,681.12,408.15,1089.27,1162.97,73.7,6.8,1206.9,1216.62,5,58.15,Pending,EUR,2015-07-01,
3YLJyxBUz6tByQMuL5pipR,IFCWALLSTANDARDCASE,First Floor,,Finishing,Wall,Interior,1,N,,Added (synthetic),,GEVEL,Not Started,Finishing,0,Low,N,16 hrs (2 days),9.4,Finishing Subcontractor,2.0024,155,154,156,155,FIN-0,Subcontract,"Balcony railing installation, First Floor",43.42,681.12,408.15,1089.27,1162.97,73.7,6.8,1206.9,1216.62,5,58.15,Pending,EUR,2015-07-01,
1J9G$AMj5D8ePpFewsM_ee,IFCWALLSTANDARDCASE,First Floor,,Finishing,Wall,Interior,1,N,,Added (synthetic),,GEVEL,Not Started,Finishing,0,Low,N,16 hrs (2 days),9.4,Finishing Subcontractor,2.0024,155,154,156,155,FIN-0,Subcontract,"Balcony railing installation, First Floor",43.42,681.12,408.15,1089.27,1162.97,73.7,6.8,1206.9,1216.62,5,58.15,Pending,EUR,2015-07-01,
2niu_iCwbDV8RTwkUv3xsE,IFCWALLSTANDARDCASE,First Floor,,Finishing,Wall,Interior,1,N,,Added (synthetic),,GEVEL,Not Started,Finishing,0,Low,N,16 hrs (2 days),9.4,Finishing Subcontractor,2.0024,155,154,156,155,FIN-0,Subcontract,"Balcony railing installation, First Floor",43.42,681.12,408.15,1089.27,1162.97,73.7,6.8,1206.9,1216.62,5,58.15,Pending,EUR,2015-07-01,
3Zz4XmJlvDFxeVZaItTzNS,IFCWALLSTANDARDCASE,First Floor,,Finishing,Wall,Interior,1,N,,Added (synthetic),,GEVEL,Not Started,Finishing,0,Low,N,16 hrs (2 days),9.4,Finishing Subcontractor,2.0024,155,154,156,155,FIN-0,Subcontract,"Balcony railing installation, First Floor",43.42,681.12,408.15,1089.27,1162.97,73.7,6.8,1206.9,1216.62,5,58.15,Pending,EUR,2015-07-01,
3G7K2WeEz6Yx3gFem0Mu8N,IFCWALLSTANDARDCASE,First Floor,,Finishing,Wall,Interior,1,N,,Added (synthetic),,GEVEL,Not Started,Finishing,0,Low,N,16 hrs (2 days),9.4,Finishing Subcontractor,2.0024,155,154,156,155,FIN-0,Subcontract,"Balcony railing installation, First Floor",43.42,681.12,408.15,1089.27,1162.97,73.7,6.8,1206.9,1216.62,5,58.15,Pending,EUR,2015-07-01,
1ZZOV6oCb65REUbS44kIiy,IFCWALLSTANDARDCASE,First Floor,,Finishing,Wall,Interior,1,N,,Added (synthetic),,GEVEL,Not Started,Finishing,0,Low,N,16 hrs (2 days),9.4,Finishing Subcontractor,2.0024,155,154,156,155,FIN-0,Subcontract,"Balcony railing installation, First Floor",43.42,681.12,408.15,1089.27,1162.97,73.7,6.8,1206.9,1216.62,5,58.15,Pending,EUR,2015-07-01,
1oJyju8TLF2fHh517_OS1e,IFCWALLSTANDARDCASE,First Floor,,Finishing,Wall,Interior,1,N,,Added (synthetic),,GEVEL,Not Started,Finishing,0,Low,N,16 hrs (2 days),9.4,Finishing Subcontractor,2.0024,155,154,156,155,FIN-0,Subcontract,"Balcony railing installation, First Floor",43.42,681.12,408.15,1089.27,1162.97,73.7,6.8,1206.9,1216.62,5,58.15,Pending,EUR,2015-07-01,
34GGUGAIfFtxn_c95jJjry,IFCWALLSTANDARDCASE,First Floor,,Finishing,Wall,Interior,1,N,,Added (synthetic),,GEVEL,Not Started,Finishing,0,Low,N,16 hrs (2 days),9.4,Finishing Subcontractor,2.0024,155,154,156,155,FIN-0,Subcontract,"Balcony railing installation, First Floor",43.42,681.12,408.15,1089.27,1162.97,73.7,6.8,1206.9,1216.62,5,58.15,Pending,EUR,2015-07-01,
2kKKJCXvb8$uI5opVLCiQE,IFCWALLSTANDARDCASE,First Floor,,Finishing,Wall,Interior,1,N,,Added (synthetic),,GEVEL,Not Started,Finishing,0,Low,N,16 hrs (2 days),9.4,Finishing Subcontractor,2.0024,155,154,156,155,FIN-0,Subcontract,"Balcony railing installation, First Floor",43.42,681.12,408.15,1089.27,1162.97,73.7,6.8,1206.9,1216.62,5,58.15,Pending,EUR,2015-07-01,
1jwWHfvA56nwQIdYNHWi21,IFCWALLSTANDARDCASE,First Floor,,Finishing,Wall,Interior,1,N,,Added (synthetic),,GEVEL,Not Started,Finishing,0,Low,N,16 hrs (2 days),9.4,Finishing Subcontractor,2.0024,155,154,156,155,FIN-0,Subcontract,"Balcony railing installation, First Floor",43.42,681.12,408.15,1089.27,1162.97,73.7,6.8,1206.9,1216.62,5,58.15,Pending,EUR,2015-07-01,
1nk4MALuvFOBEQoHF5$rG7,IFCWALLSTANDARDCASE,First Floor,,Finishing,Wall,Interior,1,N,,Added (synthetic),,GEVEL,Not Started,Finishing,0,Low,N,16 hrs (2 days),9.4,Finishing Subcontractor,2.0024,155,154,156,155,FIN-0,Subcontract,"Balcony railing installation, First Floor",43.42,681.12,408.15,1089.27,1162.97,73.7,6.8,1206.9,1216.62,5,58.15,Pending,EUR,2015-07-01,
32BRu80e95IgL7sHEAaW4K,IFCWALLSTANDARDCASE,First Floor,,Finishing,Wall,Interior,1,N,,Added (synthetic),,GEVEL,Not Started,Finishing,0,Low,N,16 hrs (2 days),9.4,Finishing Subcontractor,2.0024,155,154,156,155,FIN-0,Subcontract,"Balcony railing installation, First Floor",43.42,681.12,408.15,1089.27,1162.97,73.7,6.8,1206.9,1216.62,5,58.15,Pending,EUR,2015-07-01,
11isJmlKb6GuisJNxWKISc,IFCWALLSTANDARDCASE,First Floor,,Structural,Wall,Interior,36,N,,Original,,UITVOERING,Complete,Structural,100,High,Yes,,,Main Contractor - Structural Crew,,,,,,STR-0,Subcontract,,,,,,,,,,,5,,,EUR,,
1z1vUhjSD0DA4$hE7I0_5_,IFCWALLSTANDARDCASE,First Floor,,Finishing,Wall,Interior,1,N,,Added (synthetic),,GEVEL,Not Started,Finishing,0,Low,N,16 hrs (2 days),9.4,Finishing Subcontractor,2.0024,155,154,156,155,FIN-0,Subcontract,"Balcony railing installation, First Floor",43.42,681.12,408.15,1089.27,1162.97,73.7,6.8,1206.9,1216.62,5,58.15,Pending,EUR,2015-07-01,
0Y0Dldwy50Eg_FPmXF$IEI,IFCWALLSTANDARDCASE,First Floor,,Finishing,Wall,Interior,1,N,,Added (synthetic),,GEVEL,Not Started,Finishing,0,Low,N,16 hrs (2 days),9.4,Finishing Subcontractor,2.0024,155,154,156,155,FIN-0,Subcontract,"Balcony railing installation, First Floor",43.42,681.12,408.15,1089.27,1162.97,73.7,6.8,1206.9,1216.62,5,58.15,Pending,EUR,2015-07-01,
0bPVJE8dDCJuZfC321Nz06,IFCWALLSTANDARDCASE,First Floor,,Structural,Wall,Interior,36,N,,Original,,UITVOERING,Complete,Structural,100,High,Yes,,,Main Contractor - Structural Crew,,,,,,STR-0,Subcontract,,,,,,,,,,,5,,,EUR,,
0cr6SQeNT879fCrehfWeM7,IFCWALLSTANDARDCASE,First Floor,,Structural,Wall,Interior,36,N,,Original,,UITVOERING,Complete,Structural,100,High,Yes,,,Main Contractor - Structural Crew,,,,,,STR-0,Subcontract,,,,,,,,,,,5,,,EUR,,
0VfEUH2Vj3ARUZ0FmZ51oJ,IFCWALLSTANDARDCASE,First Floor,,Structural,Wall,Interior,36,N,,Original,,UITVOERING,Complete,Structural,100,High,Yes,,,Main Contractor - Structural Crew,,,,,,STR-0,Subcontract,,,,,,,,,,,5,,,EUR,,
09ftZfqDr4NAqliSbe_Q2x,IFCWALLSTANDARDCASE,First Floor,,Structural,Wall,Interior,36,N,,Original,,UITVOERING,Complete,Structural,100,High,Yes,,,Main Contractor - Structural Crew,,,,,,STR-0,Subcontract,,,,,,,,,,,5,,,EUR,,
2qiB0g_bbDCwZnOTvTZQ6o,IFCWALLSTANDARDCASE,First Floor,,Structural,Wall,Interior,36,N,,Original,,UITVOERING,Complete,Structural,100,High,Yes,,,Main Contractor - Structural Crew,,,,,,STR-0,Subcontract,,,,,,,,,,,5,,,EUR,,
3CCqrUrgH98hGVnr$ZylYm,IFCWALLSTANDARDCASE,First Floor,,Structural,Wall,Interior,36,N,,Original,,UITVOERING,Complete,Structural,100,High,Yes,,,Main Contractor - Structural Crew,,,,,,STR-0,Subcontract,,,,,,,,,,,5,,,EUR,,
0CqTK2cer2YubDT0sUqCjK,IFCWALLSTANDARDCASE,First Floor,,Structural,Wall,Interior,36,N,,Original,,UITVOERING,Complete,Structural,100,High,Yes,,,Main Contractor - Structural Crew,,,,,,STR-0,Subcontract,,,,,,,,,,,5,,,EUR,,
3UBzAzajr5q8aCMUEKo4IM,IFCWALLSTANDARDCASE,First Floor,,Structural,Wall,Interior,36,N,,Original,,UITVOERING,Complete,Structural,100,High,Yes,,,Main Contractor - Structural Crew,,,,,,STR-0,Subcontract,,,,,,,,,,,5,,,EUR,,
2yLc5m5c562gD7oOBx$ZML,IFCWALLSTANDARDCASE,First Floor,,Structural,Wall,Interior,36,N,,Original,,UITVOERING,Complete,Structural,100,High,Yes,,,Main Contractor - Structural Crew,,,,,,STR-0,Subcontract,,,,,,,,,,,5,,,EUR,,
3yqEwZ1P5D79qJ$faewDWt,IFCWALLSTANDARDCASE,First Floor,,Structural,Wall,Interior,36,N,,Original,,UITVOERING,Complete,Structural,100,High,Yes,,,Main Contractor - Structural Crew,,,,,,STR-0,Subcontract,,,,,,,,,,,5,,,EUR,,
1s8is3Uiv7tQGUsBmvA$Si,IFCWALLSTANDARDCASE,First Floor,,Finishing,Wall,Interior,1,N,,Added (synthetic),,GEVEL,Not Started,Finishing,0,Low,N,16 hrs (2 days),9.4,Finishing Subcontractor,2.0024,155,154,156,155,FIN-0,Subcontract,"Balcony railing installation, First Floor",43.42,681.12,408.15,1089.27,1162.97,73.7,6.8,1206.9,1216.62,5,58.15,Pending,EUR,2015-07-01,
0deLVuR01FZAQAP50$NggQ,IFCWALLSTANDARDCASE,First Floor,,Finishing,Wall,Interior,1,N,,Added (synthetic),,GEVEL,Not Started,Finishing,0,Low,N,16 hrs (2 days),9.4,Finishing Subcontractor,2.0024,155,154,156,155,FIN-0,Subcontract,"Balcony railing installation, First Floor",43.42,681.12,408.15,1089.27,1162.97,73.7,6.8,1206.9,1216.62,5,58.15,Pending,EUR,2015-07-01,
2ZmMppv5rB_ONxxlP9t69C,IFCWALLSTANDARDCASE,First Floor,,Finishing,Wall,Interior,1,N,,Added (synthetic),,GEVEL,Not Started,Finishing,0,Low,N,16 hrs (2 days),9.4,Finishing Subcontractor,2.0024,155,154,156,155,FIN-0,Subcontract,"Balcony railing installation, First Floor",43.42,681.12,408.15,1089.27,1162.97,73.7,6.8,1206.9,1216.62,5,58.15,Pending,EUR,2015-07-01,
1BQPStyIP71erNv7anlefJ,IFCWALLSTANDARDCASE,First Floor,,Finishing,Wall,Interior,1,N,,Added (synthetic),,GEVEL,Not Started,Finishing,0,Low,N,16 hrs (2 days),9.4,Finishing Subcontractor,2.0024,155,154,156,155,FIN-0,Subcontract,"Balcony railing installation, First Floor",43.42,681.12,408.15,1089.27,1162.97,73.7,6.8,1206.9,1216.62,5,58.15,Pending,EUR,2015-07-01,
3SiUNxtcn0yQfTkkuMVtbA,IFCWALLSTANDARDCASE,First Floor,,Finishing,Wall,Interior,1,N,,Added (synthetic),,GEVEL,Not Started,Finishing,0,Low,N,16 hrs (2 days),9.4,Finishing Subcontractor,2.0024,155,154,156,155,FIN-0,Subcontract,"Balcony railing installation, First Floor",43.42,681.12,408.15,1089.27,1162.97,73.7,6.8,1206.9,1216.62,5,58.15,Pending,EUR,2015-07-01,
2A$7uUIbP13B7P0LW_wNaR,IFCWALLSTANDARDCASE,Second Floor,,Structural,Wall,Interior,1,N,114,Original,,UITVOERING,Complete,Structural,100,High,N,8 hrs (1 day),9.5,Main Contractor - Structural Crew,1.0084,88,,,88,STR-0,Subcontract,"Precast stairs and landings, 2nd floor",197.38,529.36,1875.11,2404.47,2009.94,-394.53,-16.4,2067.1,2009.94,5,100.5,Invoiced,EUR,2015-07-13,
1jYNjECon1MwxCVxTA6CsR,IFCWALLSTANDARDCASE,Second Floor,,Structural,Wall,Exterior,1,N,114,Original,,UITVOERING,Complete,Structural,100,High,N,8 hrs (1 day),9.5,Main Contractor - Structural Crew,1.0084,88,,,88,STR-0,Subcontract,"Precast stairs and landings, 2nd floor",197.38,529.36,1875.11,2404.47,2009.94,-394.53,-16.4,2067.1,2009.94,5,100.5,Invoiced,EUR,2015-07-13,
0TQftTqorEnA$V3IcZujpF,IFCWALLSTANDARDCASE,Second Floor,,Structural,Wall,Exterior,1,N,114,Original,,UITVOERING,Complete,Structural,100,High,N,8 hrs (1 day),9.5,Main Contractor - Structural Crew,1.0084,88,,,88,STR-0,Subcontract,"Precast stairs and landings, 2nd floor",197.38,529.36,1875.11,2404.47,2009.94,-394.53,-16.4,2067.1,2009.94,5,100.5,Invoiced,EUR,2015-07-13,
0Kx3M5Ak15Xe2RV4CREhVl,IFCWALLSTANDARDCASE,Second Floor,,Structural,Wall,Exterior,1,N,114,Original,,UITVOERING,Complete,Structural,100,High,N,8 hrs (1 day),9.5,Main Contractor - Structural Crew,1.0084,88,,,88,STR-0,Subcontract,"Precast stairs and landings, 2nd floor",197.38,529.36,1875.11,2404.47,2009.94,-394.53,-16.4,2067.1,2009.94,5,100.5,Invoiced,EUR,2015-07-13,
1mixsyQgL2yPSXNO8DXz33,IFCWALLSTANDARDCASE,Second Floor,,Structural,Wall,Exterior,1,N,114,Original,,UITVOERING,Complete,Structural,100,High,N,8 hrs (1 day),9.5,Main Contractor - Structural Crew,1.0084,88,,,88,STR-0,Subcontract,"Precast stairs and landings, 2nd floor",197.38,529.36,1875.11,2404.47,2009.94,-394.53,-16.4,2067.1,2009.94,5,100.5,Invoiced,EUR,2015-07-13,
1adPyP$S5FOuoo6jijMkB5,IFCWALLSTANDARDCASE,Second Floor,,Structural,Wall,Exterior,1,N,114,Original,,UITVOERING,Complete,Structural,100,High,N,8 hrs (1 day),9.5,Main Contractor - Structural Crew,1.0084,88,,,88,STR-0,Subcontract,"Precast stairs and landings, 2nd floor",197.38,529.36,1875.11,2404.47,2009.94,-394.53,-16.4,2067.1,2009.94,5,100.5,Invoiced,EUR,2015-07-13,
0jnEXUcjnDq8kxq1jLk0I5,IFCWALLSTANDARDCASE,Second Floor,,Structural,Wall,Exterior,1,N,114,Original,,UITVOERING,Complete,Structural,100,High,N,8 hrs (1 day),9.5,Main Contractor - Structural Crew,1.0084,88,,,88,STR-0,Subcontract,"Precast stairs and landings, 2nd floor",197.38,529.36,1875.11,2404.47,2009.94,-394.53,-16.4,2067.1,2009.94,5,100.5,Invoiced,EUR,2015-07-13,
25xnmjtXDBEeYnceWKw7hY,IFCWALLSTANDARDCASE,Second Floor,,Structural,Wall,Interior,1,N,114,Original,,UITVOERING,Complete,Structural,100,High,N,8 hrs (1 day),9.5,Main Contractor - Structural Crew,1.0084,88,,,88,STR-0,Subcontract,"Precast stairs and landings, 2nd floor",197.38,529.36,1875.11,2404.47,2009.94,-394.53,-16.4,2067.1,2009.94,5,100.5,Invoiced,EUR,2015-07-13,
3A25_zHmn6zvE6RvYBE4vL,IFCWALLSTANDARDCASE,Second Floor,,Structural,Wall,Interior,1,N,114,Original,,UITVOERING,Complete,Structural,100,High,N,8 hrs (1 day),9.5,Main Contractor - Structural Crew,1.0084,88,,,88,STR-0,Subcontract,"Precast stairs and landings, 2nd floor",197.38,529.36,1875.11,2404.47,2009.94,-394.53,-16.4,2067.1,2009.94,5,100.5,Invoiced,EUR,2015-07-13,
2tjIJivgn4axF2ewhddO9d,IFCWALLSTANDARDCASE,Second Floor,,Structural,Wall,Interior,1,N,114,Original,,UITVOERING,Complete,Structural,100,High,N,8 hrs (1 day),9.5,Main Contractor - Structural Crew,1.0084,88,,,88,STR-0,Subcontract,"Precast stairs and landings, 2nd floor",197.38,529.36,1875.11,2404.47,2009.94,-394.53,-16.4,2067.1,2009.94,5,100.5,Invoiced,EUR,2015-07-13,
1wVDx$yUr7JvYDVbX62qca,IFCWALLSTANDARDCASE,Second Floor,,Structural,Wall,Interior,1,N,114,Original,,UITVOERING,Complete,Structural,100,High,N,8 hrs (1 day),9.5,Main Contractor - Structural Crew,1.0084,88,,,88,STR-0,Subcontract,"Precast stairs and landings, 2nd floor",197.38,529.36,1875.11,2404.47,2009.94,-394.53,-16.4,2067.1,2009.94,5,100.5,Invoiced,EUR,2015-07-13,
3Oiw4ELt1BaBeKn0mDwzz7,IFCWALLSTANDARDCASE,Second Floor,,Structural,Wall,Interior,1,N,114,Original,,UITVOERING,Complete,Structural,100,High,N,8 hrs (1 day),9.5,Main Contractor - Structural Crew,1.0084,88,,,88,STR-0,Subcontract,"Precast stairs and landings, 2nd floor",197.38,529.36,1875.11,2404.47,2009.94,-394.53,-16.4,2067.1,2009.94,5,100.5,Invoiced,EUR,2015-07-13,
084e5AQmT0uflc7GA4Kii$,IFCWALLSTANDARDCASE,Second Floor,,Structural,Wall,Interior,1,N,114,Original,,UITVOERING,Complete,Structural,100,High,N,8 hrs (1 day),9.5,Main Contractor - Structural Crew,1.0084,88,,,88,STR-0,Subcontract,"Precast stairs and landings, 2nd floor",197.38,529.36,1875.11,2404.47,2009.94,-394.53,-16.4,2067.1,2009.94,5,100.5,Invoiced,EUR,2015-07-13,
1PdtDF7oTDvA0vo83lvpNZ,IFCWALLSTANDARDCASE,Second Floor,,Structural,Wall,Interior,1,N,114,Original,,UITVOERING,Complete,Structural,100,High,N,8 hrs (1 day),9.5,Main Contractor - Structural Crew,1.0084,88,,,88,STR-0,Subcontract,"Precast stairs and landings, 2nd floor",197.38,529.36,1875.11,2404.47,2009.94,-394.53,-16.4,2067.1,2009.94,5,100.5,Invoiced,EUR,2015-07-13,
3ZrkktGzTA2AWEqU4sCSU0,IFCWALLSTANDARDCASE,Second Floor,,Structural,Wall,Interior,1,N,114,Original,,UITVOERING,Complete,Structural,100,High,N,8 hrs (1 day),9.5,Main Contractor - Structural Crew,1.0084,88,,,88,STR-0,Subcontract,"Precast stairs and landings, 2nd floor",197.38,529.36,1875.11,2404.47,2009.94,-394.53,-16.4,2067.1,2009.94,5,100.5,Invoiced,EUR,2015-07-13,
1qSuEDSd1E8ftzFK1HXdBc,IFCWALLSTANDARDCASE,Second Floor,,Facade,Wall,Exterior,5,N,,Added (synthetic),,GEVEL,Not Started,Facade,0,Medium,Y,,,Facade/Masonry Subcontractor,,,,,,FAC-0,Subcontract,,,,,,,,,,,5,,Pending,EUR,,
3NC1dYtqL1pRl7LXtoL4QX,IFCWALLSTANDARDCASE,Second Floor,,Facade,Wall,Exterior,5,N,,Added (synthetic),,GEVEL,Not Started,Facade,0,Medium,Y,,,Facade/Masonry Subcontractor,,,,,,FAC-0,Subcontract,,,,,,,,,,,5,,Pending,EUR,,
3JaHyppKTBGBnjCpoJt74v,IFCWALLSTANDARDCASE,Second Floor,,Facade,Wall,Exterior,5,N,,Added (synthetic),,GEVEL,Not Started,Facade,0,Medium,Y,,,Facade/Masonry Subcontractor,,,,,,FAC-0,Subcontract,,,,,,,,,,,5,,Pending,EUR,,
2r4e5jHWfDKhLK$Is1u15D,IFCWALLSTANDARDCASE,Second Floor,,Facade,Wall,Exterior,5,N,,Added (synthetic),,GEVEL,Not Started,Facade,0,Medium,Y,,,Facade/Masonry Subcontractor,,,,,,FAC-0,Subcontract,,,,,,,,,,,5,,Pending,EUR,,
0FdLbmS_r6Ch8VPitxry03,IFCWALLSTANDARDCASE,Second Floor,,Facade,Wall,Exterior,5,N,,Added (synthetic),,GEVEL,Not Started,Facade,0,Medium,Y,,,Facade/Masonry Subcontractor,,,,,,FAC-0,Subcontract,,,,,,,,,,,5,,Pending,EUR,,
232kvyKbLFYgj8ZO97j_As,IFCWALLSTANDARDCASE,Second Floor,,Structural,Wall,Interior,1,N,114,Original,,UITVOERING,Complete,Structural,100,High,N,8 hrs (1 day),9.5,Main Contractor - Structural Crew,1.0084,88,,,88,STR-0,Subcontract,"Precast stairs and landings, 2nd floor",197.38,529.36,1875.11,2404.47,2009.94,-394.53,-16.4,2067.1,2009.94,5,100.5,Invoiced,EUR,2015-07-13,
1G6YT_8LrAC8$aW$ayM0qB,IFCWALLSTANDARDCASE,Second Floor,,Structural,Wall,Interior,1,N,114,Original,,UITVOERING,Complete,Structural,100,High,N,8 hrs (1 day),9.5,Main Contractor - Structural Crew,1.0084,88,,,88,STR-0,Subcontract,"Precast stairs and landings, 2nd floor",197.38,529.36,1875.11,2404.47,2009.94,-394.53,-16.4,2067.1,2009.94,5,100.5,Invoiced,EUR,2015-07-13,
32cOaJbaP9VOemKr9dYXtJ,IFCWALLSTANDARDCASE,Second Floor,,Facade,Wall,Exterior,5,N,,Added (synthetic),,GEVEL,Not Started,Facade,0,Medium,Y,,,Facade/Masonry Subcontractor,,,,,,FAC-0,Subcontract,,,,,,,,,,,5,,Pending,EUR,,
1HTzx6dK99rxYirl5arG$b,IFCWALLSTANDARDCASE,Second Floor,,Facade,Wall,Exterior,5,N,,Added (synthetic),,GEVEL,Not Started,Facade,0,Medium,Y,,,Facade/Masonry Subcontractor,,,,,,FAC-0,Subcontract,,,,,,,,,,,5,,Pending,EUR,,
05PISK4lv4tAMDc9oYQUQO,IFCWALLSTANDARDCASE,Second Floor,,Structural,Wall,Exterior,1,N,114,Original,,UITVOERING,Complete,Structural,100,High,N,8 hrs (1 day),9.5,Main Contractor - Structural Crew,1.0084,88,,,88,STR-0,Subcontract,"Precast stairs and landings, 2nd floor",197.38,529.36,1875.11,2404.47,2009.94,-394.53,-16.4,2067.1,2009.94,5,100.5,Invoiced,EUR,2015-07-13,
3XEK0$_UjAlwZMwjEFf978,IFCWALLSTANDARDCASE,Second Floor,,Structural,Wall,Exterior,1,N,114,Original,,UITVOERING,Complete,Structural,100,High,N,8 hrs (1 day),9.5,Main Contractor - Structural Crew,1.0084,88,,,88,STR-0,Subcontract,"Precast stairs and landings, 2nd floor",197.38,529.36,1875.11,2404.47,2009.94,-394.53,-16.4,2067.1,2009.94,5,100.5,Invoiced,EUR,2015-07-13,
2JPdNMyFX7BeGxw9gHJ640,IFCWALLSTANDARDCASE,Second Floor,,Finishing,Wall,Interior,1,N,,Added (synthetic),,GEVEL,Not Started,Finishing,0,Low,N,24 hrs (3 days),11.9,Finishing Subcontractor,2.0030,161,160,162,161,FIN-0,Subcontract,"Balcony railing installation, Second Floor",36.06,1060.08,429.11,1489.19,1194.04,-295.15,-19.8,1280.33,1250.82,5,59.7,Pending,EUR,2015-07-20,
0T0_lwb8vCZ82bqHL85eAN,IFCWALLSTANDARDCASE,Second Floor,,Finishing,Wall,Interior,1,N,,Added (synthetic),,GEVEL,Not Started,Finishing,0,Low,N,24 hrs (3 days),11.9,Finishing Subcontractor,2.0030,161,160,162,161,FIN-0,Subcontract,"Balcony railing installation, Second Floor",36.06,1060.08,429.11,1489.19,1194.04,-295.15,-19.8,1280.33,1250.82,5,59.7,Pending,EUR,2015-07-20,
05yuQkJxb22el7nxTgecJc,IFCWALLSTANDARDCASE,Second Floor,,Finishing,Wall,Interior,1,N,,Added (synthetic),,GEVEL,Not Started,Finishing,0,Low,N,24 hrs (3 days),11.9,Finishing Subcontractor,2.0030,161,160,162,161,FIN-0,Subcontract,"Balcony railing installation, Second Floor",36.06,1060.08,429.11,1489.19,1194.04,-295.15,-19.8,1280.33,1250.82,5,59.7,Pending,EUR,2015-07-20,
0RcMlaEQT1OPaNSwo8vOeV,IFCWALLSTANDARDCASE,Second Floor,,Finishing,Wall,Interior,1,N,,Added (synthetic),,GEVEL,Not Started,Finishing,0,Low,N,24 hrs (3 days),11.9,Finishing Subcontractor,2.0030,161,160,162,161,FIN-0,Subcontract,"Balcony railing installation, Second Floor",36.06,1060.08,429.11,1489.19,1194.04,-295.15,-19.8,1280.33,1250.82,5,59.7,Pending,EUR,2015-07-20,
1SHwwggSX5N85G1pvxbVJs,IFCWALLSTANDARDCASE,Second Floor,,Finishing,Wall,Interior,1,N,,Added (synthetic),,GEVEL,Not Started,Finishing,0,Low,N,24 hrs (3 days),11.9,Finishing Subcontractor,2.0030,161,160,162,161,FIN-0,Subcontract,"Balcony railing installation, Second Floor",36.06,1060.08,429.11,1489.19,1194.04,-295.15,-19.8,1280.33,1250.82,5,59.7,Pending,EUR,2015-07-20,
1aanU1sID4GuGI4tqWjizO,IFCWALLSTANDARDCASE,Second Floor,,Finishing,Wall,Interior,1,N,,Added (synthetic),,GEVEL,Not Started,Finishing,0,Low,N,24 hrs (3 days),11.9,Finishing Subcontractor,2.0030,161,160,162,161,FIN-0,Subcontract,"Balcony railing installation, Second Floor",36.06,1060.08,429.11,1489.19,1194.04,-295.15,-19.8,1280.33,1250.82,5,59.7,Pending,EUR,2015-07-20,
18QJYzL6z4iAOHp4H6Ay3e,IFCWALLSTANDARDCASE,Second Floor,,Finishing,Wall,Interior,1,N,,Added (synthetic),,GEVEL,Not Started,Finishing,0,Low,N,24 hrs (3 days),11.9,Finishing Subcontractor,2.0030,161,160,162,161,FIN-0,Subcontract,"Balcony railing installation, Second Floor",36.06,1060.08,429.11,1489.19,1194.04,-295.15,-19.8,1280.33,1250.82,5,59.7,Pending,EUR,2015-07-20,
1GALR4lb1EXeRUW8L575n7,IFCWALLSTANDARDCASE,Second Floor,,Finishing,Wall,Interior,1,N,,Added (synthetic),,GEVEL,Not Started,Finishing,0,Low,N,24 hrs (3 days),11.9,Finishing Subcontractor,2.0030,161,160,162,161,FIN-0,Subcontract,"Balcony railing installation, Second Floor",36.06,1060.08,429.11,1489.19,1194.04,-295.15,-19.8,1280.33,1250.82,5,59.7,Pending,EUR,2015-07-20,
2bF_5Z$bP7cgvJFU8oBkt4,IFCWALLSTANDARDCASE,Second Floor,,Finishing,Wall,Interior,1,N,,Added (synthetic),,GEVEL,Not Started,Finishing,0,Low,N,24 hrs (3 days),11.9,Finishing Subcontractor,2.0030,161,160,162,161,FIN-0,Subcontract,"Balcony railing installation, Second Floor",36.06,1060.08,429.11,1489.19,1194.04,-295.15,-19.8,1280.33,1250.82,5,59.7,Pending,EUR,2015-07-20,
1TcWO8$wXBkfgTkeXVZkte,IFCWALLSTANDARDCASE,Second Floor,,Finishing,Wall,Interior,1,N,,Added (synthetic),,GEVEL,Not Started,Finishing,0,Low,N,24 hrs (3 days),11.9,Finishing Subcontractor,2.0030,161,160,162,161,FIN-0,Subcontract,"Balcony railing installation, Second Floor",36.06,1060.08,429.11,1489.19,1194.04,-295.15,-19.8,1280.33,1250.82,5,59.7,Pending,EUR,2015-07-20,
2U1qifvIT5ge0qFAL2VUhi,IFCWALLSTANDARDCASE,Second Floor,,Finishing,Wall,Interior,1,N,,Added (synthetic),,GEVEL,Not Started,Finishing,0,Low,N,24 hrs (3 days),11.9,Finishing Subcontractor,2.0030,161,160,162,161,FIN-0,Subcontract,"Balcony railing installation, Second Floor",36.06,1060.08,429.11,1489.19,1194.04,-295.15,-19.8,1280.33,1250.82,5,59.7,Pending,EUR,2015-07-20,
2WJjAV$8v4jOUzZCgqJCcm,IFCWALLSTANDARDCASE,Second Floor,,Finishing,Wall,Interior,1,N,,Added (synthetic),,GEVEL,Not Started,Finishing,0,Low,N,24 hrs (3 days),11.9,Finishing Subcontractor,2.0030,161,160,162,161,FIN-0,Subcontract,"Balcony railing installation, Second Floor",36.06,1060.08,429.11,1489.19,1194.04,-295.15,-19.8,1280.33,1250.82,5,59.7,Pending,EUR,2015-07-20,
3nEQqWNWTE_v9UbdS1CA69,IFCWALLSTANDARDCASE,Second Floor,,Finishing,Wall,Interior,1,N,,Added (synthetic),,GEVEL,Not Started,Finishing,0,Low,N,24 hrs (3 days),11.9,Finishing Subcontractor,2.0030,161,160,162,161,FIN-0,Subcontract,"Balcony railing installation, Second Floor",36.06,1060.08,429.11,1489.19,1194.04,-295.15,-19.8,1280.33,1250.82,5,59.7,Pending,EUR,2015-07-20,
35lxEQN1T28BAoF82UTp4p,IFCWALLSTANDARDCASE,Second Floor,,Finishing,Wall,Interior,1,N,,Added (synthetic),,GEVEL,Not Started,Finishing,0,Low,N,24 hrs (3 days),11.9,Finishing Subcontractor,2.0030,161,160,162,161,FIN-0,Subcontract,"Balcony railing installation, Second Floor",36.06,1060.08,429.11,1489.19,1194.04,-295.15,-19.8,1280.33,1250.82,5,59.7,Pending,EUR,2015-07-20,
1STt9H3In5quyR1zJeBmHK,IFCWALLSTANDARDCASE,Second Floor,,Finishing,Wall,Interior,1,N,,Added (synthetic),,GEVEL,Not Started,Finishing,0,Low,N,24 hrs (3 days),11.9,Finishing Subcontractor,2.0030,161,160,162,161,FIN-0,Subcontract,"Balcony railing installation, Second Floor",36.06,1060.08,429.11,1489.19,1194.04,-295.15,-19.8,1280.33,1250.82,5,59.7,Pending,EUR,2015-07-20,
1QdoUqDr1FNhj$RUw0amva,IFCWALLSTANDARDCASE,Second Floor,,Finishing,Wall,Interior,1,N,,Added (synthetic),,GEVEL,Not Started,Finishing,0,Low,N,24 hrs (3 days),11.9,Finishing Subcontractor,2.0030,161,160,162,161,FIN-0,Subcontract,"Balcony railing installation, Second Floor",36.06,1060.08,429.11,1489.19,1194.04,-295.15,-19.8,1280.33,1250.82,5,59.7,Pending,EUR,2015-07-20,
3Y$Zx5Ilj20hTV9WYChn09,IFCWALLSTANDARDCASE,Second Floor,,Finishing,Wall,Interior,1,N,,Added (synthetic),,GEVEL,Not Started,Finishing,0,Low,N,24 hrs (3 days),11.9,Finishing Subcontractor,2.0030,161,160,162,161,FIN-0,Subcontract,"Balcony railing installation, Second Floor",36.06,1060.08,429.11,1489.19,1194.04,-295.15,-19.8,1280.33,1250.82,5,59.7,Pending,EUR,2015-07-20,
18b_p0iTHCeOdrecTjmnfy,IFCWALLSTANDARDCASE,Second Floor,,Finishing,Wall,Interior,1,N,,Added (synthetic),,GEVEL,Not Started,Finishing,0,Low,N,24 hrs (3 days),11.9,Finishing Subcontractor,2.0030,161,160,162,161,FIN-0,Subcontract,"Balcony railing installation, Second Floor",36.06,1060.08,429.11,1489.19,1194.04,-295.15,-19.8,1280.33,1250.82,5,59.7,Pending,EUR,2015-07-20,
1ZbRQwjUz9DQ98KhTax8G9,IFCWALLSTANDARDCASE,Second Floor,,Finishing,Wall,Interior,1,N,,Added (synthetic),,GEVEL,Not Started,Finishing,0,Low,N,24 hrs (3 days),11.9,Finishing Subcontractor,2.0030,161,160,162,161,FIN-0,Subcontract,"Balcony railing installation, Second Floor",36.06,1060.08,429.11,1489.19,1194.04,-295.15,-19.8,1280.33,1250.82,5,59.7,Pending,EUR,2015-07-20,
3gDDH0mPrAzfl6dkPI$_uZ,IFCWALLSTANDARDCASE,Second Floor,,Finishing,Wall,Interior,1,N,,Added (synthetic),,GEVEL,Not Started,Finishing,0,Low,N,24 hrs (3 days),11.9,Finishing Subcontractor,2.0030,161,160,162,161,FIN-0,Subcontract,"Balcony railing installation, Second Floor",36.06,1060.08,429.11,1489.19,1194.04,-295.15,-19.8,1280.33,1250.82,5,59.7,Pending,EUR,2015-07-20,
0fP8MV2Y52$vpMZsHCVKvA,IFCWALLSTANDARDCASE,Second Floor,,Finishing,Wall,Interior,1,N,,Added (synthetic),,GEVEL,Not Started,Finishing,0,Low,N,24 hrs (3 days),11.9,Finishing Subcontractor,2.0030,161,160,162,161,FIN-0,Subcontract,"Balcony railing installation, Second Floor",36.06,1060.08,429.11,1489.19,1194.04,-295.15,-19.8,1280.33,1250.82,5,59.7,Pending,EUR,2015-07-20,
0$rXI4QKH23g$k0kmZL$uo,IFCWALLSTANDARDCASE,Second Floor,,Finishing,Wall,Interior,1,N,,Added (synthetic),,GEVEL,Not Started,Finishing,0,Low,N,24 hrs (3 days),11.9,Finishing Subcontractor,2.0030,161,160,162,161,FIN-0,Subcontract,"Balcony railing installation, Second Floor",36.06,1060.08,429.11,1489.19,1194.04,-295.15,-19.8,1280.33,1250.82,5,59.7,Pending,EUR,2015-07-20,
1tE5Pvx2b1b91s5G2OMYFP,IFCWALLSTANDARDCASE,Second Floor,,Finishing,Wall,Interior,1,N,,Added (synthetic),,GEVEL,Not Started,Finishing,0,Low,N,24 hrs (3 days),11.9,Finishing Subcontractor,2.0030,161,160,162,161,FIN-0,Subcontract,"Balcony railing installation, Second Floor",36.06,1060.08,429.11,1489.19,1194.04,-295.15,-19.8,1280.33,1250.82,5,59.7,Pending,EUR,2015-07-20,
1DJtnvOrX1OOYupc3T5tCZ,IFCWALLSTANDARDCASE,Second Floor,,Finishing,Wall,Interior,1,N,,Added (synthetic),,GEVEL,Not Started,Finishing,0,Low,N,24 hrs (3 days),11.9,Finishing Subcontractor,2.0030,161,160,162,161,FIN-0,Subcontract,"Balcony railing installation, Second Floor",36.06,1060.08,429.11,1489.19,1194.04,-295.15,-19.8,1280.33,1250.82,5,59.7,Pending,EUR,2015-07-20,
2UBG6Q7d5DDBiKwUwETbGj,IFCWALLSTANDARDCASE,Third Floor,,Structural,Wall,Interior,36,N,,Original,,UITVOERING,Complete,Structural,100,High,Yes,,,Main Contractor - Structural Crew,,,,,,STR-0,Subcontract,,,,,,,,,,,5,,,EUR,,
1dAtUpLDz73PTe3wIpQOtG,IFCWALLSTANDARDCASE,Third Floor,,Structural,Wall,Exterior,36,N,,Original,,UITVOERING,Complete,Structural,100,High,Yes,,,Main Contractor - Structural Crew,,,,,,STR-0,Subcontract,,,,,,,,,,,5,,,EUR,,
3lUaefqT14jRJXPO$2osRB,IFCWALLSTANDARDCASE,Third Floor,,Facade,Wall,Exterior,5,N,,Added (synthetic),,GEVEL,Not Started,Facade,0,Medium,Y,,,Facade/Masonry Subcontractor,,,,,,FAC-0,Subcontract,,,,,,,,,,,5,,,EUR,,
3$8ejY9wb5C8Jjn_NcmDw8,IFCWALLSTANDARDCASE,Third Floor,,Structural,Wall,Interior,36,N,,Original,,UITVOERING,Complete,Structural,100,High,Yes,,,Main Contractor - Structural Crew,,,,,,STR-0,Subcontract,,,,,,,,,,,5,,,EUR,,
0apuv$1UrB68Hd8$GUUl1U,IFCWALLSTANDARDCASE,Third Floor,,Structural,Wall,Interior,36,N,,Original,,UITVOERING,Complete,Structural,100,High,Yes,,,Main Contractor - Structural Crew,,,,,,STR-0,Subcontract,,,,,,,,,,,5,,,EUR,,
1YAmFJ8PrFRPmTAUAfERk_,IFCWALLSTANDARDCASE,Third Floor,,Structural,Wall,Interior,36,N,,Original,,UITVOERING,Complete,Structural,100,High,Yes,,,Main Contractor - Structural Crew,,,,,,STR-0,Subcontract,,,,,,,,,,,5,,,EUR,,
0$SpH8S2n2ufDBhk$ljbCs,IFCWALLSTANDARDCASE,Third Floor,,Structural,Wall,Interior,36,N,,Original,,UITVOERING,Complete,Structural,100,High,Yes,,,Main Contractor - Structural Crew,,,,,,STR-0,Subcontract,,,,,,,,,,,5,,,EUR,,
0GUGYII3j58vHPlOrLYtw3,IFCWALLSTANDARDCASE,Third Floor,,Structural,Wall,Interior,36,N,,Original,,UITVOERING,Complete,Structural,100,High,Yes,,,Main Contractor - Structural Crew,,,,,,STR-0,Subcontract,,,,,,,,,,,5,,,EUR,,
2_GpLiXvv0T9m7AS0ICKWx,IFCWALLSTANDARDCASE,Third Floor,,Structural,Wall,Interior,36,N,,Original,,UITVOERING,Complete,Structural,100,High,Yes,,,Main Contractor - Structural Crew,,,,,,STR-0,Subcontract,,,,,,,,,,,5,,,EUR,,
0uG931DjD31hhRwgBkGmit,IFCWALLSTANDARDCASE,Third Floor,,Facade,Wall,Exterior,5,N,,Added (synthetic),,GEVEL,Not Started,Facade,0,Medium,Y,,,Facade/Masonry Subcontractor,,,,,,FAC-0,Subcontract,,,,,,,,,,,5,,,EUR,,
1e1zdP$AzC4AbSnq$yxhNh,IFCWALLSTANDARDCASE,Third Floor,,Structural,Wall,Interior,36,N,,Original,,UITVOERING,Complete,Structural,100,High,Yes,,,Main Contractor - Structural Crew,,,,,,STR-0,Subcontract,,,,,,,,,,,5,,,EUR,,
1XUARZ_Oj8K9AyF3GV$kQz,IFCWALLSTANDARDCASE,Third Floor,,Structural,Wall,Interior,36,N,,Original,,UITVOERING,Complete,Structural,100,High,Yes,,,Main Contractor - Structural Crew,,,,,,STR-0,Subcontract,,,,,,,,,,,5,,,EUR,,
1Kd0rYVgj3ZQL11$4pv7wq,IFCWALLSTANDARDCASE,Third Floor,,Structural,Wall,Interior,36,N,,Original,,UITVOERING,Complete,Structural,100,High,Yes,,,Main Contractor - Structural Crew,,,,,,STR-0,Subcontract,,,,,,,,,,,5,,,EUR,,
0SzdhD7kXE$9LKStg07UwP,IFCWALLSTANDARDCASE,Third Floor,,Facade,Wall,Exterior,5,N,,Added (synthetic),,GEVEL,Not Started,Facade,0,Medium,Y,,,Facade/Masonry Subcontractor,,,,,,FAC-0,Subcontract,,,,,,,,,,,5,,,EUR,,
1xkmYzLHD1VPKdNI8y8Me1,IFCWALLSTANDARDCASE,Third Floor,,Facade,Wall,Exterior,5,N,,Added (synthetic),,GEVEL,Not Started,Facade,0,Medium,Y,,,Facade/Masonry Subcontractor,,,,,,FAC-0,Subcontract,,,,,,,,,,,5,,,EUR,,
0_E9R9yPzBxR$ZVU$pENfy,IFCWALLSTANDARDCASE,Third Floor,,Finishing,Wall,Interior,1,N,,Added (synthetic),,GEVEL,Not Started,Finishing,0,Low,N,24 hrs (3 days),9.1,Finishing Subcontractor,2.0036,167,166,168,167,FIN-0,Subcontract,"Balcony railing installation, Third Floor",22.19,932.64,201.93,1134.57,1266.15,131.58,11.6,1306.93,1285.98,5,63.31,Pending,EUR,2015-08-05,
14SQKeTXT0bxeTGZbdgN$9,IFCWALLSTANDARDCASE,Third Floor,,Finishing,Wall,Interior,1,N,,Added (synthetic),,GEVEL,Not Started,Finishing,0,Low,N,24 hrs (3 days),9.1,Finishing Subcontractor,2.0036,167,166,168,167,FIN-0,Subcontract,"Balcony railing installation, Third Floor",22.19,932.64,201.93,1134.57,1266.15,131.58,11.6,1306.93,1285.98,5,63.31,Pending,EUR,2015-08-05,
1WYR3a8rn1PwjMza2IEux8,IFCWALLSTANDARDCASE,Third Floor,,Finishing,Wall,Interior,1,N,,Added (synthetic),,GEVEL,Not Started,Finishing,0,Low,N,24 hrs (3 days),9.1,Finishing Subcontractor,2.0036,167,166,168,167,FIN-0,Subcontract,"Balcony railing installation, Third Floor",22.19,932.64,201.93,1134.57,1266.15,131.58,11.6,1306.93,1285.98,5,63.31,Pending,EUR,2015-08-05,
1SEgqQn0HA4hebPvPql32A,IFCWALLSTANDARDCASE,Third Floor,,Finishing,Wall,Interior,1,N,,Added (synthetic),,GEVEL,Not Started,Finishing,0,Low,N,24 hrs (3 days),9.1,Finishing Subcontractor,2.0036,167,166,168,167,FIN-0,Subcontract,"Balcony railing installation, Third Floor",22.19,932.64,201.93,1134.57,1266.15,131.58,11.6,1306.93,1285.98,5,63.31,Pending,EUR,2015-08-05,
03jDCRbWX5juY7T5suP$h9,IFCWALLSTANDARDCASE,Third Floor,,Finishing,Wall,Interior,1,N,,Added (synthetic),,GEVEL,Not Started,Finishing,0,Low,N,24 hrs (3 days),9.1,Finishing Subcontractor,2.0036,167,166,168,167,FIN-0,Subcontract,"Balcony railing installation, Third Floor",22.19,932.64,201.93,1134.57,1266.15,131.58,11.6,1306.93,1285.98,5,63.31,Pending,EUR,2015-08-05,
0y7qZLfyTFRxJCpK$rGvlq,IFCWALLSTANDARDCASE,Third Floor,,Finishing,Wall,Interior,1,N,,Added (synthetic),,GEVEL,Not Started,Finishing,0,Low,N,24 hrs (3 days),9.1,Finishing Subcontractor,2.0036,167,166,168,167,FIN-0,Subcontract,"Balcony railing installation, Third Floor",22.19,932.64,201.93,1134.57,1266.15,131.58,11.6,1306.93,1285.98,5,63.31,Pending,EUR,2015-08-05,
3sE5jXfPXFZgznxuVnQdCO,IFCWALLSTANDARDCASE,Third Floor,,Finishing,Wall,Interior,1,N,,Added (synthetic),,GEVEL,Not Started,Finishing,0,Low,N,24 hrs (3 days),9.1,Finishing Subcontractor,2.0036,167,166,168,167,FIN-0,Subcontract,"Balcony railing installation, Third Floor",22.19,932.64,201.93,1134.57,1266.15,131.58,11.6,1306.93,1285.98,5,63.31,Pending,EUR,2015-08-05,
0nrTWb4DvCCQtpg5uNJSdv,IFCWALLSTANDARDCASE,Third Floor,,Finishing,Wall,Interior,1,N,,Added (synthetic),,GEVEL,Not Started,Finishing,0,Low,N,24 hrs (3 days),9.1,Finishing Subcontractor,2.0036,167,166,168,167,FIN-0,Subcontract,"Balcony railing installation, Third Floor",22.19,932.64,201.93,1134.57,1266.15,131.58,11.6,1306.93,1285.98,5,63.31,Pending,EUR,2015-08-05,
2kIIPu2dr7u8bW3NRIt$iN,IFCWALLSTANDARDCASE,Third Floor,,Finishing,Wall,Interior,1,N,,Added (synthetic),,GEVEL,Not Started,Finishing,0,Low,N,24 hrs (3 days),9.1,Finishing Subcontractor,2.0036,167,166,168,167,FIN-0,Subcontract,"Balcony railing installation, Third Floor",22.19,932.64,201.93,1134.57,1266.15,131.58,11.6,1306.93,1285.98,5,63.31,Pending,EUR,2015-08-05,
29$cvhYMr99eZZSTXex7YO,IFCWALLSTANDARDCASE,Third Floor,,Finishing,Wall,Interior,1,N,,Added (synthetic),,GEVEL,Not Started,Finishing,0,Low,N,24 hrs (3 days),9.1,Finishing Subcontractor,2.0036,167,166,168,167,FIN-0,Subcontract,"Balcony railing installation, Third Floor",22.19,932.64,201.93,1134.57,1266.15,131.58,11.6,1306.93,1285.98,5,63.31,Pending,EUR,2015-08-05,
0j5C6LoLTDdevKXyVVZKEr,IFCWALLSTANDARDCASE,Third Floor,,Finishing,Wall,Interior,1,N,,Added (synthetic),,GEVEL,Not Started,Finishing,0,Low,N,24 hrs (3 days),9.1,Finishing Subcontractor,2.0036,167,166,168,167,FIN-0,Subcontract,"Balcony railing installation, Third Floor",22.19,932.64,201.93,1134.57,1266.15,131.58,11.6,1306.93,1285.98,5,63.31,Pending,EUR,2015-08-05,
3TK6FSuO9AVg4wHo$O3IN3,IFCWALLSTANDARDCASE,Third Floor,,Facade,Wall,Exterior,5,N,,Added (synthetic),,GEVEL,Not Started,Facade,0,Medium,Y,,,Facade/Masonry Subcontractor,,,,,,FAC-0,Subcontract,,,,,,,,,,,5,,,EUR,,
1hsZ5cIZbElRpA938d3ffl,IFCWALLSTANDARDCASE,Third Floor,,Facade,Wall,Exterior,5,N,,Added (synthetic),,GEVEL,Not Started,Facade,0,Medium,Y,,,Facade/Masonry Subcontractor,,,,,,FAC-0,Subcontract,,,,,,,,,,,5,,,EUR,,
3JDoqJnxb3Qe97DYfI5N2S,IFCWALLSTANDARDCASE,Third Floor,,Finishing,Wall,Interior,1,N,,Added (synthetic),,GEVEL,Not Started,Finishing,0,Low,N,24 hrs (3 days),9.1,Finishing Subcontractor,2.0036,167,166,168,167,FIN-0,Subcontract,"Balcony railing installation, Third Floor",22.19,932.64,201.93,1134.57,1266.15,131.58,11.6,1306.93,1285.98,5,63.31,Pending,EUR,2015-08-05,
2ZxrJoH7j3rw1xO07B0ZYF,IFCWALLSTANDARDCASE,Third Floor,,Finishing,Wall,Interior,1,N,,Added (synthetic),,GEVEL,Not Started,Finishing,0,Low,N,24 hrs (3 days),9.1,Finishing Subcontractor,2.0036,167,166,168,167,FIN-0,Subcontract,"Balcony railing installation, Third Floor",22.19,932.64,201.93,1134.57,1266.15,131.58,11.6,1306.93,1285.98,5,63.31,Pending,EUR,2015-08-05,
1AhlHMJ056E9Z8jbCHAyal,IFCWALLSTANDARDCASE,Third Floor,,Finishing,Wall,Interior,1,N,,Added (synthetic),,GEVEL,Not Started,Finishing,0,Low,N,24 hrs (3 days),9.1,Finishing Subcontractor,2.0036,167,166,168,167,FIN-0,Subcontract,"Balcony railing installation, Third Floor",22.19,932.64,201.93,1134.57,1266.15,131.58,11.6,1306.93,1285.98,5,63.31,Pending,EUR,2015-08-05,
1AhWX5khb3eP6V6d393etE,IFCWALLSTANDARDCASE,Third Floor,,Finishing,Wall,Interior,1,N,,Added (synthetic),,GEVEL,Not Started,Finishing,0,Low,N,24 hrs (3 days),9.1,Finishing Subcontractor,2.0036,167,166,168,167,FIN-0,Subcontract,"Balcony railing installation, Third Floor",22.19,932.64,201.93,1134.57,1266.15,131.58,11.6,1306.93,1285.98,5,63.31,Pending,EUR,2015-08-05,
1amFc_TRT6hPyr2tODHze7,IFCWALLSTANDARDCASE,Roof,,Structural,Wall,Exterior,36,N,,Original,,UITVOERING,Complete,Structural,100,High,Yes,,,Main Contractor - Structural Crew,,,,,,STR-0,Subcontract,,,,,,,,,,,5,,,EUR,,
3z8lK3Ks97n8dXJTJuwYh1,IFCWALLSTANDARDCASE,Roof,,Structural,Wall,Exterior,36,N,,Original,,UITVOERING,Complete,Structural,100,High,Yes,,,Main Contractor - Structural Crew,,,,,,STR-0,Subcontract,,,,,,,,,,,5,,,EUR,,
2qrvVkep90wRmHFYUy6Epb,IFCWALLSTANDARDCASE,Roof,,Structural,Wall,Exterior,36,N,,Original,,UITVOERING,Complete,Structural,100,High,Yes,,,Main Contractor - Structural Crew,,,,,,STR-0,Subcontract,,,,,,,,,,,5,,,EUR,,
00vrd77kP3I9l5yH8Fiv1u,IFCWALLSTANDARDCASE,Roof,,Structural,Wall,Exterior,36,N,,Original,,UITVOERING,Complete,Structural,100,High,Yes,,,Main Contractor - Structural Crew,,,,,,STR-0,Subcontract,,,,,,,,,,,5,,,EUR,,
2vImyoNwX9iBXoTp4G3gAg,IFCWINDOW,Ground Floor,,Finishing,Window,Exterior,1,N,,Added (synthetic),,GEVEL,Not Started,Finishing,0,Low,N,16 hrs (2 days),11.9,Finishing Subcontractor,2.0018,149,148,150,149,FIN-0,Subcontract,"Balcony railing installation, Ground Floor",18.56,796.48,220.86,1017.34,1126.81,109.47,10.8,1179.25,1146.09,5,56.34,Pending,EUR,2015-06-18,
2pFYENFv91ygvyAeZOYi93,IFCWINDOW,Ground Floor,,Finishing,Window,Exterior,1,N,,Added (synthetic),,GEVEL,Not Started,Finishing,0,Low,N,16 hrs (2 days),11.9,Finishing Subcontractor,2.0018,149,148,150,149,FIN-0,Subcontract,"Balcony railing installation, Ground Floor",18.56,796.48,220.86,1017.34,1126.81,109.47,10.8,1179.25,1146.09,5,56.34,Pending,EUR,2015-06-18,
3fcHQBt3H23QcTv6yhJwzo,IFCWINDOW,Ground Floor,,Finishing,Window,Exterior,1,N,,Added (synthetic),,GEVEL,Not Started,Finishing,0,Low,N,16 hrs (2 days),11.9,Finishing Subcontractor,2.0018,149,148,150,149,FIN-0,Subcontract,"Balcony railing installation, Ground Floor",18.56,796.48,220.86,1017.34,1126.81,109.47,10.8,1179.25,1146.09,5,56.34,Pending,EUR,2015-06-18,
0_Jo1N31L7z9swemKCMYlB,IFCWINDOW,Ground Floor,,Finishing,Window,Exterior,1,N,,Added (synthetic),,GEVEL,Not Started,Finishing,0,Low,N,16 hrs (2 days),11.9,Finishing Subcontractor,2.0018,149,148,150,149,FIN-0,Subcontract,"Balcony railing installation, Ground Floor",18.56,796.48,220.86,1017.34,1126.81,109.47,10.8,1179.25,1146.09,5,56.34,Pending,EUR,2015-06-18,
1rAoTfcZXDceLlFXNEmX1C,IFCWINDOW,Ground Floor,,Finishing,Window,Exterior,1,N,,Added (synthetic),,GEVEL,Not Started,Finishing,0,Low,N,16 hrs (2 days),11.9,Finishing Subcontractor,2.0018,149,148,150,149,FIN-0,Subcontract,"Balcony railing installation, Ground Floor",18.56,796.48,220.86,1017.34,1126.81,109.47,10.8,1179.25,1146.09,5,56.34,Pending,EUR,2015-06-18,
0Nx0E1OHf1DuxTjjuUm2Ac,IFCWINDOW,Ground Floor,,Finishing,Window,Exterior,1,N,,Added (synthetic),,GEVEL,Not Started,Finishing,0,Low,N,16 hrs (2 days),11.9,Finishing Subcontractor,2.0018,149,148,150,149,FIN-0,Subcontract,"Balcony railing installation, Ground Floor",18.56,796.48,220.86,1017.34,1126.81,109.47,10.8,1179.25,1146.09,5,56.34,Pending,EUR,2015-06-18,
2heiRUoHL5xvP8RwhYL$bG,IFCWINDOW,Ground Floor,,Finishing,Window,Exterior,1,N,,Added (synthetic),,GEVEL,Not Started,Finishing,0,Low,N,16 hrs (2 days),11.9,Finishing Subcontractor,2.0018,149,148,150,149,FIN-0,Subcontract,"Balcony railing installation, Ground Floor",18.56,796.48,220.86,1017.34,1126.81,109.47,10.8,1179.25,1146.09,5,56.34,Pending,EUR,2015-06-18,
2GfFhoq6r37vCpbSN6CZTL,IFCWINDOW,Ground Floor,,Finishing,Window,Exterior,1,N,,Added (synthetic),,GEVEL,Not Started,Finishing,0,Low,N,16 hrs (2 days),11.9,Finishing Subcontractor,2.0018,149,148,150,149,FIN-0,Subcontract,"Balcony railing installation, Ground Floor",18.56,796.48,220.86,1017.34,1126.81,109.47,10.8,1179.25,1146.09,5,56.34,Pending,EUR,2015-06-18,
2nrdDYGJ9BhvAHtSOD2bVI,IFCWINDOW,Ground Floor,,Finishing,Window,Exterior,1,N,,Added (synthetic),,GEVEL,Not Started,Finishing,0,Low,N,16 hrs (2 days),11.9,Finishing Subcontractor,2.0018,149,148,150,149,FIN-0,Subcontract,"Balcony railing installation, Ground Floor",18.56,796.48,220.86,1017.34,1126.81,109.47,10.8,1179.25,1146.09,5,56.34,Pending,EUR,2015-06-18,
0MV6oKxM90DANOdrZ1T$9f,IFCWINDOW,Ground Floor,,Finishing,Window,Exterior,1,N,,Added (synthetic),,GEVEL,Not Started,Finishing,0,Low,N,16 hrs (2 days),11.9,Finishing Subcontractor,2.0018,149,148,150,149,FIN-0,Subcontract,"Balcony railing installation, Ground Floor",18.56,796.48,220.86,1017.34,1126.81,109.47,10.8,1179.25,1146.09,5,56.34,Pending,EUR,2015-06-18,
3mgONbLNL2DxrM$kkxuZbY,IFCWINDOW,Ground Floor,,Finishing,Window,Exterior,1,N,,Added (synthetic),,GEVEL,Not Started,Finishing,0,Low,N,16 hrs (2 days),11.9,Finishing Subcontractor,2.0018,149,148,150,149,FIN-0,Subcontract,"Balcony railing installation, Ground Floor",18.56,796.48,220.86,1017.34,1126.81,109.47,10.8,1179.25,1146.09,5,56.34,Pending,EUR,2015-06-18,
3la5L9LMH0juxb_CD9s6XA,IFCWINDOW,Ground Floor,,Finishing,Window,Exterior,1,N,,Added (synthetic),,GEVEL,Not Started,Finishing,0,Low,N,16 hrs (2 days),11.9,Finishing Subcontractor,2.0018,149,148,150,149,FIN-0,Subcontract,"Balcony railing installation, Ground Floor",18.56,796.48,220.86,1017.34,1126.81,109.47,10.8,1179.25,1146.09,5,56.34,Pending,EUR,2015-06-18,
1RJVF591z4bOy_pjsU4XRe,IFCWINDOW,Ground Floor,,Finishing,Window,Exterior,1,N,,Added (synthetic),,GEVEL,Not Started,Finishing,0,Low,N,16 hrs (2 days),11.9,Finishing Subcontractor,2.0018,149,148,150,149,FIN-0,Subcontract,"Balcony railing installation, Ground Floor",18.56,796.48,220.86,1017.34,1126.81,109.47,10.8,1179.25,1146.09,5,56.34,Pending,EUR,2015-06-18,
17GhR_gATFhuBAeAn9fPma,IFCWINDOW,Ground Floor,,Finishing,Window,Exterior,1,N,,Added (synthetic),,GEVEL,Not Started,Finishing,0,Low,N,16 hrs (2 days),11.9,Finishing Subcontractor,2.0018,149,148,150,149,FIN-0,Subcontract,"Balcony railing installation, Ground Floor",18.56,796.48,220.86,1017.34,1126.81,109.47,10.8,1179.25,1146.09,5,56.34,Pending,EUR,2015-06-18,
0WtDl5Fx1CGO$F0RJCi8b$,IFCWINDOW,Ground Floor,,Finishing,Window,Exterior,1,N,,Added (synthetic),,GEVEL,Not Started,Finishing,0,Low,N,16 hrs (2 days),11.9,Finishing Subcontractor,2.0018,149,148,150,149,FIN-0,Subcontract,"Balcony railing installation, Ground Floor",18.56,796.48,220.86,1017.34,1126.81,109.47,10.8,1179.25,1146.09,5,56.34,Pending,EUR,2015-06-18,
0fKwIjRKL2ThQh97F1hsVV,IFCWINDOW,Ground Floor,,Finishing,Window,Exterior,1,N,,Added (synthetic),,GEVEL,Not Started,Finishing,0,Low,N,16 hrs (2 days),11.9,Finishing Subcontractor,2.0018,149,148,150,149,FIN-0,Subcontract,"Balcony railing installation, Ground Floor",18.56,796.48,220.86,1017.34,1126.81,109.47,10.8,1179.25,1146.09,5,56.34,Pending,EUR,2015-06-18,
3IkJ5kYzHBoxsDRsZeWtto,IFCWINDOW,Ground Floor,,Finishing,Window,Exterior,1,N,,Added (synthetic),,GEVEL,Not Started,Finishing,0,Low,N,16 hrs (2 days),11.9,Finishing Subcontractor,2.0018,149,148,150,149,FIN-0,Subcontract,"Balcony railing installation, Ground Floor",18.56,796.48,220.86,1017.34,1126.81,109.47,10.8,1179.25,1146.09,5,56.34,Pending,EUR,2015-06-18,
1DmcUaFzzFFhg92TJQnxyJ,IFCWINDOW,Ground Floor,,Finishing,Window,Exterior,1,N,,Added (synthetic),,GEVEL,Not Started,Finishing,0,Low,N,16 hrs (2 days),11.9,Finishing Subcontractor,2.0018,149,148,150,149,FIN-0,Subcontract,"Balcony railing installation, Ground Floor",18.56,796.48,220.86,1017.34,1126.81,109.47,10.8,1179.25,1146.09,5,56.34,Pending,EUR,2015-06-18,
0eASoFkCvD_OTC_ct3cBps,IFCWINDOW,Ground Floor,,Finishing,Window,Exterior,1,N,,Added (synthetic),,GEVEL,Not Started,Finishing,0,Low,N,16 hrs (2 days),11.9,Finishing Subcontractor,2.0018,149,148,150,149,FIN-0,Subcontract,"Balcony railing installation, Ground Floor",18.56,796.48,220.86,1017.34,1126.81,109.47,10.8,1179.25,1146.09,5,56.34,Pending,EUR,2015-06-18,
359iTTnTv3NfCfWlSW9JFd,IFCWINDOW,Ground Floor,,Finishing,Window,Exterior,1,N,,Added (synthetic),,GEVEL,Not Started,Finishing,0,Low,N,16 hrs (2 days),11.9,Finishing Subcontractor,2.0018,149,148,150,149,FIN-0,Subcontract,"Balcony railing installation, Ground Floor",18.56,796.48,220.86,1017.34,1126.81,109.47,10.8,1179.25,1146.09,5,56.34,Pending,EUR,2015-06-18,
2C60pqTzP8BR1K24Yag_n6,IFCWINDOW,Ground Floor,,Finishing,Window,Exterior,1,N,,Added (synthetic),,GEVEL,Not Started,Finishing,0,Low,N,16 hrs (2 days),11.9,Finishing Subcontractor,2.0018,149,148,150,149,FIN-0,Subcontract,"Balcony railing installation, Ground Floor",18.56,796.48,220.86,1017.34,1126.81,109.47,10.8,1179.25,1146.09,5,56.34,Pending,EUR,2015-06-18,
2_US9yS$f6xgGifWmRr3ce,IFCWINDOW,Ground Floor,,Finishing,Window,Exterior,1,N,,Added (synthetic),,GEVEL,Not Started,Finishing,0,Low,N,16 hrs (2 days),11.9,Finishing Subcontractor,2.0018,149,148,150,149,FIN-0,Subcontract,"Balcony railing installation, Ground Floor",18.56,796.48,220.86,1017.34,1126.81,109.47,10.8,1179.25,1146.09,5,56.34,Pending,EUR,2015-06-18,
3to0Qbzn57AgGEPgcKjSko,IFCWINDOW,Ground Floor,,Finishing,Window,Exterior,1,N,,Added (synthetic),,GEVEL,Not Started,Finishing,0,Low,N,16 hrs (2 days),11.9,Finishing Subcontractor,2.0018,149,148,150,149,FIN-0,Subcontract,"Balcony railing installation, Ground Floor",18.56,796.48,220.86,1017.34,1126.81,109.47,10.8,1179.25,1146.09,5,56.34,Pending,EUR,2015-06-18,
3IRXQx1CX8oxFXhqXHMp_E,IFCWINDOW,Ground Floor,,Finishing,Window,Exterior,1,N,,Added (synthetic),,GEVEL,Not Started,Finishing,0,Low,N,16 hrs (2 days),11.9,Finishing Subcontractor,2.0018,149,148,150,149,FIN-0,Subcontract,"Balcony railing installation, Ground Floor",18.56,796.48,220.86,1017.34,1126.81,109.47,10.8,1179.25,1146.09,5,56.34,Pending,EUR,2015-06-18,
1Jl$pXjvz5zg9fEBTGRb9s,IFCWINDOW,Ground Floor,,Finishing,Window,Exterior,1,N,,Added (synthetic),,GEVEL,Not Started,Finishing,0,Low,N,16 hrs (2 days),11.9,Finishing Subcontractor,2.0018,149,148,150,149,FIN-0,Subcontract,"Balcony railing installation, Ground Floor",18.56,796.48,220.86,1017.34,1126.81,109.47,10.8,1179.25,1146.09,5,56.34,Pending,EUR,2015-06-18,
2tzwPzboDCgRcvSj$vm6HZ,IFCWINDOW,Ground Floor,,Finishing,Window,Exterior,1,N,,Added (synthetic),,GEVEL,Not Started,Finishing,0,Low,N,16 hrs (2 days),11.9,Finishing Subcontractor,2.0018,149,148,150,149,FIN-0,Subcontract,"Balcony railing installation, Ground Floor",18.56,796.48,220.86,1017.34,1126.81,109.47,10.8,1179.25,1146.09,5,56.34,Pending,EUR,2015-06-18,
02VFt8mFjD7RYPk4wtj6oc,IFCWINDOW,Ground Floor,,Finishing,Window,Exterior,1,N,,Added (synthetic),,GEVEL,Not Started,Finishing,0,Low,N,16 hrs (2 days),11.9,Finishing Subcontractor,2.0018,149,148,150,149,FIN-0,Subcontract,"Balcony railing installation, Ground Floor",18.56,796.48,220.86,1017.34,1126.81,109.47,10.8,1179.25,1146.09,5,56.34,Pending,EUR,2015-06-18,
3xZl0Z8zH6Few7zjaPUgW9,IFCWINDOW,Ground Floor,,Finishing,Window,Exterior,1,N,,Added (synthetic),,GEVEL,Not Started,Finishing,0,Low,N,16 hrs (2 days),11.9,Finishing Subcontractor,2.0018,149,148,150,149,FIN-0,Subcontract,"Balcony railing installation, Ground Floor",18.56,796.48,220.86,1017.34,1126.81,109.47,10.8,1179.25,1146.09,5,56.34,Pending,EUR,2015-06-18,
10rQERlhDCbxXJCT$_92RE,IFCWINDOW,Ground Floor,,Finishing,Window,Exterior,1,N,,Added (synthetic),,GEVEL,Not Started,Finishing,0,Low,N,16 hrs (2 days),11.9,Finishing Subcontractor,2.0018,149,148,150,149,FIN-0,Subcontract,"Balcony railing installation, Ground Floor",18.56,796.48,220.86,1017.34,1126.81,109.47,10.8,1179.25,1146.09,5,56.34,Pending,EUR,2015-06-18,
1e$Zm7EmzAgRS0uBDNJlVg,IFCWINDOW,Ground Floor,,Finishing,Window,Exterior,1,N,,Added (synthetic),,GEVEL,Not Started,Finishing,0,Low,N,16 hrs (2 days),11.9,Finishing Subcontractor,2.0018,149,148,150,149,FIN-0,Subcontract,"Balcony railing installation, Ground Floor",18.56,796.48,220.86,1017.34,1126.81,109.47,10.8,1179.25,1146.09,5,56.34,Pending,EUR,2015-06-18,
3NI6Sp$yf87eKCx0T$FWj3,IFCWINDOW,Ground Floor,,Finishing,Window,Exterior,1,N,,Added (synthetic),,GEVEL,Not Started,Finishing,0,Low,N,16 hrs (2 days),11.9,Finishing Subcontractor,2.0018,149,148,150,149,FIN-0,Subcontract,"Balcony railing installation, Ground Floor",18.56,796.48,220.86,1017.34,1126.81,109.47,10.8,1179.25,1146.09,5,56.34,Pending,EUR,2015-06-18,
1dvN3gzSD4L9Bv2$zoJRLk,IFCWINDOW,Ground Floor,,Finishing,Window,Exterior,1,N,,Added (synthetic),,GEVEL,Not Started,Finishing,0,Low,N,16 hrs (2 days),11.9,Finishing Subcontractor,2.0018,149,148,150,149,FIN-0,Subcontract,"Balcony railing installation, Ground Floor",18.56,796.48,220.86,1017.34,1126.81,109.47,10.8,1179.25,1146.09,5,56.34,Pending,EUR,2015-06-18,
2xD3QGjx90oAGyybkEra8b,IFCWINDOW,Ground Floor,,Finishing,Window,Exterior,1,N,,Added (synthetic),,GEVEL,Not Started,Finishing,0,Low,N,16 hrs (2 days),11.9,Finishing Subcontractor,2.0018,149,148,150,149,FIN-0,Subcontract,"Balcony railing installation, Ground Floor",18.56,796.48,220.86,1017.34,1126.81,109.47,10.8,1179.25,1146.09,5,56.34,Pending,EUR,2015-06-18,
2Ot4pojY5A_AuSDtpUwI4i,IFCWINDOW,Ground Floor,,Finishing,Window,Exterior,1,N,,Added (synthetic),,GEVEL,Not Started,Finishing,0,Low,N,16 hrs (2 days),11.9,Finishing Subcontractor,2.0018,149,148,150,149,FIN-0,Subcontract,"Balcony railing installation, Ground Floor",18.56,796.48,220.86,1017.34,1126.81,109.47,10.8,1179.25,1146.09,5,56.34,Pending,EUR,2015-06-18,
19iI2eJ35DvhstxdCyQr3B,IFCWINDOW,Ground Floor,,Finishing,Window,Exterior,1,N,,Added (synthetic),,GEVEL,Not Started,Finishing,0,Low,N,16 hrs (2 days),11.9,Finishing Subcontractor,2.0018,149,148,150,149,FIN-0,Subcontract,"Balcony railing installation, Ground Floor",18.56,796.48,220.86,1017.34,1126.81,109.47,10.8,1179.25,1146.09,5,56.34,Pending,EUR,2015-06-18,
0eUeiTKgL8z9I4w$AnfEgY,IFCWINDOW,Ground Floor,,Finishing,Window,Exterior,1,N,,Added (synthetic),,GEVEL,Not Started,Finishing,0,Low,N,16 hrs (2 days),11.9,Finishing Subcontractor,2.0018,149,148,150,149,FIN-0,Subcontract,"Balcony railing installation, Ground Floor",18.56,796.48,220.86,1017.34,1126.81,109.47,10.8,1179.25,1146.09,5,56.34,Pending,EUR,2015-06-18,
1GOpmZWFHFPu8qESPn3F3y,IFCWINDOW,Ground Floor,,Finishing,Window,Exterior,1,N,,Added (synthetic),,GEVEL,Not Started,Finishing,0,Low,N,16 hrs (2 days),11.9,Finishing Subcontractor,2.0018,149,148,150,149,FIN-0,Subcontract,"Balcony railing installation, Ground Floor",18.56,796.48,220.86,1017.34,1126.81,109.47,10.8,1179.25,1146.09,5,56.34,Pending,EUR,2015-06-18,
2BeulVMFHFJum3B9E9M$fY,IFCWINDOW,Ground Floor,,Finishing,Window,Exterior,1,N,,Added (synthetic),,GEVEL,Not Started,Finishing,0,Low,N,16 hrs (2 days),11.9,Finishing Subcontractor,2.0018,149,148,150,149,FIN-0,Subcontract,"Balcony railing installation, Ground Floor",18.56,796.48,220.86,1017.34,1126.81,109.47,10.8,1179.25,1146.09,5,56.34,Pending,EUR,2015-06-18,
3oJTPYwxj7P9M9aWsDpJCD,IFCWINDOW,Ground Floor,,Finishing,Window,Exterior,1,N,,Added (synthetic),,GEVEL,Not Started,Finishing,0,Low,N,16 hrs (2 days),11.9,Finishing Subcontractor,2.0018,149,148,150,149,FIN-0,Subcontract,"Balcony railing installation, Ground Floor",18.56,796.48,220.86,1017.34,1126.81,109.47,10.8,1179.25,1146.09,5,56.34,Pending,EUR,2015-06-18,
03lGFt1VjBDe6syvgmNFAy,IFCWINDOW,Ground Floor,,Finishing,Window,Exterior,1,N,,Added (synthetic),,GEVEL,Not Started,Finishing,0,Low,N,16 hrs (2 days),11.9,Finishing Subcontractor,2.0018,149,148,150,149,FIN-0,Subcontract,"Balcony railing installation, Ground Floor",18.56,796.48,220.86,1017.34,1126.81,109.47,10.8,1179.25,1146.09,5,56.34,Pending,EUR,2015-06-18,
0Ud441PPT0DRsLxYPFfaWG,IFCWINDOW,Ground Floor,,Finishing,Window,Exterior,1,N,,Added (synthetic),,GEVEL,Not Started,Finishing,0,Low,N,16 hrs (2 days),11.9,Finishing Subcontractor,2.0018,149,148,150,149,FIN-0,Subcontract,"Balcony railing installation, Ground Floor",18.56,796.48,220.86,1017.34,1126.81,109.47,10.8,1179.25,1146.09,5,56.34,Pending,EUR,2015-06-18,
10Z6sfVZn3GfZCDuDGVlAZ,IFCWINDOW,Ground Floor,,Finishing,Window,Exterior,1,N,,Added (synthetic),,GEVEL,Not Started,Finishing,0,Low,N,16 hrs (2 days),11.9,Finishing Subcontractor,2.0018,149,148,150,149,FIN-0,Subcontract,"Balcony railing installation, Ground Floor",18.56,796.48,220.86,1017.34,1126.81,109.47,10.8,1179.25,1146.09,5,56.34,Pending,EUR,2015-06-18,
2dnwTIzFTAD9hapAlqsr5S,IFCWINDOW,Ground Floor,,Finishing,Window,Exterior,1,N,,Added (synthetic),,GEVEL,Not Started,Finishing,0,Low,N,16 hrs (2 days),11.9,Finishing Subcontractor,2.0018,149,148,150,149,FIN-0,Subcontract,"Balcony railing installation, Ground Floor",18.56,796.48,220.86,1017.34,1126.81,109.47,10.8,1179.25,1146.09,5,56.34,Pending,EUR,2015-06-18,
3dRgtW3QbEsQYyv9xoJ71y,IFCWINDOW,Ground Floor,,Finishing,Window,Exterior,1,N,,Added (synthetic),,GEVEL,Not Started,Finishing,0,Low,N,16 hrs (2 days),11.9,Finishing Subcontractor,2.0018,149,148,150,149,FIN-0,Subcontract,"Balcony railing installation, Ground Floor",18.56,796.48,220.86,1017.34,1126.81,109.47,10.8,1179.25,1146.09,5,56.34,Pending,EUR,2015-06-18,
2tncJiXU52xOIwnI4dHkq$,IFCWINDOW,Ground Floor,,Finishing,Window,Exterior,1,N,,Added (synthetic),,GEVEL,Not Started,Finishing,0,Low,N,16 hrs (2 days),11.9,Finishing Subcontractor,2.0018,149,148,150,149,FIN-0,Subcontract,"Balcony railing installation, Ground Floor",18.56,796.48,220.86,1017.34,1126.81,109.47,10.8,1179.25,1146.09,5,56.34,Pending,EUR,2015-06-18,
3hlYOSdNT3hRiePew15h4T,IFCWINDOW,Ground Floor,,Finishing,Window,Exterior,1,N,,Added (synthetic),,GEVEL,Not Started,Finishing,0,Low,N,16 hrs (2 days),11.9,Finishing Subcontractor,2.0018,149,148,150,149,FIN-0,Subcontract,"Balcony railing installation, Ground Floor",18.56,796.48,220.86,1017.34,1126.81,109.47,10.8,1179.25,1146.09,5,56.34,Pending,EUR,2015-06-18,
37gZNsSDL4iu1S6Wor3ZPj,IFCWINDOW,Ground Floor,,Finishing,Window,Exterior,1,N,,Added (synthetic),,GEVEL,Not Started,Finishing,0,Low,N,16 hrs (2 days),11.9,Finishing Subcontractor,2.0018,149,148,150,149,FIN-0,Subcontract,"Balcony railing installation, Ground Floor",18.56,796.48,220.86,1017.34,1126.81,109.47,10.8,1179.25,1146.09,5,56.34,Pending,EUR,2015-06-18,
1O6tmJybvFcAq4a7J9rLAN,IFCWINDOW,Ground Floor,,Finishing,Window,Exterior,1,N,,Added (synthetic),,GEVEL,Not Started,Finishing,0,Low,N,16 hrs (2 days),11.9,Finishing Subcontractor,2.0018,149,148,150,149,FIN-0,Subcontract,"Balcony railing installation, Ground Floor",18.56,796.48,220.86,1017.34,1126.81,109.47,10.8,1179.25,1146.09,5,56.34,Pending,EUR,2015-06-18,
2AtqXLL8bAsei5_CKwpj0y,IFCWINDOW,Ground Floor,,Finishing,Window,Exterior,1,N,,Added (synthetic),,GEVEL,Not Started,Finishing,0,Low,N,16 hrs (2 days),11.9,Finishing Subcontractor,2.0018,149,148,150,149,FIN-0,Subcontract,"Balcony railing installation, Ground Floor",18.56,796.48,220.86,1017.34,1126.81,109.47,10.8,1179.25,1146.09,5,56.34,Pending,EUR,2015-06-18,
0rOlpuy6fEpfuuqvscj$PW,IFCWINDOW,Ground Floor,,Finishing,Window,Exterior,1,N,,Added (synthetic),,GEVEL,Not Started,Finishing,0,Low,N,16 hrs (2 days),11.9,Finishing Subcontractor,2.0018,149,148,150,149,FIN-0,Subcontract,"Balcony railing installation, Ground Floor",18.56,796.48,220.86,1017.34,1126.81,109.47,10.8,1179.25,1146.09,5,56.34,Pending,EUR,2015-06-18,
1rfLYazSH8GBcQryKstIs3,IFCWINDOW,Ground Floor,,Finishing,Window,Exterior,1,N,,Added (synthetic),,GEVEL,Not Started,Finishing,0,Low,N,16 hrs (2 days),11.9,Finishing Subcontractor,2.0018,149,148,150,149,FIN-0,Subcontract,"Balcony railing installation, Ground Floor",18.56,796.48,220.86,1017.34,1126.81,109.47,10.8,1179.25,1146.09,5,56.34,Pending,EUR,2015-06-18,
3QJnmlRqz5_fVrar74KrOo,IFCWINDOW,Ground Floor,,Finishing,Window,Exterior,1,N,,Added (synthetic),,GEVEL,Not Started,Finishing,0,Low,N,16 hrs (2 days),11.9,Finishing Subcontractor,2.0018,149,148,150,149,FIN-0,Subcontract,"Balcony railing installation, Ground Floor",18.56,796.48,220.86,1017.34,1126.81,109.47,10.8,1179.25,1146.09,5,56.34,Pending,EUR,2015-06-18,
207c7$G7HAOg5y2_1xjv$F,IFCWINDOW,Ground Floor,,Finishing,Window,Exterior,1,N,,Added (synthetic),,GEVEL,Not Started,Finishing,0,Low,N,16 hrs (2 days),11.9,Finishing Subcontractor,2.0018,149,148,150,149,FIN-0,Subcontract,"Balcony railing installation, Ground Floor",18.56,796.48,220.86,1017.34,1126.81,109.47,10.8,1179.25,1146.09,5,56.34,Pending,EUR,2015-06-18,
2ThtpyjZn4q8nYD1vikjMG,IFCWINDOW,Ground Floor,,Finishing,Window,Exterior,1,N,,Added (synthetic),,GEVEL,Not Started,Finishing,0,Low,N,16 hrs (2 days),11.9,Finishing Subcontractor,2.0018,149,148,150,149,FIN-0,Subcontract,"Balcony railing installation, Ground Floor",18.56,796.48,220.86,1017.34,1126.81,109.47,10.8,1179.25,1146.09,5,56.34,Pending,EUR,2015-06-18,
2YXmX7u6r4yOOh$kIa$Gd6,IFCWINDOW,Ground Floor,,Finishing,Window,Exterior,1,N,,Added (synthetic),,GEVEL,Not Started,Finishing,0,Low,N,16 hrs (2 days),11.9,Finishing Subcontractor,2.0018,149,148,150,149,FIN-0,Subcontract,"Balcony railing installation, Ground Floor",18.56,796.48,220.86,1017.34,1126.81,109.47,10.8,1179.25,1146.09,5,56.34,Pending,EUR,2015-06-18,
0YMesrJsv8ZAfgcOQkjCTb,IFCWINDOW,Ground Floor,,Finishing,Window,Exterior,1,N,,Added (synthetic),,GEVEL,Not Started,Finishing,0,Low,N,16 hrs (2 days),11.9,Finishing Subcontractor,2.0018,149,148,150,149,FIN-0,Subcontract,"Balcony railing installation, Ground Floor",18.56,796.48,220.86,1017.34,1126.81,109.47,10.8,1179.25,1146.09,5,56.34,Pending,EUR,2015-06-18,
2If2Aad390NwFBO7uQvqMr,IFCWINDOW,Ground Floor,,Finishing,Window,Exterior,1,N,,Added (synthetic),,GEVEL,Not Started,Finishing,0,Low,N,16 hrs (2 days),11.9,Finishing Subcontractor,2.0018,149,148,150,149,FIN-0,Subcontract,"Balcony railing installation, Ground Floor",18.56,796.48,220.86,1017.34,1126.81,109.47,10.8,1179.25,1146.09,5,56.34,Pending,EUR,2015-06-18,
0mtRbwfO1BTwxiSzggSc8I,IFCWINDOW,Ground Floor,,Finishing,Window,Exterior,1,N,,Added (synthetic),,GEVEL,Not Started,Finishing,0,Low,N,16 hrs (2 days),11.9,Finishing Subcontractor,2.0018,149,148,150,149,FIN-0,Subcontract,"Balcony railing installation, Ground Floor",18.56,796.48,220.86,1017.34,1126.81,109.47,10.8,1179.25,1146.09,5,56.34,Pending,EUR,2015-06-18,
1DsH2dtvb1EQXXq4tfBtYg,IFCWINDOW,Ground Floor,,Finishing,Window,Exterior,1,N,,Added (synthetic),,GEVEL,Not Started,Finishing,0,Low,N,16 hrs (2 days),11.9,Finishing Subcontractor,2.0018,149,148,150,149,FIN-0,Subcontract,"Balcony railing installation, Ground Floor",18.56,796.48,220.86,1017.34,1126.81,109.47,10.8,1179.25,1146.09,5,56.34,Pending,EUR,2015-06-18,
2aVhmg2N92hhv4rjQpPXmo,IFCWINDOW,Ground Floor,,Finishing,Window,Exterior,1,N,,Added (synthetic),,GEVEL,Not Started,Finishing,0,Low,N,16 hrs (2 days),11.9,Finishing Subcontractor,2.0018,149,148,150,149,FIN-0,Subcontract,"Balcony railing installation, Ground Floor",18.56,796.48,220.86,1017.34,1126.81,109.47,10.8,1179.25,1146.09,5,56.34,Pending,EUR,2015-06-18,
0k6mb7kcX8yedFIwED8qcY,IFCWINDOW,Ground Floor,,Finishing,Window,Exterior,1,N,,Added (synthetic),,GEVEL,Not Started,Finishing,0,Low,N,16 hrs (2 days),11.9,Finishing Subcontractor,2.0018,149,148,150,149,FIN-0,Subcontract,"Balcony railing installation, Ground Floor",18.56,796.48,220.86,1017.34,1126.81,109.47,10.8,1179.25,1146.09,5,56.34,Pending,EUR,2015-06-18,
0xlRUG5ID5LhgTY4CombXh,IFCWINDOW,Ground Floor,,Finishing,Window,Exterior,1,N,,Added (synthetic),,GEVEL,Not Started,Finishing,0,Low,N,16 hrs (2 days),11.9,Finishing Subcontractor,2.0018,149,148,150,149,FIN-0,Subcontract,"Balcony railing installation, Ground Floor",18.56,796.48,220.86,1017.34,1126.81,109.47,10.8,1179.25,1146.09,5,56.34,Pending,EUR,2015-06-18,
0r4F5aYpjDjepmJs0NROFT,IFCWINDOW,Ground Floor,,Finishing,Window,Exterior,1,N,,Added (synthetic),,GEVEL,Not Started,Finishing,0,Low,N,16 hrs (2 days),11.9,Finishing Subcontractor,2.0018,149,148,150,149,FIN-0,Subcontract,"Balcony railing installation, Ground Floor",18.56,796.48,220.86,1017.34,1126.81,109.47,10.8,1179.25,1146.09,5,56.34,Pending,EUR,2015-06-18,
2bJ1Gv3yL6nf$qJdsuPO4A,IFCWINDOW,Ground Floor,,Finishing,Window,Exterior,1,N,,Added (synthetic),,GEVEL,Not Started,Finishing,0,Low,N,16 hrs (2 days),11.9,Finishing Subcontractor,2.0018,149,148,150,149,FIN-0,Subcontract,"Balcony railing installation, Ground Floor",18.56,796.48,220.86,1017.34,1126.81,109.47,10.8,1179.25,1146.09,5,56.34,Pending,EUR,2015-06-18,
1WI7CxHKj8vQB6ZX1aG6wQ,IFCWINDOW,Ground Floor,,Finishing,Window,Exterior,1,N,,Added (synthetic),,GEVEL,Not Started,Finishing,0,Low,N,16 hrs (2 days),11.9,Finishing Subcontractor,2.0018,149,148,150,149,FIN-0,Subcontract,"Balcony railing installation, Ground Floor",18.56,796.48,220.86,1017.34,1126.81,109.47,10.8,1179.25,1146.09,5,56.34,Pending,EUR,2015-06-18,
1ty_8KokP6mQYlN4DZkOfx,IFCWINDOW,Ground Floor,,Finishing,Window,Exterior,1,N,,Added (synthetic),,GEVEL,Not Started,Finishing,0,Low,N,16 hrs (2 days),11.9,Finishing Subcontractor,2.0018,149,148,150,149,FIN-0,Subcontract,"Balcony railing installation, Ground Floor",18.56,796.48,220.86,1017.34,1126.81,109.47,10.8,1179.25,1146.09,5,56.34,Pending,EUR,2015-06-18,
0Cx5eRd2fAe9wmZ82jh8FB,IFCWINDOW,Ground Floor,,Finishing,Window,Exterior,1,N,,Added (synthetic),,GEVEL,Not Started,Finishing,0,Low,N,16 hrs (2 days),11.9,Finishing Subcontractor,2.0018,149,148,150,149,FIN-0,Subcontract,"Balcony railing installation, Ground Floor",18.56,796.48,220.86,1017.34,1126.81,109.47,10.8,1179.25,1146.09,5,56.34,Pending,EUR,2015-06-18,
3ZVnVKy4D1jBZcLcCGVgY2,IFCWINDOW,Ground Floor,,Finishing,Window,Exterior,1,N,,Added (synthetic),,GEVEL,Not Started,Finishing,0,Low,N,16 hrs (2 days),11.9,Finishing Subcontractor,2.0018,149,148,150,149,FIN-0,Subcontract,"Balcony railing installation, Ground Floor",18.56,796.48,220.86,1017.34,1126.81,109.47,10.8,1179.25,1146.09,5,56.34,Pending,EUR,2015-06-18,
3iKlrwnUHCxxRo4aLgJC8B,IFCWINDOW,Ground Floor,,Finishing,Window,Exterior,1,N,,Added (synthetic),,GEVEL,Not Started,Finishing,0,Low,N,16 hrs (2 days),11.9,Finishing Subcontractor,2.0018,149,148,150,149,FIN-0,Subcontract,"Balcony railing installation, Ground Floor",18.56,796.48,220.86,1017.34,1126.81,109.47,10.8,1179.25,1146.09,5,56.34,Pending,EUR,2015-06-18,
1KInL01tD6DQPBVoxre2dQ,IFCWINDOW,Ground Floor,,Finishing,Window,Exterior,1,N,,Added (synthetic),,GEVEL,Not Started,Finishing,0,Low,N,16 hrs (2 days),11.9,Finishing Subcontractor,2.0018,149,148,150,149,FIN-0,Subcontract,"Balcony railing installation, Ground Floor",18.56,796.48,220.86,1017.34,1126.81,109.47,10.8,1179.25,1146.09,5,56.34,Pending,EUR,2015-06-18,
2KZzNKvwr9uRVfzB5TmmYh,IFCWINDOW,Ground Floor,,Finishing,Window,Exterior,1,N,,Added (synthetic),,GEVEL,Not Started,Finishing,0,Low,N,16 hrs (2 days),11.9,Finishing Subcontractor,2.0018,149,148,150,149,FIN-0,Subcontract,"Balcony railing installation, Ground Floor",18.56,796.48,220.86,1017.34,1126.81,109.47,10.8,1179.25,1146.09,5,56.34,Pending,EUR,2015-06-18,
0GSlUrIePDQRL93MVCRQ89,IFCWINDOW,Ground Floor,,Finishing,Window,Exterior,1,N,,Added (synthetic),,GEVEL,Not Started,Finishing,0,Low,N,16 hrs (2 days),11.9,Finishing Subcontractor,2.0018,149,148,150,149,FIN-0,Subcontract,"Balcony railing installation, Ground Floor",18.56,796.48,220.86,1017.34,1126.81,109.47,10.8,1179.25,1146.09,5,56.34,Pending,EUR,2015-06-18,
2kU5XJFAf4Xe01xgsDZElh,IFCWINDOW,Ground Floor,,Finishing,Window,Exterior,1,N,,Added (synthetic),,GEVEL,Not Started,Finishing,0,Low,N,16 hrs (2 days),11.9,Finishing Subcontractor,2.0018,149,148,150,149,FIN-0,Subcontract,"Balcony railing installation, Ground Floor",18.56,796.48,220.86,1017.34,1126.81,109.47,10.8,1179.25,1146.09,5,56.34,Pending,EUR,2015-06-18,
2ft6HbZKD5ePF2WR3Q2yMt,IFCWINDOW,Ground Floor,,Finishing,Window,Exterior,1,N,,Added (synthetic),,GEVEL,Not Started,Finishing,0,Low,N,16 hrs (2 days),11.9,Finishing Subcontractor,2.0018,149,148,150,149,FIN-0,Subcontract,"Balcony railing installation, Ground Floor",18.56,796.48,220.86,1017.34,1126.81,109.47,10.8,1179.25,1146.09,5,56.34,Pending,EUR,2015-06-18,
2ri5H4RCf2ZuCMpo1Ccl52,IFCWINDOW,Ground Floor,,Finishing,Window,Exterior,1,N,,Added (synthetic),,GEVEL,Not Started,Finishing,0,Low,N,16 hrs (2 days),11.9,Finishing Subcontractor,2.0018,149,148,150,149,FIN-0,Subcontract,"Balcony railing installation, Ground Floor",18.56,796.48,220.86,1017.34,1126.81,109.47,10.8,1179.25,1146.09,5,56.34,Pending,EUR,2015-06-18,
0$CHzFOKD96AwIJnRtjmCz,IFCWINDOW,Ground Floor,,Finishing,Window,Exterior,1,N,,Added (synthetic),,GEVEL,Not Started,Finishing,0,Low,N,16 hrs (2 days),11.9,Finishing Subcontractor,2.0018,149,148,150,149,FIN-0,Subcontract,"Balcony railing installation, Ground Floor",18.56,796.48,220.86,1017.34,1126.81,109.47,10.8,1179.25,1146.09,5,56.34,Pending,EUR,2015-06-18,
1nwCQp6CL4h9AJo0EXhJBj,IFCWINDOW,Ground Floor,,Finishing,Window,Exterior,1,N,,Added (synthetic),,GEVEL,Not Started,Finishing,0,Low,N,16 hrs (2 days),11.9,Finishing Subcontractor,2.0018,149,148,150,149,FIN-0,Subcontract,"Balcony railing installation, Ground Floor",18.56,796.48,220.86,1017.34,1126.81,109.47,10.8,1179.25,1146.09,5,56.34,Pending,EUR,2015-06-18,
1rC9mTrqD7nRVVhL$0K1bF,IFCWINDOW,Ground Floor,,Finishing,Window,Exterior,1,N,,Added (synthetic),,GEVEL,Not Started,Finishing,0,Low,N,16 hrs (2 days),11.9,Finishing Subcontractor,2.0018,149,148,150,149,FIN-0,Subcontract,"Balcony railing installation, Ground Floor",18.56,796.48,220.86,1017.34,1126.81,109.47,10.8,1179.25,1146.09,5,56.34,Pending,EUR,2015-06-18,
2OeOjUpaH1bxNaxIEYZAXQ,IFCWINDOW,Ground Floor,,Finishing,Window,Exterior,1,N,,Added (synthetic),,GEVEL,Not Started,Finishing,0,Low,N,16 hrs (2 days),11.9,Finishing Subcontractor,2.0018,149,148,150,149,FIN-0,Subcontract,"Balcony railing installation, Ground Floor",18.56,796.48,220.86,1017.34,1126.81,109.47,10.8,1179.25,1146.09,5,56.34,Pending,EUR,2015-06-18,
26iMI7lnj4Rukyjg89OAF3,IFCWINDOW,Ground Floor,,Finishing,Window,Exterior,1,N,,Added (synthetic),,GEVEL,Not Started,Finishing,0,Low,N,16 hrs (2 days),11.9,Finishing Subcontractor,2.0018,149,148,150,149,FIN-0,Subcontract,"Balcony railing installation, Ground Floor",18.56,796.48,220.86,1017.34,1126.81,109.47,10.8,1179.25,1146.09,5,56.34,Pending,EUR,2015-06-18,
3cLBPtEz1A0uWp58VoUCJm,IFCWINDOW,Ground Floor,,Finishing,Window,Exterior,1,N,,Added (synthetic),,GEVEL,Not Started,Finishing,0,Low,N,16 hrs (2 days),11.9,Finishing Subcontractor,2.0018,149,148,150,149,FIN-0,Subcontract,"Balcony railing installation, Ground Floor",18.56,796.48,220.86,1017.34,1126.81,109.47,10.8,1179.25,1146.09,5,56.34,Pending,EUR,2015-06-18,
0d06TNXPD9kQ6kfDgFvSX4,IFCWINDOW,Ground Floor,,Finishing,Window,Exterior,1,N,,Added (synthetic),,GEVEL,Not Started,Finishing,0,Low,N,16 hrs (2 days),11.9,Finishing Subcontractor,2.0018,149,148,150,149,FIN-0,Subcontract,"Balcony railing installation, Ground Floor",18.56,796.48,220.86,1017.34,1126.81,109.47,10.8,1179.25,1146.09,5,56.34,Pending,EUR,2015-06-18,
0Fcj$qK_jDIx0Clu51aeRJ,IFCWINDOW,Ground Floor,,Finishing,Window,Exterior,1,N,,Added (synthetic),,GEVEL,Not Started,Finishing,0,Low,N,16 hrs (2 days),11.9,Finishing Subcontractor,2.0018,149,148,150,149,FIN-0,Subcontract,"Balcony railing installation, Ground Floor",18.56,796.48,220.86,1017.34,1126.81,109.47,10.8,1179.25,1146.09,5,56.34,Pending,EUR,2015-06-18,
1d9kUW3zP0ggxxYmG2vPQM,IFCWINDOW,Ground Floor,,Finishing,Window,Exterior,1,N,,Added (synthetic),,GEVEL,Not Started,Finishing,0,Low,N,16 hrs (2 days),11.9,Finishing Subcontractor,2.0018,149,148,150,149,FIN-0,Subcontract,"Balcony railing installation, Ground Floor",18.56,796.48,220.86,1017.34,1126.81,109.47,10.8,1179.25,1146.09,5,56.34,Pending,EUR,2015-06-18,
2oT9F5t_D3r81DfUpoY23W,IFCWINDOW,First Floor,,Finishing,Window,Exterior,1,N,,Added (synthetic),,GEVEL,Not Started,Finishing,0,Low,N,16 hrs (2 days),9.4,Finishing Subcontractor,2.0024,155,154,156,155,FIN-0,Subcontract,"Balcony railing installation, First Floor",43.42,681.12,408.15,1089.27,1162.97,73.7,6.8,1206.9,1216.62,5,58.15,Pending,EUR,2015-07-01,
1cApy3tf55$ewMiOVVXpAY,IFCWINDOW,First Floor,,Finishing,Window,Exterior,1,N,,Added (synthetic),,GEVEL,Not Started,Finishing,0,Low,N,16 hrs (2 days),9.4,Finishing Subcontractor,2.0024,155,154,156,155,FIN-0,Subcontract,"Balcony railing installation, First Floor",43.42,681.12,408.15,1089.27,1162.97,73.7,6.8,1206.9,1216.62,5,58.15,Pending,EUR,2015-07-01,
2dyqlxLyzFvQOjQrGkU4$r,IFCWINDOW,First Floor,,Finishing,Window,Exterior,1,N,,Added (synthetic),,GEVEL,Not Started,Finishing,0,Low,N,16 hrs (2 days),9.4,Finishing Subcontractor,2.0024,155,154,156,155,FIN-0,Subcontract,"Balcony railing installation, First Floor",43.42,681.12,408.15,1089.27,1162.97,73.7,6.8,1206.9,1216.62,5,58.15,Pending,EUR,2015-07-01,
1xfcxY2sf3LB1ysF5_X4I$,IFCWINDOW,First Floor,,Finishing,Window,Exterior,1,N,,Added (synthetic),,GEVEL,Not Started,Finishing,0,Low,N,16 hrs (2 days),9.4,Finishing Subcontractor,2.0024,155,154,156,155,FIN-0,Subcontract,"Balcony railing installation, First Floor",43.42,681.12,408.15,1089.27,1162.97,73.7,6.8,1206.9,1216.62,5,58.15,Pending,EUR,2015-07-01,
2Qc0XfkND1d86$Q97dSDkt,IFCWINDOW,First Floor,,Finishing,Window,Exterior,1,N,,Added (synthetic),,GEVEL,Not Started,Finishing,0,Low,N,16 hrs (2 days),9.4,Finishing Subcontractor,2.0024,155,154,156,155,FIN-0,Subcontract,"Balcony railing installation, First Floor",43.42,681.12,408.15,1089.27,1162.97,73.7,6.8,1206.9,1216.62,5,58.15,Pending,EUR,2015-07-01,
2u4Y9RrS9E7e46nkx$KtkD,IFCWINDOW,First Floor,,Finishing,Window,Exterior,1,N,,Added (synthetic),,GEVEL,Not Started,Finishing,0,Low,N,16 hrs (2 days),9.4,Finishing Subcontractor,2.0024,155,154,156,155,FIN-0,Subcontract,"Balcony railing installation, First Floor",43.42,681.12,408.15,1089.27,1162.97,73.7,6.8,1206.9,1216.62,5,58.15,Pending,EUR,2015-07-01,
09l8RUnHH77g7h7SXJ62Iv,IFCWINDOW,First Floor,,Finishing,Window,Exterior,1,N,,Added (synthetic),,GEVEL,Not Started,Finishing,0,Low,N,16 hrs (2 days),9.4,Finishing Subcontractor,2.0024,155,154,156,155,FIN-0,Subcontract,"Balcony railing installation, First Floor",43.42,681.12,408.15,1089.27,1162.97,73.7,6.8,1206.9,1216.62,5,58.15,Pending,EUR,2015-07-01,
0XEOt5SHT7euOAUEqbQw0S,IFCWINDOW,First Floor,,Finishing,Window,Exterior,1,N,,Added (synthetic),,GEVEL,Not Started,Finishing,0,Low,N,16 hrs (2 days),9.4,Finishing Subcontractor,2.0024,155,154,156,155,FIN-0,Subcontract,"Balcony railing installation, First Floor",43.42,681.12,408.15,1089.27,1162.97,73.7,6.8,1206.9,1216.62,5,58.15,Pending,EUR,2015-07-01,
2$G2$L_ZfD2xyYJh6wxmZd,IFCWINDOW,First Floor,,Finishing,Window,Exterior,1,N,,Added (synthetic),,GEVEL,Not Started,Finishing,0,Low,N,16 hrs (2 days),9.4,Finishing Subcontractor,2.0024,155,154,156,155,FIN-0,Subcontract,"Balcony railing installation, First Floor",43.42,681.12,408.15,1089.27,1162.97,73.7,6.8,1206.9,1216.62,5,58.15,Pending,EUR,2015-07-01,
20drR2J4r4bPUTTBVjW_Vz,IFCWINDOW,First Floor,,Finishing,Window,Exterior,1,N,,Added (synthetic),,GEVEL,Not Started,Finishing,0,Low,N,16 hrs (2 days),9.4,Finishing Subcontractor,2.0024,155,154,156,155,FIN-0,Subcontract,"Balcony railing installation, First Floor",43.42,681.12,408.15,1089.27,1162.97,73.7,6.8,1206.9,1216.62,5,58.15,Pending,EUR,2015-07-01,
1bd$IrGA53LQPvMq9gVcx0,IFCWINDOW,First Floor,,Finishing,Window,Exterior,1,N,,Added (synthetic),,GEVEL,Not Started,Finishing,0,Low,N,16 hrs (2 days),9.4,Finishing Subcontractor,2.0024,155,154,156,155,FIN-0,Subcontract,"Balcony railing installation, First Floor",43.42,681.12,408.15,1089.27,1162.97,73.7,6.8,1206.9,1216.62,5,58.15,Pending,EUR,2015-07-01,
0zufCFef19dhrSAn7n7kDY,IFCWINDOW,First Floor,,Finishing,Window,Exterior,1,N,,Added (synthetic),,GEVEL,Not Started,Finishing,0,Low,N,16 hrs (2 days),9.4,Finishing Subcontractor,2.0024,155,154,156,155,FIN-0,Subcontract,"Balcony railing installation, First Floor",43.42,681.12,408.15,1089.27,1162.97,73.7,6.8,1206.9,1216.62,5,58.15,Pending,EUR,2015-07-01,
1CNomnrdb3CeKqRVaml6Zj,IFCWINDOW,First Floor,,Finishing,Window,Exterior,1,N,,Added (synthetic),,GEVEL,Not Started,Finishing,0,Low,N,16 hrs (2 days),9.4,Finishing Subcontractor,2.0024,155,154,156,155,FIN-0,Subcontract,"Balcony railing installation, First Floor",43.42,681.12,408.15,1089.27,1162.97,73.7,6.8,1206.9,1216.62,5,58.15,Pending,EUR,2015-07-01,
2RXwC8nPLBKOSiamyBX0qt,IFCWINDOW,First Floor,,Finishing,Window,Exterior,1,N,,Added (synthetic),,GEVEL,Not Started,Finishing,0,Low,N,16 hrs (2 days),9.4,Finishing Subcontractor,2.0024,155,154,156,155,FIN-0,Subcontract,"Balcony railing installation, First Floor",43.42,681.12,408.15,1089.27,1162.97,73.7,6.8,1206.9,1216.62,5,58.15,Pending,EUR,2015-07-01,
2jJseFS1L1B8boC45FrAL7,IFCWINDOW,First Floor,,Finishing,Window,Exterior,1,N,,Added (synthetic),,GEVEL,Not Started,Finishing,0,Low,N,16 hrs (2 days),9.4,Finishing Subcontractor,2.0024,155,154,156,155,FIN-0,Subcontract,"Balcony railing installation, First Floor",43.42,681.12,408.15,1089.27,1162.97,73.7,6.8,1206.9,1216.62,5,58.15,Pending,EUR,2015-07-01,
0FcHfq3eXDUvB1x$PxjHW5,IFCWINDOW,First Floor,,Finishing,Window,Exterior,1,N,,Added (synthetic),,GEVEL,Not Started,Finishing,0,Low,N,16 hrs (2 days),9.4,Finishing Subcontractor,2.0024,155,154,156,155,FIN-0,Subcontract,"Balcony railing installation, First Floor",43.42,681.12,408.15,1089.27,1162.97,73.7,6.8,1206.9,1216.62,5,58.15,Pending,EUR,2015-07-01,
2BAFeLAfrFmRqNR9mOZjZA,IFCWINDOW,First Floor,,Finishing,Window,Exterior,1,N,,Added (synthetic),,GEVEL,Not Started,Finishing,0,Low,N,16 hrs (2 days),9.4,Finishing Subcontractor,2.0024,155,154,156,155,FIN-0,Subcontract,"Balcony railing installation, First Floor",43.42,681.12,408.15,1089.27,1162.97,73.7,6.8,1206.9,1216.62,5,58.15,Pending,EUR,2015-07-01,
2ViuBjcVj8z9LMZmOsdtUZ,IFCWINDOW,First Floor,,Finishing,Window,Exterior,1,N,,Added (synthetic),,GEVEL,Not Started,Finishing,0,Low,N,16 hrs (2 days),9.4,Finishing Subcontractor,2.0024,155,154,156,155,FIN-0,Subcontract,"Balcony railing installation, First Floor",43.42,681.12,408.15,1089.27,1162.97,73.7,6.8,1206.9,1216.62,5,58.15,Pending,EUR,2015-07-01,
1QutPMQ5z6MggQuGh8QPeo,IFCWINDOW,First Floor,,Finishing,Window,Exterior,1,N,,Added (synthetic),,GEVEL,Not Started,Finishing,0,Low,N,16 hrs (2 days),9.4,Finishing Subcontractor,2.0024,155,154,156,155,FIN-0,Subcontract,"Balcony railing installation, First Floor",43.42,681.12,408.15,1089.27,1162.97,73.7,6.8,1206.9,1216.62,5,58.15,Pending,EUR,2015-07-01,
1ToOMg6mH3uPQ6JhObMAbP,IFCWINDOW,First Floor,,Finishing,Window,Exterior,1,N,,Added (synthetic),,GEVEL,Not Started,Finishing,0,Low,N,16 hrs (2 days),9.4,Finishing Subcontractor,2.0024,155,154,156,155,FIN-0,Subcontract,"Balcony railing installation, First Floor",43.42,681.12,408.15,1089.27,1162.97,73.7,6.8,1206.9,1216.62,5,58.15,Pending,EUR,2015-07-01,
3TvWm44N9F5RIa$fhkiYVg,IFCWINDOW,First Floor,,Finishing,Window,Exterior,1,N,,Added (synthetic),,GEVEL,Not Started,Finishing,0,Low,N,16 hrs (2 days),9.4,Finishing Subcontractor,2.0024,155,154,156,155,FIN-0,Subcontract,"Balcony railing installation, First Floor",43.42,681.12,408.15,1089.27,1162.97,73.7,6.8,1206.9,1216.62,5,58.15,Pending,EUR,2015-07-01,
1T2P9SD_v7pusuMZ3NUpjC,IFCWINDOW,First Floor,,Finishing,Window,Exterior,1,N,,Added (synthetic),,GEVEL,Not Started,Finishing,0,Low,N,16 hrs (2 days),9.4,Finishing Subcontractor,2.0024,155,154,156,155,FIN-0,Subcontract,"Balcony railing installation, First Floor",43.42,681.12,408.15,1089.27,1162.97,73.7,6.8,1206.9,1216.62,5,58.15,Pending,EUR,2015-07-01,
1PmQ6CQbzAMgXxD2pXWt3a,IFCWINDOW,First Floor,,Finishing,Window,Exterior,1,N,,Added (synthetic),,GEVEL,Not Started,Finishing,0,Low,N,16 hrs (2 days),9.4,Finishing Subcontractor,2.0024,155,154,156,155,FIN-0,Subcontract,"Balcony railing installation, First Floor",43.42,681.12,408.15,1089.27,1162.97,73.7,6.8,1206.9,1216.62,5,58.15,Pending,EUR,2015-07-01,
1pPLUmJvHBYO$OdiNX3HUz,IFCWINDOW,First Floor,,Finishing,Window,Exterior,1,N,,Added (synthetic),,GEVEL,Not Started,Finishing,0,Low,N,16 hrs (2 days),9.4,Finishing Subcontractor,2.0024,155,154,156,155,FIN-0,Subcontract,"Balcony railing installation, First Floor",43.42,681.12,408.15,1089.27,1162.97,73.7,6.8,1206.9,1216.62,5,58.15,Pending,EUR,2015-07-01,
0y9v8B7Jz8XQeHm3h61$Xt,IFCWINDOW,First Floor,,Finishing,Window,Exterior,1,N,,Added (synthetic),,GEVEL,Not Started,Finishing,0,Low,N,16 hrs (2 days),9.4,Finishing Subcontractor,2.0024,155,154,156,155,FIN-0,Subcontract,"Balcony railing installation, First Floor",43.42,681.12,408.15,1089.27,1162.97,73.7,6.8,1206.9,1216.62,5,58.15,Pending,EUR,2015-07-01,
3UNWn7XCf1hwvlPusg1icu,IFCWINDOW,First Floor,,Finishing,Window,Exterior,1,N,,Added (synthetic),,GEVEL,Not Started,Finishing,0,Low,N,16 hrs (2 days),9.4,Finishing Subcontractor,2.0024,155,154,156,155,FIN-0,Subcontract,"Balcony railing installation, First Floor",43.42,681.12,408.15,1089.27,1162.97,73.7,6.8,1206.9,1216.62,5,58.15,Pending,EUR,2015-07-01,
3upcShrCbFfh0jm4mYUUdu,IFCWINDOW,First Floor,,Finishing,Window,Exterior,1,N,,Added (synthetic),,GEVEL,Not Started,Finishing,0,Low,N,16 hrs (2 days),9.4,Finishing Subcontractor,2.0024,155,154,156,155,FIN-0,Subcontract,"Balcony railing installation, First Floor",43.42,681.12,408.15,1089.27,1162.97,73.7,6.8,1206.9,1216.62,5,58.15,Pending,EUR,2015-07-01,
2aI12utMz8aQ3peDg2uVuG,IFCWINDOW,First Floor,,Finishing,Window,Exterior,1,N,,Added (synthetic),,GEVEL,Not Started,Finishing,0,Low,N,16 hrs (2 days),9.4,Finishing Subcontractor,2.0024,155,154,156,155,FIN-0,Subcontract,"Balcony railing installation, First Floor",43.42,681.12,408.15,1089.27,1162.97,73.7,6.8,1206.9,1216.62,5,58.15,Pending,EUR,2015-07-01,
3YkS_khHDAjAeJXiOfwXwm,IFCWINDOW,First Floor,,Finishing,Window,Exterior,1,N,,Added (synthetic),,GEVEL,Not Started,Finishing,0,Low,N,16 hrs (2 days),9.4,Finishing Subcontractor,2.0024,155,154,156,155,FIN-0,Subcontract,"Balcony railing installation, First Floor",43.42,681.12,408.15,1089.27,1162.97,73.7,6.8,1206.9,1216.62,5,58.15,Pending,EUR,2015-07-01,
0KGCtyQFv4av1Wdj6buj7k,IFCWINDOW,First Floor,,Finishing,Window,Exterior,1,N,,Added (synthetic),,GEVEL,Not Started,Finishing,0,Low,N,16 hrs (2 days),9.4,Finishing Subcontractor,2.0024,155,154,156,155,FIN-0,Subcontract,"Balcony railing installation, First Floor",43.42,681.12,408.15,1089.27,1162.97,73.7,6.8,1206.9,1216.62,5,58.15,Pending,EUR,2015-07-01,
16TvrQb8bFTPpj$qS6T5ri,IFCWINDOW,First Floor,,Finishing,Window,Exterior,1,N,,Added (synthetic),,GEVEL,Not Started,Finishing,0,Low,N,16 hrs (2 days),9.4,Finishing Subcontractor,2.0024,155,154,156,155,FIN-0,Subcontract,"Balcony railing installation, First Floor",43.42,681.12,408.15,1089.27,1162.97,73.7,6.8,1206.9,1216.62,5,58.15,Pending,EUR,2015-07-01,
0_nanN5VH5eARTiW6lUQd3,IFCWINDOW,First Floor,,Finishing,Window,Exterior,1,N,,Added (synthetic),,GEVEL,Not Started,Finishing,0,Low,N,16 hrs (2 days),9.4,Finishing Subcontractor,2.0024,155,154,156,155,FIN-0,Subcontract,"Balcony railing installation, First Floor",43.42,681.12,408.15,1089.27,1162.97,73.7,6.8,1206.9,1216.62,5,58.15,Pending,EUR,2015-07-01,
2okwPp_551sf2xuZcfRIdG,IFCWINDOW,First Floor,,Finishing,Window,Exterior,1,N,,Added (synthetic),,GEVEL,Not Started,Finishing,0,Low,N,16 hrs (2 days),9.4,Finishing Subcontractor,2.0024,155,154,156,155,FIN-0,Subcontract,"Balcony railing installation, First Floor",43.42,681.12,408.15,1089.27,1162.97,73.7,6.8,1206.9,1216.62,5,58.15,Pending,EUR,2015-07-01,
3H7pBT9U13kuEq2qj2wzQk,IFCWINDOW,First Floor,Apartment 4,Finishing,Window,Exterior,27,N,,Added (synthetic),Apartment 4,AFBOUW,Not Started,Finishing,0,Low,N,,,Finishing Subcontractor,,,,,,FIN-0,Subcontract,,,,,,,,,,,5,,,EUR,,
09bCBGNx5F8xAq8JjO37a4,IFCWINDOW,First Floor,Apartment 4,Finishing,Window,Exterior,27,N,,Added (synthetic),Apartment 4,AFBOUW,Not Started,Finishing,0,Low,N,,,Finishing Subcontractor,,,,,,FIN-0,Subcontract,,,,,,,,,,,5,,,EUR,,
0tvRrpQa9Brgk0PO3rZ7pS,IFCWINDOW,First Floor,Apartment 4,Finishing,Window,Exterior,27,N,,Added (synthetic),Apartment 4,AFBOUW,Not Started,Finishing,0,Low,N,,,Finishing Subcontractor,,,,,,FIN-0,Subcontract,,,,,,,,,,,5,,,EUR,,
2Ap4dwiajE799Gm9tGiJx1,IFCWINDOW,First Floor,,Finishing,Window,Exterior,1,N,,Added (synthetic),,GEVEL,Not Started,Finishing,0,Low,N,16 hrs (2 days),9.4,Finishing Subcontractor,2.0024,155,154,156,155,FIN-0,Subcontract,"Balcony railing installation, First Floor",43.42,681.12,408.15,1089.27,1162.97,73.7,6.8,1206.9,1216.62,5,58.15,Pending,EUR,2015-07-01,
1_nRsWg_f0XubfZfIIRP3k,IFCWINDOW,First Floor,,Finishing,Window,Exterior,1,N,,Added (synthetic),,GEVEL,Not Started,Finishing,0,Low,N,16 hrs (2 days),9.4,Finishing Subcontractor,2.0024,155,154,156,155,FIN-0,Subcontract,"Balcony railing installation, First Floor",43.42,681.12,408.15,1089.27,1162.97,73.7,6.8,1206.9,1216.62,5,58.15,Pending,EUR,2015-07-01,
3SgAlyy0D4NQuzsMpXqOUR,IFCWINDOW,First Floor,,Finishing,Window,Exterior,1,N,,Added (synthetic),,GEVEL,Not Started,Finishing,0,Low,N,16 hrs (2 days),9.4,Finishing Subcontractor,2.0024,155,154,156,155,FIN-0,Subcontract,"Balcony railing installation, First Floor",43.42,681.12,408.15,1089.27,1162.97,73.7,6.8,1206.9,1216.62,5,58.15,Pending,EUR,2015-07-01,
03aP3tMUjC5voZmp9koxhs,IFCWINDOW,First Floor,,Finishing,Window,Exterior,1,N,,Added (synthetic),,GEVEL,Not Started,Finishing,0,Low,N,16 hrs (2 days),9.4,Finishing Subcontractor,2.0024,155,154,156,155,FIN-0,Subcontract,"Balcony railing installation, First Floor",43.42,681.12,408.15,1089.27,1162.97,73.7,6.8,1206.9,1216.62,5,58.15,Pending,EUR,2015-07-01,
2lkytCG9rD3O3IXV5k3j5H,IFCWINDOW,First Floor,,Finishing,Window,Exterior,1,N,,Added (synthetic),,GEVEL,Not Started,Finishing,0,Low,N,16 hrs (2 days),9.4,Finishing Subcontractor,2.0024,155,154,156,155,FIN-0,Subcontract,"Balcony railing installation, First Floor",43.42,681.12,408.15,1089.27,1162.97,73.7,6.8,1206.9,1216.62,5,58.15,Pending,EUR,2015-07-01,
2YIkXYWk12Ruf2QsE9cXTp,IFCWINDOW,First Floor,,Finishing,Window,Exterior,1,N,,Added (synthetic),,GEVEL,Not Started,Finishing,0,Low,N,16 hrs (2 days),9.4,Finishing Subcontractor,2.0024,155,154,156,155,FIN-0,Subcontract,"Balcony railing installation, First Floor",43.42,681.12,408.15,1089.27,1162.97,73.7,6.8,1206.9,1216.62,5,58.15,Pending,EUR,2015-07-01,
2VRR1TrGT6eBTc8nAX0QwP,IFCWINDOW,First Floor,,Finishing,Window,Exterior,1,N,,Added (synthetic),,GEVEL,Not Started,Finishing,0,Low,N,16 hrs (2 days),9.4,Finishing Subcontractor,2.0024,155,154,156,155,FIN-0,Subcontract,"Balcony railing installation, First Floor",43.42,681.12,408.15,1089.27,1162.97,73.7,6.8,1206.9,1216.62,5,58.15,Pending,EUR,2015-07-01,
05Whcg$392JeMCX54BugRl,IFCWINDOW,First Floor,,Finishing,Window,Exterior,1,N,,Added (synthetic),,GEVEL,Not Started,Finishing,0,Low,N,16 hrs (2 days),9.4,Finishing Subcontractor,2.0024,155,154,156,155,FIN-0,Subcontract,"Balcony railing installation, First Floor",43.42,681.12,408.15,1089.27,1162.97,73.7,6.8,1206.9,1216.62,5,58.15,Pending,EUR,2015-07-01,
2m0Oxn1sr74ODbW_x3jNoG,IFCWINDOW,First Floor,,Finishing,Window,Exterior,1,N,,Added (synthetic),,GEVEL,Not Started,Finishing,0,Low,N,16 hrs (2 days),9.4,Finishing Subcontractor,2.0024,155,154,156,155,FIN-0,Subcontract,"Balcony railing installation, First Floor",43.42,681.12,408.15,1089.27,1162.97,73.7,6.8,1206.9,1216.62,5,58.15,Pending,EUR,2015-07-01,
382pcuNAr1tep31IH5fMSU,IFCWINDOW,First Floor,,Finishing,Window,Exterior,1,N,,Added (synthetic),,GEVEL,Not Started,Finishing,0,Low,N,16 hrs (2 days),9.4,Finishing Subcontractor,2.0024,155,154,156,155,FIN-0,Subcontract,"Balcony railing installation, First Floor",43.42,681.12,408.15,1089.27,1162.97,73.7,6.8,1206.9,1216.62,5,58.15,Pending,EUR,2015-07-01,
25iCNH$Vb5quMnNN$zdiEg,IFCWINDOW,First Floor,,Finishing,Window,Exterior,1,N,,Added (synthetic),,GEVEL,Not Started,Finishing,0,Low,N,16 hrs (2 days),9.4,Finishing Subcontractor,2.0024,155,154,156,155,FIN-0,Subcontract,"Balcony railing installation, First Floor",43.42,681.12,408.15,1089.27,1162.97,73.7,6.8,1206.9,1216.62,5,58.15,Pending,EUR,2015-07-01,
3SinmO3Pj0_fGoIba5Tpbf,IFCWINDOW,First Floor,,Finishing,Window,Exterior,1,N,,Added (synthetic),,GEVEL,Not Started,Finishing,0,Low,N,16 hrs (2 days),9.4,Finishing Subcontractor,2.0024,155,154,156,155,FIN-0,Subcontract,"Balcony railing installation, First Floor",43.42,681.12,408.15,1089.27,1162.97,73.7,6.8,1206.9,1216.62,5,58.15,Pending,EUR,2015-07-01,
12TtYnsRH7R8kq19$bZFwV,IFCWINDOW,First Floor,,Finishing,Window,Exterior,1,N,,Added (synthetic),,GEVEL,Not Started,Finishing,0,Low,N,16 hrs (2 days),9.4,Finishing Subcontractor,2.0024,155,154,156,155,FIN-0,Subcontract,"Balcony railing installation, First Floor",43.42,681.12,408.15,1089.27,1162.97,73.7,6.8,1206.9,1216.62,5,58.15,Pending,EUR,2015-07-01,
21v6Lxsl1BCPpmriUOgAsP,IFCWINDOW,First Floor,,Finishing,Window,Exterior,1,N,,Added (synthetic),,GEVEL,Not Started,Finishing,0,Low,N,16 hrs (2 days),9.4,Finishing Subcontractor,2.0024,155,154,156,155,FIN-0,Subcontract,"Balcony railing installation, First Floor",43.42,681.12,408.15,1089.27,1162.97,73.7,6.8,1206.9,1216.62,5,58.15,Pending,EUR,2015-07-01,
0fQEU5rGPBq9vOpiEoyBBR,IFCWINDOW,First Floor,,Finishing,Window,Exterior,1,N,,Added (synthetic),,GEVEL,Not Started,Finishing,0,Low,N,16 hrs (2 days),9.4,Finishing Subcontractor,2.0024,155,154,156,155,FIN-0,Subcontract,"Balcony railing installation, First Floor",43.42,681.12,408.15,1089.27,1162.97,73.7,6.8,1206.9,1216.62,5,58.15,Pending,EUR,2015-07-01,
3LppQIb2j30xblkm5GtTTV,IFCWINDOW,First Floor,,Finishing,Window,Exterior,1,N,,Added (synthetic),,GEVEL,Not Started,Finishing,0,Low,N,16 hrs (2 days),9.4,Finishing Subcontractor,2.0024,155,154,156,155,FIN-0,Subcontract,"Balcony railing installation, First Floor",43.42,681.12,408.15,1089.27,1162.97,73.7,6.8,1206.9,1216.62,5,58.15,Pending,EUR,2015-07-01,
01z1iheQT4$8X5aY0_r4QJ,IFCWINDOW,First Floor,,Finishing,Window,Exterior,1,N,,Added (synthetic),,GEVEL,Not Started,Finishing,0,Low,N,16 hrs (2 days),9.4,Finishing Subcontractor,2.0024,155,154,156,155,FIN-0,Subcontract,"Balcony railing installation, First Floor",43.42,681.12,408.15,1089.27,1162.97,73.7,6.8,1206.9,1216.62,5,58.15,Pending,EUR,2015-07-01,
0G1Gjz4oHDNe$dN2BBokLe,IFCWINDOW,First Floor,,Finishing,Window,Exterior,1,N,,Added (synthetic),,GEVEL,Not Started,Finishing,0,Low,N,16 hrs (2 days),9.4,Finishing Subcontractor,2.0024,155,154,156,155,FIN-0,Subcontract,"Balcony railing installation, First Floor",43.42,681.12,408.15,1089.27,1162.97,73.7,6.8,1206.9,1216.62,5,58.15,Pending,EUR,2015-07-01,
0MXxM0JgP2KuGUWBtQY80N,IFCWINDOW,First Floor,,Finishing,Window,Exterior,1,N,,Added (synthetic),,GEVEL,Not Started,Finishing,0,Low,N,16 hrs (2 days),9.4,Finishing Subcontractor,2.0024,155,154,156,155,FIN-0,Subcontract,"Balcony railing installation, First Floor",43.42,681.12,408.15,1089.27,1162.97,73.7,6.8,1206.9,1216.62,5,58.15,Pending,EUR,2015-07-01,
0pZslPSAb8jBEsesxVZzu0,IFCWINDOW,First Floor,,Finishing,Window,Exterior,1,N,,Added (synthetic),,GEVEL,Not Started,Finishing,0,Low,N,16 hrs (2 days),9.4,Finishing Subcontractor,2.0024,155,154,156,155,FIN-0,Subcontract,"Balcony railing installation, First Floor",43.42,681.12,408.15,1089.27,1162.97,73.7,6.8,1206.9,1216.62,5,58.15,Pending,EUR,2015-07-01,
3RaVPvaOf64eZBU6WKpwMU,IFCWINDOW,First Floor,,Finishing,Window,Exterior,1,N,,Added (synthetic),,GEVEL,Not Started,Finishing,0,Low,N,16 hrs (2 days),9.4,Finishing Subcontractor,2.0024,155,154,156,155,FIN-0,Subcontract,"Balcony railing installation, First Floor",43.42,681.12,408.15,1089.27,1162.97,73.7,6.8,1206.9,1216.62,5,58.15,Pending,EUR,2015-07-01,
1teUYP1Rv0ZhB_2gzRilQR,IFCWINDOW,First Floor,,Finishing,Window,Exterior,1,N,,Added (synthetic),,GEVEL,Not Started,Finishing,0,Low,N,16 hrs (2 days),9.4,Finishing Subcontractor,2.0024,155,154,156,155,FIN-0,Subcontract,"Balcony railing installation, First Floor",43.42,681.12,408.15,1089.27,1162.97,73.7,6.8,1206.9,1216.62,5,58.15,Pending,EUR,2015-07-01,
1EL9JU43nABBdNk_W52fqh,IFCWINDOW,First Floor,,Finishing,Window,Exterior,1,N,,Added (synthetic),,GEVEL,Not Started,Finishing,0,Low,N,16 hrs (2 days),9.4,Finishing Subcontractor,2.0024,155,154,156,155,FIN-0,Subcontract,"Balcony railing installation, First Floor",43.42,681.12,408.15,1089.27,1162.97,73.7,6.8,1206.9,1216.62,5,58.15,Pending,EUR,2015-07-01,
0r1tRl0qv5G9URrsYopY0P,IFCWINDOW,First Floor,,Finishing,Window,Exterior,1,N,,Added (synthetic),,GEVEL,Not Started,Finishing,0,Low,N,16 hrs (2 days),9.4,Finishing Subcontractor,2.0024,155,154,156,155,FIN-0,Subcontract,"Balcony railing installation, First Floor",43.42,681.12,408.15,1089.27,1162.97,73.7,6.8,1206.9,1216.62,5,58.15,Pending,EUR,2015-07-01,
176JSQqvPCR9mZPbZYohue,IFCWINDOW,First Floor,,Finishing,Window,Exterior,1,N,,Added (synthetic),,GEVEL,Not Started,Finishing,0,Low,N,16 hrs (2 days),9.4,Finishing Subcontractor,2.0024,155,154,156,155,FIN-0,Subcontract,"Balcony railing installation, First Floor",43.42,681.12,408.15,1089.27,1162.97,73.7,6.8,1206.9,1216.62,5,58.15,Pending,EUR,2015-07-01,
39e5HG9Mz5bhpeErZLhRP4,IFCWINDOW,First Floor,,Finishing,Window,Exterior,1,N,,Added (synthetic),,GEVEL,Not Started,Finishing,0,Low,N,16 hrs (2 days),9.4,Finishing Subcontractor,2.0024,155,154,156,155,FIN-0,Subcontract,"Balcony railing installation, First Floor",43.42,681.12,408.15,1089.27,1162.97,73.7,6.8,1206.9,1216.62,5,58.15,Pending,EUR,2015-07-01,
251rxV64H62xIQNojyGRwU,IFCWINDOW,First Floor,Apartment 4,Finishing,Window,Exterior,27,N,,Added (synthetic),Apartment 4,AFBOUW,Not Started,Finishing,0,Low,N,,,Finishing Subcontractor,,,,,,FIN-0,Subcontract,,,,,,,,,,,5,,,EUR,,
1PAxaJRu13gfudq_tpVBm7,IFCWINDOW,First Floor,,Finishing,Window,Exterior,1,N,,Added (synthetic),,GEVEL,Not Started,Finishing,0,Low,N,16 hrs (2 days),9.4,Finishing Subcontractor,2.0024,155,154,156,155,FIN-0,Subcontract,"Balcony railing installation, First Floor",43.42,681.12,408.15,1089.27,1162.97,73.7,6.8,1206.9,1216.62,5,58.15,Pending,EUR,2015-07-01,
3bpb$MQq50M8aknXg_9Fdp,IFCWINDOW,First Floor,,Finishing,Window,Exterior,1,N,,Added (synthetic),,GEVEL,Not Started,Finishing,0,Low,N,16 hrs (2 days),9.4,Finishing Subcontractor,2.0024,155,154,156,155,FIN-0,Subcontract,"Balcony railing installation, First Floor",43.42,681.12,408.15,1089.27,1162.97,73.7,6.8,1206.9,1216.62,5,58.15,Pending,EUR,2015-07-01,
0ZU09EWLf0fQUCDcc5uEu_,IFCWINDOW,First Floor,,Finishing,Window,Exterior,1,N,,Added (synthetic),,GEVEL,Not Started,Finishing,0,Low,N,16 hrs (2 days),9.4,Finishing Subcontractor,2.0024,155,154,156,155,FIN-0,Subcontract,"Balcony railing installation, First Floor",43.42,681.12,408.15,1089.27,1162.97,73.7,6.8,1206.9,1216.62,5,58.15,Pending,EUR,2015-07-01,
1D3QrwQQnDpBzpUuSTr$BU,IFCWINDOW,First Floor,,Finishing,Window,Exterior,1,N,,Added (synthetic),,GEVEL,Not Started,Finishing,0,Low,N,16 hrs (2 days),9.4,Finishing Subcontractor,2.0024,155,154,156,155,FIN-0,Subcontract,"Balcony railing installation, First Floor",43.42,681.12,408.15,1089.27,1162.97,73.7,6.8,1206.9,1216.62,5,58.15,Pending,EUR,2015-07-01,
1YZgYVVw9F0Qg_cyVJnVhp,IFCWINDOW,First Floor,,Finishing,Window,Exterior,1,N,,Added (synthetic),,GEVEL,Not Started,Finishing,0,Low,N,16 hrs (2 days),9.4,Finishing Subcontractor,2.0024,155,154,156,155,FIN-0,Subcontract,"Balcony railing installation, First Floor",43.42,681.12,408.15,1089.27,1162.97,73.7,6.8,1206.9,1216.62,5,58.15,Pending,EUR,2015-07-01,
3Y6cgtY0rEBQUJPUx_aPRF,IFCWINDOW,First Floor,,Finishing,Window,Exterior,1,N,,Added (synthetic),,GEVEL,Not Started,Finishing,0,Low,N,16 hrs (2 days),9.4,Finishing Subcontractor,2.0024,155,154,156,155,FIN-0,Subcontract,"Balcony railing installation, First Floor",43.42,681.12,408.15,1089.27,1162.97,73.7,6.8,1206.9,1216.62,5,58.15,Pending,EUR,2015-07-01,
3MrGY57rjE4Owj5UJO3Umk,IFCWINDOW,First Floor,,Finishing,Window,Exterior,1,N,,Added (synthetic),,GEVEL,Not Started,Finishing,0,Low,N,16 hrs (2 days),9.4,Finishing Subcontractor,2.0024,155,154,156,155,FIN-0,Subcontract,"Balcony railing installation, First Floor",43.42,681.12,408.15,1089.27,1162.97,73.7,6.8,1206.9,1216.62,5,58.15,Pending,EUR,2015-07-01,
1IYBmrd2H8ihMtKIvfnjz0,IFCWINDOW,First Floor,,Finishing,Window,Exterior,1,N,,Added (synthetic),,GEVEL,Not Started,Finishing,0,Low,N,16 hrs (2 days),9.4,Finishing Subcontractor,2.0024,155,154,156,155,FIN-0,Subcontract,"Balcony railing installation, First Floor",43.42,681.12,408.15,1089.27,1162.97,73.7,6.8,1206.9,1216.62,5,58.15,Pending,EUR,2015-07-01,
3vvdwTEwn8XfzKTKW82ej4,IFCWINDOW,First Floor,,Finishing,Window,Exterior,1,N,,Added (synthetic),,GEVEL,Not Started,Finishing,0,Low,N,16 hrs (2 days),9.4,Finishing Subcontractor,2.0024,155,154,156,155,FIN-0,Subcontract,"Balcony railing installation, First Floor",43.42,681.12,408.15,1089.27,1162.97,73.7,6.8,1206.9,1216.62,5,58.15,Pending,EUR,2015-07-01,
2M$dfAAj90C9cPQZXqCaMP,IFCWINDOW,First Floor,,Finishing,Window,Exterior,1,N,,Added (synthetic),,GEVEL,Not Started,Finishing,0,Low,N,16 hrs (2 days),9.4,Finishing Subcontractor,2.0024,155,154,156,155,FIN-0,Subcontract,"Balcony railing installation, First Floor",43.42,681.12,408.15,1089.27,1162.97,73.7,6.8,1206.9,1216.62,5,58.15,Pending,EUR,2015-07-01,
2$5nWI0fL8zwtrwndfa9MN,IFCWINDOW,First Floor,,Finishing,Window,Exterior,1,N,,Added (synthetic),,GEVEL,Not Started,Finishing,0,Low,N,16 hrs (2 days),9.4,Finishing Subcontractor,2.0024,155,154,156,155,FIN-0,Subcontract,"Balcony railing installation, First Floor",43.42,681.12,408.15,1089.27,1162.97,73.7,6.8,1206.9,1216.62,5,58.15,Pending,EUR,2015-07-01,
1YokH0mfn7782tC$kkBV9N,IFCWINDOW,First Floor,,Finishing,Window,Exterior,1,N,,Added (synthetic),,GEVEL,Not Started,Finishing,0,Low,N,16 hrs (2 days),9.4,Finishing Subcontractor,2.0024,155,154,156,155,FIN-0,Subcontract,"Balcony railing installation, First Floor",43.42,681.12,408.15,1089.27,1162.97,73.7,6.8,1206.9,1216.62,5,58.15,Pending,EUR,2015-07-01,
1drJr9gifENhdb9tpZx1m6,IFCWINDOW,First Floor,,Finishing,Window,Exterior,1,N,,Added (synthetic),,GEVEL,Not Started,Finishing,0,Low,N,16 hrs (2 days),9.4,Finishing Subcontractor,2.0024,155,154,156,155,FIN-0,Subcontract,"Balcony railing installation, First Floor",43.42,681.12,408.15,1089.27,1162.97,73.7,6.8,1206.9,1216.62,5,58.15,Pending,EUR,2015-07-01,
3Qds1Ttm57nPXC1iJ$aE$M,IFCWINDOW,First Floor,,Finishing,Window,Exterior,1,N,,Added (synthetic),,GEVEL,Not Started,Finishing,0,Low,N,16 hrs (2 days),9.4,Finishing Subcontractor,2.0024,155,154,156,155,FIN-0,Subcontract,"Balcony railing installation, First Floor",43.42,681.12,408.15,1089.27,1162.97,73.7,6.8,1206.9,1216.62,5,58.15,Pending,EUR,2015-07-01,
3OOESiHE9Cng4Bb4pE0UY6,IFCWINDOW,First Floor,,Finishing,Window,Exterior,1,N,,Added (synthetic),,GEVEL,Not Started,Finishing,0,Low,N,16 hrs (2 days),9.4,Finishing Subcontractor,2.0024,155,154,156,155,FIN-0,Subcontract,"Balcony railing installation, First Floor",43.42,681.12,408.15,1089.27,1162.97,73.7,6.8,1206.9,1216.62,5,58.15,Pending,EUR,2015-07-01,
1nalLUQ2z9_wBIkbXwMz6_,IFCWINDOW,First Floor,,Finishing,Window,Exterior,1,N,,Added (synthetic),,GEVEL,Not Started,Finishing,0,Low,N,16 hrs (2 days),9.4,Finishing Subcontractor,2.0024,155,154,156,155,FIN-0,Subcontract,"Balcony railing installation, First Floor",43.42,681.12,408.15,1089.27,1162.97,73.7,6.8,1206.9,1216.62,5,58.15,Pending,EUR,2015-07-01,
0l79Hol6v6XBNPQpgDR__D,IFCWINDOW,First Floor,,Finishing,Window,Exterior,1,N,,Added (synthetic),,GEVEL,Not Started,Finishing,0,Low,N,16 hrs (2 days),9.4,Finishing Subcontractor,2.0024,155,154,156,155,FIN-0,Subcontract,"Balcony railing installation, First Floor",43.42,681.12,408.15,1089.27,1162.97,73.7,6.8,1206.9,1216.62,5,58.15,Pending,EUR,2015-07-01,
3oAFxBcTz9oeraTpYdYjN5,IFCWINDOW,First Floor,,Finishing,Window,Exterior,1,N,,Added (synthetic),,GEVEL,Not Started,Finishing,0,Low,N,16 hrs (2 days),9.4,Finishing Subcontractor,2.0024,155,154,156,155,FIN-0,Subcontract,"Balcony railing installation, First Floor",43.42,681.12,408.15,1089.27,1162.97,73.7,6.8,1206.9,1216.62,5,58.15,Pending,EUR,2015-07-01,
3BudmayvDEg9diXrrDKJ0K,IFCWINDOW,First Floor,,Finishing,Window,Exterior,1,N,,Added (synthetic),,GEVEL,Not Started,Finishing,0,Low,N,16 hrs (2 days),9.4,Finishing Subcontractor,2.0024,155,154,156,155,FIN-0,Subcontract,"Balcony railing installation, First Floor",43.42,681.12,408.15,1089.27,1162.97,73.7,6.8,1206.9,1216.62,5,58.15,Pending,EUR,2015-07-01,
3zP$yy82X1zQpQLI8ob4xL,IFCWINDOW,First Floor,,Finishing,Window,Exterior,1,N,,Added (synthetic),,GEVEL,Not Started,Finishing,0,Low,N,16 hrs (2 days),9.4,Finishing Subcontractor,2.0024,155,154,156,155,FIN-0,Subcontract,"Balcony railing installation, First Floor",43.42,681.12,408.15,1089.27,1162.97,73.7,6.8,1206.9,1216.62,5,58.15,Pending,EUR,2015-07-01,
0rgvpCJSX1cOzYjSKRiBzu,IFCWINDOW,First Floor,,Finishing,Window,Exterior,1,N,,Added (synthetic),,GEVEL,Not Started,Finishing,0,Low,N,16 hrs (2 days),9.4,Finishing Subcontractor,2.0024,155,154,156,155,FIN-0,Subcontract,"Balcony railing installation, First Floor",43.42,681.12,408.15,1089.27,1162.97,73.7,6.8,1206.9,1216.62,5,58.15,Pending,EUR,2015-07-01,
0U9_x2D65DmwQy5m_Q35Ne,IFCWINDOW,First Floor,Apartment 5,Finishing,Window,Exterior,27,N,,Added (synthetic),Apartment 5,AFBOUW,Not Started,Finishing,0,Low,N,,,Finishing Subcontractor,,,,,,FIN-0,Subcontract,,,,,,,,,,,5,,,EUR,,
1MAxgv_XP6ZQ97AQrkDyrt,IFCWINDOW,First Floor,,Finishing,Window,Exterior,1,N,,Added (synthetic),,GEVEL,Not Started,Finishing,0,Low,N,16 hrs (2 days),9.4,Finishing Subcontractor,2.0024,155,154,156,155,FIN-0,Subcontract,"Balcony railing installation, First Floor",43.42,681.12,408.15,1089.27,1162.97,73.7,6.8,1206.9,1216.62,5,58.15,Pending,EUR,2015-07-01,
0HiNZtHwPCJuXK3YsKm49z,IFCWINDOW,First Floor,Apartment 5,Finishing,Window,Exterior,27,N,,Added (synthetic),Apartment 5,AFBOUW,Not Started,Finishing,0,Low,N,,,Finishing Subcontractor,,,,,,FIN-0,Subcontract,,,,,,,,,,,5,,,EUR,,
25P1FLrhb43ONVrD2L840O,IFCWINDOW,First Floor,,Finishing,Window,Exterior,1,N,,Added (synthetic),,GEVEL,Not Started,Finishing,0,Low,N,16 hrs (2 days),9.4,Finishing Subcontractor,2.0024,155,154,156,155,FIN-0,Subcontract,"Balcony railing installation, First Floor",43.42,681.12,408.15,1089.27,1162.97,73.7,6.8,1206.9,1216.62,5,58.15,Pending,EUR,2015-07-01,
2PKnB$Yrb4QPj4dii4Mh9J,IFCWINDOW,Second Floor,,Finishing,Window,Exterior,1,N,,Added (synthetic),,GEVEL,Not Started,Finishing,0,Low,N,24 hrs (3 days),11.9,Finishing Subcontractor,2.0030,161,160,162,161,FIN-0,Subcontract,"Balcony railing installation, Second Floor",36.06,1060.08,429.11,1489.19,1194.04,-295.15,-19.8,1280.33,1250.82,5,59.7,Pending,EUR,2015-07-20,
305UsCgOr5d9qsncJ$8RVN,IFCWINDOW,Second Floor,,Finishing,Window,Exterior,1,N,,Added (synthetic),,GEVEL,Not Started,Finishing,0,Low,N,24 hrs (3 days),11.9,Finishing Subcontractor,2.0030,161,160,162,161,FIN-0,Subcontract,"Balcony railing installation, Second Floor",36.06,1060.08,429.11,1489.19,1194.04,-295.15,-19.8,1280.33,1250.82,5,59.7,Pending,EUR,2015-07-20,
0sS$ynhr12VfVoUHJgHL8n,IFCWINDOW,Second Floor,,Finishing,Window,Exterior,1,N,,Added (synthetic),,GEVEL,Not Started,Finishing,0,Low,N,24 hrs (3 days),11.9,Finishing Subcontractor,2.0030,161,160,162,161,FIN-0,Subcontract,"Balcony railing installation, Second Floor",36.06,1060.08,429.11,1489.19,1194.04,-295.15,-19.8,1280.33,1250.82,5,59.7,Pending,EUR,2015-07-20,
1D6XPjH$jCMBVPpXzrBrBh,IFCWINDOW,Second Floor,,Finishing,Window,Exterior,1,N,,Added (synthetic),,GEVEL,Not Started,Finishing,0,Low,N,24 hrs (3 days),11.9,Finishing Subcontractor,2.0030,161,160,162,161,FIN-0,Subcontract,"Balcony railing installation, Second Floor",36.06,1060.08,429.11,1489.19,1194.04,-295.15,-19.8,1280.33,1250.82,5,59.7,Pending,EUR,2015-07-20,
0Yp5qy$a5C1OAOYHZOB8II,IFCWINDOW,Second Floor,,Finishing,Window,Exterior,1,N,,Added (synthetic),,GEVEL,Not Started,Finishing,0,Low,N,24 hrs (3 days),11.9,Finishing Subcontractor,2.0030,161,160,162,161,FIN-0,Subcontract,"Balcony railing installation, Second Floor",36.06,1060.08,429.11,1489.19,1194.04,-295.15,-19.8,1280.33,1250.82,5,59.7,Pending,EUR,2015-07-20,
0_$NSu2evBVeFZQgjiEuAx,IFCWINDOW,Second Floor,,Finishing,Window,Exterior,1,N,,Added (synthetic),,GEVEL,Not Started,Finishing,0,Low,N,24 hrs (3 days),11.9,Finishing Subcontractor,2.0030,161,160,162,161,FIN-0,Subcontract,"Balcony railing installation, Second Floor",36.06,1060.08,429.11,1489.19,1194.04,-295.15,-19.8,1280.33,1250.82,5,59.7,Pending,EUR,2015-07-20,
11$JW3xLX2xA3HAKDO$V4x,IFCWINDOW,Second Floor,,Finishing,Window,Exterior,1,N,,Added (synthetic),,GEVEL,Not Started,Finishing,0,Low,N,24 hrs (3 days),11.9,Finishing Subcontractor,2.0030,161,160,162,161,FIN-0,Subcontract,"Balcony railing installation, Second Floor",36.06,1060.08,429.11,1489.19,1194.04,-295.15,-19.8,1280.33,1250.82,5,59.7,Pending,EUR,2015-07-20,
32FFCa8B198P$NJwP8hwgu,IFCWINDOW,Second Floor,,Finishing,Window,Exterior,1,N,,Added (synthetic),,GEVEL,Not Started,Finishing,0,Low,N,24 hrs (3 days),11.9,Finishing Subcontractor,2.0030,161,160,162,161,FIN-0,Subcontract,"Balcony railing installation, Second Floor",36.06,1060.08,429.11,1489.19,1194.04,-295.15,-19.8,1280.33,1250.82,5,59.7,Pending,EUR,2015-07-20,
2oDI2uiQHDBf119Ffbq8pl,IFCWINDOW,Second Floor,,Finishing,Window,Exterior,1,N,,Added (synthetic),,GEVEL,Not Started,Finishing,0,Low,N,24 hrs (3 days),11.9,Finishing Subcontractor,2.0030,161,160,162,161,FIN-0,Subcontract,"Balcony railing installation, Second Floor",36.06,1060.08,429.11,1489.19,1194.04,-295.15,-19.8,1280.33,1250.82,5,59.7,Pending,EUR,2015-07-20,
1wlI6JqsLEOhCsZqoJuwxZ,IFCWINDOW,Second Floor,,Finishing,Window,Exterior,1,N,,Added (synthetic),,GEVEL,Not Started,Finishing,0,Low,N,24 hrs (3 days),11.9,Finishing Subcontractor,2.0030,161,160,162,161,FIN-0,Subcontract,"Balcony railing installation, Second Floor",36.06,1060.08,429.11,1489.19,1194.04,-295.15,-19.8,1280.33,1250.82,5,59.7,Pending,EUR,2015-07-20,
2JBh8Xn6DDFfR$iL4REVIO,IFCWINDOW,Second Floor,,Finishing,Window,Exterior,1,N,,Added (synthetic),,GEVEL,Not Started,Finishing,0,Low,N,24 hrs (3 days),11.9,Finishing Subcontractor,2.0030,161,160,162,161,FIN-0,Subcontract,"Balcony railing installation, Second Floor",36.06,1060.08,429.11,1489.19,1194.04,-295.15,-19.8,1280.33,1250.82,5,59.7,Pending,EUR,2015-07-20,
23hLVZfJz6LAZH1fYDmUwS,IFCWINDOW,Second Floor,,Finishing,Window,Exterior,1,N,,Added (synthetic),,GEVEL,Not Started,Finishing,0,Low,N,24 hrs (3 days),11.9,Finishing Subcontractor,2.0030,161,160,162,161,FIN-0,Subcontract,"Balcony railing installation, Second Floor",36.06,1060.08,429.11,1489.19,1194.04,-295.15,-19.8,1280.33,1250.82,5,59.7,Pending,EUR,2015-07-20,
0co_SMokj9s9Ux6ep1NuBV,IFCWINDOW,Second Floor,,Finishing,Window,Exterior,1,N,,Added (synthetic),,GEVEL,Not Started,Finishing,0,Low,N,24 hrs (3 days),11.9,Finishing Subcontractor,2.0030,161,160,162,161,FIN-0,Subcontract,"Balcony railing installation, Second Floor",36.06,1060.08,429.11,1489.19,1194.04,-295.15,-19.8,1280.33,1250.82,5,59.7,Pending,EUR,2015-07-20,
2NlbpQJhX57A98fAICSHEw,IFCWINDOW,Second Floor,,Finishing,Window,Exterior,1,N,,Added (synthetic),,GEVEL,Not Started,Finishing,0,Low,N,24 hrs (3 days),11.9,Finishing Subcontractor,2.0030,161,160,162,161,FIN-0,Subcontract,"Balcony railing installation, Second Floor",36.06,1060.08,429.11,1489.19,1194.04,-295.15,-19.8,1280.33,1250.82,5,59.7,Pending,EUR,2015-07-20,
2_cZuNiRL9_POUhd7yFcwr,IFCWINDOW,Second Floor,,Finishing,Window,Exterior,1,N,,Added (synthetic),,GEVEL,Not Started,Finishing,0,Low,N,24 hrs (3 days),11.9,Finishing Subcontractor,2.0030,161,160,162,161,FIN-0,Subcontract,"Balcony railing installation, Second Floor",36.06,1060.08,429.11,1489.19,1194.04,-295.15,-19.8,1280.33,1250.82,5,59.7,Pending,EUR,2015-07-20,
3h8HoOyCv3LAYN5dc$49X5,IFCWINDOW,Second Floor,,Finishing,Window,Exterior,1,N,,Added (synthetic),,GEVEL,Not Started,Finishing,0,Low,N,24 hrs (3 days),11.9,Finishing Subcontractor,2.0030,161,160,162,161,FIN-0,Subcontract,"Balcony railing installation, Second Floor",36.06,1060.08,429.11,1489.19,1194.04,-295.15,-19.8,1280.33,1250.82,5,59.7,Pending,EUR,2015-07-20,
1m4nE1pPr2b8wIfR9a_VVL,IFCWINDOW,Second Floor,,Finishing,Window,Exterior,1,N,,Added (synthetic),,GEVEL,Not Started,Finishing,0,Low,N,24 hrs (3 days),11.9,Finishing Subcontractor,2.0030,161,160,162,161,FIN-0,Subcontract,"Balcony railing installation, Second Floor",36.06,1060.08,429.11,1489.19,1194.04,-295.15,-19.8,1280.33,1250.82,5,59.7,Pending,EUR,2015-07-20,
1wEE7IMAj3ZewoallFdW$w,IFCWINDOW,Second Floor,,Finishing,Window,Exterior,1,N,,Added (synthetic),,GEVEL,Not Started,Finishing,0,Low,N,24 hrs (3 days),11.9,Finishing Subcontractor,2.0030,161,160,162,161,FIN-0,Subcontract,"Balcony railing installation, Second Floor",36.06,1060.08,429.11,1489.19,1194.04,-295.15,-19.8,1280.33,1250.82,5,59.7,Pending,EUR,2015-07-20,
3rQ8vxEjf7ChTPNEIHZubP,IFCWINDOW,Second Floor,,Finishing,Window,Exterior,1,N,,Added (synthetic),,GEVEL,Not Started,Finishing,0,Low,N,24 hrs (3 days),11.9,Finishing Subcontractor,2.0030,161,160,162,161,FIN-0,Subcontract,"Balcony railing installation, Second Floor",36.06,1060.08,429.11,1489.19,1194.04,-295.15,-19.8,1280.33,1250.82,5,59.7,Pending,EUR,2015-07-20,
0If$3rc9P57xz4jVBVFnR1,IFCWINDOW,Second Floor,,Finishing,Window,Exterior,1,N,,Added (synthetic),,GEVEL,Not Started,Finishing,0,Low,N,24 hrs (3 days),11.9,Finishing Subcontractor,2.0030,161,160,162,161,FIN-0,Subcontract,"Balcony railing installation, Second Floor",36.06,1060.08,429.11,1489.19,1194.04,-295.15,-19.8,1280.33,1250.82,5,59.7,Pending,EUR,2015-07-20,
0NDCKOxXf8aw$lz$AzvqxX,IFCWINDOW,Second Floor,,Finishing,Window,Exterior,1,N,,Added (synthetic),,GEVEL,Not Started,Finishing,0,Low,N,24 hrs (3 days),11.9,Finishing Subcontractor,2.0030,161,160,162,161,FIN-0,Subcontract,"Balcony railing installation, Second Floor",36.06,1060.08,429.11,1489.19,1194.04,-295.15,-19.8,1280.33,1250.82,5,59.7,Pending,EUR,2015-07-20,
0ijouLVuz4qOaWI8eCDmYZ,IFCWINDOW,Second Floor,,Finishing,Window,Exterior,1,N,,Added (synthetic),,GEVEL,Not Started,Finishing,0,Low,N,24 hrs (3 days),11.9,Finishing Subcontractor,2.0030,161,160,162,161,FIN-0,Subcontract,"Balcony railing installation, Second Floor",36.06,1060.08,429.11,1489.19,1194.04,-295.15,-19.8,1280.33,1250.82,5,59.7,Pending,EUR,2015-07-20,
2R58Jw87jDCevbnOC3rmac,IFCWINDOW,Second Floor,,Finishing,Window,Exterior,1,N,,Added (synthetic),,GEVEL,Not Started,Finishing,0,Low,N,24 hrs (3 days),11.9,Finishing Subcontractor,2.0030,161,160,162,161,FIN-0,Subcontract,"Balcony railing installation, Second Floor",36.06,1060.08,429.11,1489.19,1194.04,-295.15,-19.8,1280.33,1250.82,5,59.7,Pending,EUR,2015-07-20,
2$V3GlXWDFa9ozTMOGOymq,IFCWINDOW,Second Floor,,Finishing,Window,Exterior,1,N,,Added (synthetic),,GEVEL,Not Started,Finishing,0,Low,N,24 hrs (3 days),11.9,Finishing Subcontractor,2.0030,161,160,162,161,FIN-0,Subcontract,"Balcony railing installation, Second Floor",36.06,1060.08,429.11,1489.19,1194.04,-295.15,-19.8,1280.33,1250.82,5,59.7,Pending,EUR,2015-07-20,
3jpBco5Of4g9v0dMt1k4Gs,IFCWINDOW,Second Floor,,Finishing,Window,Exterior,1,N,,Added (synthetic),,GEVEL,Not Started,Finishing,0,Low,N,24 hrs (3 days),11.9,Finishing Subcontractor,2.0030,161,160,162,161,FIN-0,Subcontract,"Balcony railing installation, Second Floor",36.06,1060.08,429.11,1489.19,1194.04,-295.15,-19.8,1280.33,1250.82,5,59.7,Pending,EUR,2015-07-20,
1HMWw8mcr1KOvkIr0tFQMU,IFCWINDOW,Second Floor,,Finishing,Window,Exterior,1,N,,Added (synthetic),,GEVEL,Not Started,Finishing,0,Low,N,24 hrs (3 days),11.9,Finishing Subcontractor,2.0030,161,160,162,161,FIN-0,Subcontract,"Balcony railing installation, Second Floor",36.06,1060.08,429.11,1489.19,1194.04,-295.15,-19.8,1280.33,1250.82,5,59.7,Pending,EUR,2015-07-20,
0KhPVJu4P3A9E4zoWFJz0w,IFCWINDOW,Second Floor,,Finishing,Window,Exterior,1,N,,Added (synthetic),,GEVEL,Not Started,Finishing,0,Low,N,24 hrs (3 days),11.9,Finishing Subcontractor,2.0030,161,160,162,161,FIN-0,Subcontract,"Balcony railing installation, Second Floor",36.06,1060.08,429.11,1489.19,1194.04,-295.15,-19.8,1280.33,1250.82,5,59.7,Pending,EUR,2015-07-20,
1q3tRNJXP28AT4_Y9XviYV,IFCWINDOW,Second Floor,,Finishing,Window,Exterior,1,N,,Added (synthetic),,GEVEL,Not Started,Finishing,0,Low,N,24 hrs (3 days),11.9,Finishing Subcontractor,2.0030,161,160,162,161,FIN-0,Subcontract,"Balcony railing installation, Second Floor",36.06,1060.08,429.11,1489.19,1194.04,-295.15,-19.8,1280.33,1250.82,5,59.7,Pending,EUR,2015-07-20,
3chKGarqH0KuFJTVdW349F,IFCWINDOW,Second Floor,,Finishing,Window,Exterior,1,N,,Added (synthetic),,GEVEL,Not Started,Finishing,0,Low,N,24 hrs (3 days),11.9,Finishing Subcontractor,2.0030,161,160,162,161,FIN-0,Subcontract,"Balcony railing installation, Second Floor",36.06,1060.08,429.11,1489.19,1194.04,-295.15,-19.8,1280.33,1250.82,5,59.7,Pending,EUR,2015-07-20,
21DYv1qCP5FOPMzDf2BdGU,IFCWINDOW,Second Floor,,Finishing,Window,Exterior,1,N,,Added (synthetic),,GEVEL,Not Started,Finishing,0,Low,N,24 hrs (3 days),11.9,Finishing Subcontractor,2.0030,161,160,162,161,FIN-0,Subcontract,"Balcony railing installation, Second Floor",36.06,1060.08,429.11,1489.19,1194.04,-295.15,-19.8,1280.33,1250.82,5,59.7,Pending,EUR,2015-07-20,
1qR9Yh4uT2M8QYv5il00VU,IFCWINDOW,Second Floor,,Finishing,Window,Exterior,1,N,,Added (synthetic),,GEVEL,Not Started,Finishing,0,Low,N,24 hrs (3 days),11.9,Finishing Subcontractor,2.0030,161,160,162,161,FIN-0,Subcontract,"Balcony railing installation, Second Floor",36.06,1060.08,429.11,1489.19,1194.04,-295.15,-19.8,1280.33,1250.82,5,59.7,Pending,EUR,2015-07-20,
1czSEvfOzE4Oi_LLlJxhyd,IFCWINDOW,Second Floor,,Finishing,Window,Exterior,1,N,,Added (synthetic),,GEVEL,Not Started,Finishing,0,Low,N,24 hrs (3 days),11.9,Finishing Subcontractor,2.0030,161,160,162,161,FIN-0,Subcontract,"Balcony railing installation, Second Floor",36.06,1060.08,429.11,1489.19,1194.04,-295.15,-19.8,1280.33,1250.82,5,59.7,Pending,EUR,2015-07-20,
3BOPbUZ1T5Ug2zkGHwafoi,IFCWINDOW,Second Floor,,Finishing,Window,Exterior,1,N,,Added (synthetic),,GEVEL,Not Started,Finishing,0,Low,N,24 hrs (3 days),11.9,Finishing Subcontractor,2.0030,161,160,162,161,FIN-0,Subcontract,"Balcony railing installation, Second Floor",36.06,1060.08,429.11,1489.19,1194.04,-295.15,-19.8,1280.33,1250.82,5,59.7,Pending,EUR,2015-07-20,
3fi85$zLn2ghOSoxhxMJYO,IFCWINDOW,Second Floor,,Finishing,Window,Exterior,1,N,,Added (synthetic),,GEVEL,Not Started,Finishing,0,Low,N,24 hrs (3 days),11.9,Finishing Subcontractor,2.0030,161,160,162,161,FIN-0,Subcontract,"Balcony railing installation, Second Floor",36.06,1060.08,429.11,1489.19,1194.04,-295.15,-19.8,1280.33,1250.82,5,59.7,Pending,EUR,2015-07-20,
3IqSuYSFHADuKaAsofIt9x,IFCWINDOW,Second Floor,,Finishing,Window,Exterior,1,N,,Added (synthetic),,GEVEL,Not Started,Finishing,0,Low,N,24 hrs (3 days),11.9,Finishing Subcontractor,2.0030,161,160,162,161,FIN-0,Subcontract,"Balcony railing installation, Second Floor",36.06,1060.08,429.11,1489.19,1194.04,-295.15,-19.8,1280.33,1250.82,5,59.7,Pending,EUR,2015-07-20,
1DGTGmOMj8AvihClKJPKCD,IFCWINDOW,Second Floor,,Finishing,Window,Exterior,1,N,,Added (synthetic),,GEVEL,Not Started,Finishing,0,Low,N,24 hrs (3 days),11.9,Finishing Subcontractor,2.0030,161,160,162,161,FIN-0,Subcontract,"Balcony railing installation, Second Floor",36.06,1060.08,429.11,1489.19,1194.04,-295.15,-19.8,1280.33,1250.82,5,59.7,Pending,EUR,2015-07-20,
1SPXkEO_f5xPavTXTLbPI$,IFCWINDOW,Second Floor,,Finishing,Window,Exterior,1,N,,Added (synthetic),,GEVEL,Not Started,Finishing,0,Low,N,24 hrs (3 days),11.9,Finishing Subcontractor,2.0030,161,160,162,161,FIN-0,Subcontract,"Balcony railing installation, Second Floor",36.06,1060.08,429.11,1489.19,1194.04,-295.15,-19.8,1280.33,1250.82,5,59.7,Pending,EUR,2015-07-20,
2swgU59GXB_xDlq7OzgSpv,IFCWINDOW,Second Floor,,Finishing,Window,Exterior,1,N,,Added (synthetic),,GEVEL,Not Started,Finishing,0,Low,N,24 hrs (3 days),11.9,Finishing Subcontractor,2.0030,161,160,162,161,FIN-0,Subcontract,"Balcony railing installation, Second Floor",36.06,1060.08,429.11,1489.19,1194.04,-295.15,-19.8,1280.33,1250.82,5,59.7,Pending,EUR,2015-07-20,
11ycc28Dr4oepXoXW_NnL6,IFCWINDOW,Second Floor,,Finishing,Window,Exterior,1,N,,Added (synthetic),,GEVEL,Not Started,Finishing,0,Low,N,24 hrs (3 days),11.9,Finishing Subcontractor,2.0030,161,160,162,161,FIN-0,Subcontract,"Balcony railing installation, Second Floor",36.06,1060.08,429.11,1489.19,1194.04,-295.15,-19.8,1280.33,1250.82,5,59.7,Pending,EUR,2015-07-20,
2CT4vuDHz80BzUCFoJ0LTI,IFCWINDOW,Second Floor,,Finishing,Window,Exterior,1,N,,Added (synthetic),,GEVEL,Not Started,Finishing,0,Low,N,24 hrs (3 days),11.9,Finishing Subcontractor,2.0030,161,160,162,161,FIN-0,Subcontract,"Balcony railing installation, Second Floor",36.06,1060.08,429.11,1489.19,1194.04,-295.15,-19.8,1280.33,1250.82,5,59.7,Pending,EUR,2015-07-20,
3W9VqGRgr09fcNbT79krnR,IFCWINDOW,Second Floor,,Finishing,Window,Exterior,1,N,,Added (synthetic),,GEVEL,Not Started,Finishing,0,Low,N,24 hrs (3 days),11.9,Finishing Subcontractor,2.0030,161,160,162,161,FIN-0,Subcontract,"Balcony railing installation, Second Floor",36.06,1060.08,429.11,1489.19,1194.04,-295.15,-19.8,1280.33,1250.82,5,59.7,Pending,EUR,2015-07-20,
3RrFw8EAf1GRoBD_pVEc41,IFCWINDOW,Second Floor,,Finishing,Window,Exterior,1,N,,Added (synthetic),,GEVEL,Not Started,Finishing,0,Low,N,24 hrs (3 days),11.9,Finishing Subcontractor,2.0030,161,160,162,161,FIN-0,Subcontract,"Balcony railing installation, Second Floor",36.06,1060.08,429.11,1489.19,1194.04,-295.15,-19.8,1280.33,1250.82,5,59.7,Pending,EUR,2015-07-20,
1Hjs_P2aXCOPI7_$2kdF6v,IFCWINDOW,Second Floor,,Finishing,Window,Exterior,1,N,,Added (synthetic),,GEVEL,Not Started,Finishing,0,Low,N,24 hrs (3 days),11.9,Finishing Subcontractor,2.0030,161,160,162,161,FIN-0,Subcontract,"Balcony railing installation, Second Floor",36.06,1060.08,429.11,1489.19,1194.04,-295.15,-19.8,1280.33,1250.82,5,59.7,Pending,EUR,2015-07-20,
35s4FHAyjB4RwDF8g0$JwM,IFCWINDOW,Second Floor,,Finishing,Window,Exterior,1,N,,Added (synthetic),,GEVEL,Not Started,Finishing,0,Low,N,24 hrs (3 days),11.9,Finishing Subcontractor,2.0030,161,160,162,161,FIN-0,Subcontract,"Balcony railing installation, Second Floor",36.06,1060.08,429.11,1489.19,1194.04,-295.15,-19.8,1280.33,1250.82,5,59.7,Pending,EUR,2015-07-20,
33HuU010bEdBTNffikwk7C,IFCWINDOW,Second Floor,,Finishing,Window,Exterior,1,N,,Added (synthetic),,GEVEL,Not Started,Finishing,0,Low,N,24 hrs (3 days),11.9,Finishing Subcontractor,2.0030,161,160,162,161,FIN-0,Subcontract,"Balcony railing installation, Second Floor",36.06,1060.08,429.11,1489.19,1194.04,-295.15,-19.8,1280.33,1250.82,5,59.7,Pending,EUR,2015-07-20,
3YghERoAfAiunwtuKsXi69,IFCWINDOW,Second Floor,,Finishing,Window,Exterior,1,N,,Added (synthetic),,GEVEL,Not Started,Finishing,0,Low,N,24 hrs (3 days),11.9,Finishing Subcontractor,2.0030,161,160,162,161,FIN-0,Subcontract,"Balcony railing installation, Second Floor",36.06,1060.08,429.11,1489.19,1194.04,-295.15,-19.8,1280.33,1250.82,5,59.7,Pending,EUR,2015-07-20,
3dxXVt7mz5yQHgR4nKqxCm,IFCWINDOW,Second Floor,,Finishing,Window,Exterior,1,N,,Added (synthetic),,GEVEL,Not Started,Finishing,0,Low,N,24 hrs (3 days),11.9,Finishing Subcontractor,2.0030,161,160,162,161,FIN-0,Subcontract,"Balcony railing installation, Second Floor",36.06,1060.08,429.11,1489.19,1194.04,-295.15,-19.8,1280.33,1250.82,5,59.7,Pending,EUR,2015-07-20,
1ZvjfnAcr7VueX4qTg5Ajj,IFCWINDOW,Second Floor,,Finishing,Window,Exterior,1,N,,Added (synthetic),,GEVEL,Not Started,Finishing,0,Low,N,24 hrs (3 days),11.9,Finishing Subcontractor,2.0030,161,160,162,161,FIN-0,Subcontract,"Balcony railing installation, Second Floor",36.06,1060.08,429.11,1489.19,1194.04,-295.15,-19.8,1280.33,1250.82,5,59.7,Pending,EUR,2015-07-20,
2OraOVIKPAOg8rJoQjQczk,IFCWINDOW,Second Floor,,Finishing,Window,Exterior,1,N,,Added (synthetic),,GEVEL,Not Started,Finishing,0,Low,N,24 hrs (3 days),11.9,Finishing Subcontractor,2.0030,161,160,162,161,FIN-0,Subcontract,"Balcony railing installation, Second Floor",36.06,1060.08,429.11,1489.19,1194.04,-295.15,-19.8,1280.33,1250.82,5,59.7,Pending,EUR,2015-07-20,
0w67SppZj5MvHkxZnft01E,IFCWINDOW,Second Floor,,Finishing,Window,Exterior,1,N,,Added (synthetic),,GEVEL,Not Started,Finishing,0,Low,N,24 hrs (3 days),11.9,Finishing Subcontractor,2.0030,161,160,162,161,FIN-0,Subcontract,"Balcony railing installation, Second Floor",36.06,1060.08,429.11,1489.19,1194.04,-295.15,-19.8,1280.33,1250.82,5,59.7,Pending,EUR,2015-07-20,
2VSPey61T9RB_q$osXbLMV,IFCWINDOW,Second Floor,,Finishing,Window,Exterior,1,N,,Added (synthetic),,GEVEL,Not Started,Finishing,0,Low,N,24 hrs (3 days),11.9,Finishing Subcontractor,2.0030,161,160,162,161,FIN-0,Subcontract,"Balcony railing installation, Second Floor",36.06,1060.08,429.11,1489.19,1194.04,-295.15,-19.8,1280.33,1250.82,5,59.7,Pending,EUR,2015-07-20,
2Fr_G_D5z2SQ4zYSECOkbO,IFCWINDOW,Second Floor,,Finishing,Window,Exterior,1,N,,Added (synthetic),,GEVEL,Not Started,Finishing,0,Low,N,24 hrs (3 days),11.9,Finishing Subcontractor,2.0030,161,160,162,161,FIN-0,Subcontract,"Balcony railing installation, Second Floor",36.06,1060.08,429.11,1489.19,1194.04,-295.15,-19.8,1280.33,1250.82,5,59.7,Pending,EUR,2015-07-20,
1WF0f7xan32xUC_zu0m2Yd,IFCWINDOW,Second Floor,,Finishing,Window,Exterior,1,N,,Added (synthetic),,GEVEL,Not Started,Finishing,0,Low,N,24 hrs (3 days),11.9,Finishing Subcontractor,2.0030,161,160,162,161,FIN-0,Subcontract,"Balcony railing installation, Second Floor",36.06,1060.08,429.11,1489.19,1194.04,-295.15,-19.8,1280.33,1250.82,5,59.7,Pending,EUR,2015-07-20,
39mUraBw56_gD25yTzysZW,IFCWINDOW,Second Floor,,Finishing,Window,Exterior,1,N,,Added (synthetic),,GEVEL,Not Started,Finishing,0,Low,N,24 hrs (3 days),11.9,Finishing Subcontractor,2.0030,161,160,162,161,FIN-0,Subcontract,"Balcony railing installation, Second Floor",36.06,1060.08,429.11,1489.19,1194.04,-295.15,-19.8,1280.33,1250.82,5,59.7,Pending,EUR,2015-07-20,
171wovydf4b8htV6pg$TFJ,IFCWINDOW,Second Floor,,Finishing,Window,Exterior,1,N,,Added (synthetic),,GEVEL,Not Started,Finishing,0,Low,N,24 hrs (3 days),11.9,Finishing Subcontractor,2.0030,161,160,162,161,FIN-0,Subcontract,"Balcony railing installation, Second Floor",36.06,1060.08,429.11,1489.19,1194.04,-295.15,-19.8,1280.33,1250.82,5,59.7,Pending,EUR,2015-07-20,
1BecTfmYnDMvo6swvRkssx,IFCWINDOW,Second Floor,,Finishing,Window,Exterior,1,N,,Added (synthetic),,GEVEL,Not Started,Finishing,0,Low,N,24 hrs (3 days),11.9,Finishing Subcontractor,2.0030,161,160,162,161,FIN-0,Subcontract,"Balcony railing installation, Second Floor",36.06,1060.08,429.11,1489.19,1194.04,-295.15,-19.8,1280.33,1250.82,5,59.7,Pending,EUR,2015-07-20,
0EHGvEFwz0_OPzoNWThJC6,IFCWINDOW,Second Floor,,Finishing,Window,Exterior,1,N,,Added (synthetic),,GEVEL,Not Started,Finishing,0,Low,N,24 hrs (3 days),11.9,Finishing Subcontractor,2.0030,161,160,162,161,FIN-0,Subcontract,"Balcony railing installation, Second Floor",36.06,1060.08,429.11,1489.19,1194.04,-295.15,-19.8,1280.33,1250.82,5,59.7,Pending,EUR,2015-07-20,
1f7zMqweP0kuzgAoVzEWut,IFCWINDOW,Second Floor,,Finishing,Window,Exterior,1,N,,Added (synthetic),,GEVEL,Not Started,Finishing,0,Low,N,24 hrs (3 days),11.9,Finishing Subcontractor,2.0030,161,160,162,161,FIN-0,Subcontract,"Balcony railing installation, Second Floor",36.06,1060.08,429.11,1489.19,1194.04,-295.15,-19.8,1280.33,1250.82,5,59.7,Pending,EUR,2015-07-20,
2lt7ZnqNjDs9E2NE_fHF_4,IFCWINDOW,Second Floor,,Finishing,Window,Exterior,1,N,,Added (synthetic),,GEVEL,Not Started,Finishing,0,Low,N,24 hrs (3 days),11.9,Finishing Subcontractor,2.0030,161,160,162,161,FIN-0,Subcontract,"Balcony railing installation, Second Floor",36.06,1060.08,429.11,1489.19,1194.04,-295.15,-19.8,1280.33,1250.82,5,59.7,Pending,EUR,2015-07-20,
05CYtgzRz4DxcXy88RuGvo,IFCWINDOW,Second Floor,,Finishing,Window,Exterior,1,N,,Added (synthetic),,GEVEL,Not Started,Finishing,0,Low,N,24 hrs (3 days),11.9,Finishing Subcontractor,2.0030,161,160,162,161,FIN-0,Subcontract,"Balcony railing installation, Second Floor",36.06,1060.08,429.11,1489.19,1194.04,-295.15,-19.8,1280.33,1250.82,5,59.7,Pending,EUR,2015-07-20,
1fI1NXTpj7BxFTmw5$kjhb,IFCWINDOW,Second Floor,,Finishing,Window,Exterior,1,N,,Added (synthetic),,GEVEL,Not Started,Finishing,0,Low,N,24 hrs (3 days),11.9,Finishing Subcontractor,2.0030,161,160,162,161,FIN-0,Subcontract,"Balcony railing installation, Second Floor",36.06,1060.08,429.11,1489.19,1194.04,-295.15,-19.8,1280.33,1250.82,5,59.7,Pending,EUR,2015-07-20,
2zVo1VURr81P4zGfpGNjd9,IFCWINDOW,Second Floor,,Finishing,Window,Exterior,1,N,,Added (synthetic),,GEVEL,Not Started,Finishing,0,Low,N,24 hrs (3 days),11.9,Finishing Subcontractor,2.0030,161,160,162,161,FIN-0,Subcontract,"Balcony railing installation, Second Floor",36.06,1060.08,429.11,1489.19,1194.04,-295.15,-19.8,1280.33,1250.82,5,59.7,Pending,EUR,2015-07-20,
0mPuDc5FT2YhFju_2TJR5L,IFCWINDOW,Second Floor,,Finishing,Window,Exterior,1,N,,Added (synthetic),,GEVEL,Not Started,Finishing,0,Low,N,24 hrs (3 days),11.9,Finishing Subcontractor,2.0030,161,160,162,161,FIN-0,Subcontract,"Balcony railing installation, Second Floor",36.06,1060.08,429.11,1489.19,1194.04,-295.15,-19.8,1280.33,1250.82,5,59.7,Pending,EUR,2015-07-20,
32SyG2XEDDDhMCQmPD9LrL,IFCWINDOW,Second Floor,,Finishing,Window,Exterior,1,N,,Added (synthetic),,GEVEL,Not Started,Finishing,0,Low,N,24 hrs (3 days),11.9,Finishing Subcontractor,2.0030,161,160,162,161,FIN-0,Subcontract,"Balcony railing installation, Second Floor",36.06,1060.08,429.11,1489.19,1194.04,-295.15,-19.8,1280.33,1250.82,5,59.7,Pending,EUR,2015-07-20,
2blRi3iY12ng6i9rcsih4e,IFCWINDOW,Second Floor,,Finishing,Window,Exterior,1,N,,Added (synthetic),,GEVEL,Not Started,Finishing,0,Low,N,24 hrs (3 days),11.9,Finishing Subcontractor,2.0030,161,160,162,161,FIN-0,Subcontract,"Balcony railing installation, Second Floor",36.06,1060.08,429.11,1489.19,1194.04,-295.15,-19.8,1280.33,1250.82,5,59.7,Pending,EUR,2015-07-20,
0e582X10f8qQO1eTOH2xCn,IFCWINDOW,Second Floor,,Finishing,Window,Exterior,1,N,,Added (synthetic),,GEVEL,Not Started,Finishing,0,Low,N,24 hrs (3 days),11.9,Finishing Subcontractor,2.0030,161,160,162,161,FIN-0,Subcontract,"Balcony railing installation, Second Floor",36.06,1060.08,429.11,1489.19,1194.04,-295.15,-19.8,1280.33,1250.82,5,59.7,Pending,EUR,2015-07-20,
178Zovd$P9MeTHI2jV$s2n,IFCWINDOW,Third Floor,,Finishing,Window,Exterior,1,N,,Added (synthetic),,GEVEL,Not Started,Finishing,0,Low,N,24 hrs (3 days),9.1,Finishing Subcontractor,2.0036,167,166,168,167,FIN-0,Subcontract,"Balcony railing installation, Third Floor",22.19,932.64,201.93,1134.57,1266.15,131.58,11.6,1306.93,1285.98,5,63.31,Pending,EUR,2015-08-05,
3ZKKU$3lPCq8PEyTGjaGdU,IFCWINDOW,Third Floor,,Finishing,Window,Exterior,1,N,,Added (synthetic),,GEVEL,Not Started,Finishing,0,Low,N,24 hrs (3 days),9.1,Finishing Subcontractor,2.0036,167,166,168,167,FIN-0,Subcontract,"Balcony railing installation, Third Floor",22.19,932.64,201.93,1134.57,1266.15,131.58,11.6,1306.93,1285.98,5,63.31,Pending,EUR,2015-08-05,
3kTNDXm3L6jgBFZ2taLcKJ,IFCWINDOW,Third Floor,,Finishing,Window,Exterior,1,N,,Added (synthetic),,GEVEL,Not Started,Finishing,0,Low,N,24 hrs (3 days),9.1,Finishing Subcontractor,2.0036,167,166,168,167,FIN-0,Subcontract,"Balcony railing installation, Third Floor",22.19,932.64,201.93,1134.57,1266.15,131.58,11.6,1306.93,1285.98,5,63.31,Pending,EUR,2015-08-05,
30Awpp2EX78eiSUY7FvQt3,IFCWINDOW,Third Floor,,Finishing,Window,Exterior,1,N,,Added (synthetic),,GEVEL,Not Started,Finishing,0,Low,N,24 hrs (3 days),9.1,Finishing Subcontractor,2.0036,167,166,168,167,FIN-0,Subcontract,"Balcony railing installation, Third Floor",22.19,932.64,201.93,1134.57,1266.15,131.58,11.6,1306.93,1285.98,5,63.31,Pending,EUR,2015-08-05,
0xmEoRha9E$xhaP7dhI3oe,IFCWINDOW,Third Floor,,Finishing,Window,Exterior,1,N,,Added (synthetic),,GEVEL,Not Started,Finishing,0,Low,N,24 hrs (3 days),9.1,Finishing Subcontractor,2.0036,167,166,168,167,FIN-0,Subcontract,"Balcony railing installation, Third Floor",22.19,932.64,201.93,1134.57,1266.15,131.58,11.6,1306.93,1285.98,5,63.31,Pending,EUR,2015-08-05,
3vBRjYZSX1a8J6d0CTn4Yh,IFCWINDOW,Third Floor,,Finishing,Window,Exterior,1,N,,Added (synthetic),,GEVEL,Not Started,Finishing,0,Low,N,24 hrs (3 days),9.1,Finishing Subcontractor,2.0036,167,166,168,167,FIN-0,Subcontract,"Balcony railing installation, Third Floor",22.19,932.64,201.93,1134.57,1266.15,131.58,11.6,1306.93,1285.98,5,63.31,Pending,EUR,2015-08-05,
2KiBBLKs133RJOEnn$kg25,IFCWINDOW,Third Floor,,Finishing,Window,Exterior,1,N,,Added (synthetic),,GEVEL,Not Started,Finishing,0,Low,N,24 hrs (3 days),9.1,Finishing Subcontractor,2.0036,167,166,168,167,FIN-0,Subcontract,"Balcony railing installation, Third Floor",22.19,932.64,201.93,1134.57,1266.15,131.58,11.6,1306.93,1285.98,5,63.31,Pending,EUR,2015-08-05,
2boqH8yCb7me06TlnJm870,IFCWINDOW,Third Floor,,Finishing,Window,Exterior,1,N,,Added (synthetic),,GEVEL,Not Started,Finishing,0,Low,N,24 hrs (3 days),9.1,Finishing Subcontractor,2.0036,167,166,168,167,FIN-0,Subcontract,"Balcony railing installation, Third Floor",22.19,932.64,201.93,1134.57,1266.15,131.58,11.6,1306.93,1285.98,5,63.31,Pending,EUR,2015-08-05,
2GoKiXXxrC7g4IPoyQPZ2t,IFCWINDOW,Third Floor,,Finishing,Window,Exterior,1,N,,Added (synthetic),,GEVEL,Not Started,Finishing,0,Low,N,24 hrs (3 days),9.1,Finishing Subcontractor,2.0036,167,166,168,167,FIN-0,Subcontract,"Balcony railing installation, Third Floor",22.19,932.64,201.93,1134.57,1266.15,131.58,11.6,1306.93,1285.98,5,63.31,Pending,EUR,2015-08-05,
1vWdN2kyHCyOFb8jrE1QwS,IFCWINDOW,Third Floor,,Finishing,Window,Exterior,1,N,,Added (synthetic),,GEVEL,Not Started,Finishing,0,Low,N,24 hrs (3 days),9.1,Finishing Subcontractor,2.0036,167,166,168,167,FIN-0,Subcontract,"Balcony railing installation, Third Floor",22.19,932.64,201.93,1134.57,1266.15,131.58,11.6,1306.93,1285.98,5,63.31,Pending,EUR,2015-08-05,
2EqkVNVRnBUvQjRlN4tm$r,IFCWINDOW,Third Floor,,Finishing,Window,Exterior,1,N,,Added (synthetic),,GEVEL,Not Started,Finishing,0,Low,N,24 hrs (3 days),9.1,Finishing Subcontractor,2.0036,167,166,168,167,FIN-0,Subcontract,"Balcony railing installation, Third Floor",22.19,932.64,201.93,1134.57,1266.15,131.58,11.6,1306.93,1285.98,5,63.31,Pending,EUR,2015-08-05,
266hPy3$L5vfMXcAOOFF6p,IFCWINDOW,Third Floor,,Finishing,Window,Exterior,1,N,,Added (synthetic),,GEVEL,Not Started,Finishing,0,Low,N,24 hrs (3 days),9.1,Finishing Subcontractor,2.0036,167,166,168,167,FIN-0,Subcontract,"Balcony railing installation, Third Floor",22.19,932.64,201.93,1134.57,1266.15,131.58,11.6,1306.93,1285.98,5,63.31,Pending,EUR,2015-08-05,
15m0CeBGfECerYsUDbEOge,IFCWINDOW,,,Finishing,Window,Exterior,5,N,,Original,,AFBOUW,Complete,Finishing,100,Low,N,,,Finishing Subcontractor,,,,,,FIN-0,Subcontract,,,,,,,,,,,5,,,EUR,,
0qOSzz4qrCIO8I0BFBBwg9,IFCWINDOW,,,Finishing,Window,Exterior,5,N,,Original,,AFBOUW,Complete,Finishing,100,Low,N,,,Finishing Subcontractor,,,,,,FIN-0,Subcontract,,,,,,,,,,,5,,,EUR,,
3Wp4aZh5H6qPRVFtOem3_A,IFCWINDOW,,,Finishing,Window,Exterior,5,N,,Original,,AFBOUW,Complete,Finishing,100,Low,N,,,Finishing Subcontractor,,,,,,FIN-0,Subcontract,,,,,,,,,,,5,,,EUR,,
11RySdoR58kP5miKc_WA6F,IFCWINDOW,,,Finishing,Window,Exterior,5,N,,Original,,AFBOUW,Complete,Finishing,100,Low,N,,,Finishing Subcontractor,,,,,,FIN-0,Subcontract,,,,,,,,,,,5,,,EUR,,
0_f7yvHAD4nwZoIARNjl1v,IFCWINDOW,Roof,,Finishing,Window,Exterior,5,N,,Original,,AFBOUW,Complete,Finishing,100,Low,N,,,Finishing Subcontractor,,,,,,FIN-0,Subcontract,,,,,,,,,,,5,,,EUR,,
187USFh2r5cOPBWBpNJgHJ,IFCWINDOW,Roof,,Finishing,Window,Exterior,5,N,,Original,,AFBOUW,Complete,Finishing,100,Low,N,,,Finishing Subcontractor,,,,,,FIN-0,Subcontract,,,,,,,,,,,5,,,EUR,,
3wi$IxEnzE7PY_Fz$GwcQX,IFCWINDOW,Roof,,Finishing,Window,Exterior,5,N,,Original,,AFBOUW,Complete,Finishing,100,Low,N,,,Finishing Subcontractor,,,,,,FIN-0,Subcontract,,,,,,,,,,,5,,,EUR,,
3kikpo5Zf9XQWnNfyl$b3h,IFCWINDOW,Roof,,Finishing,Window,Exterior,5,N,,Original,,AFBOUW,Complete,Finishing,100,Low,N,,,Finishing Subcontractor,,,,,,FIN-0,Subcontract,,,,,,,,,,,5,,,EUR,,
1oUqZKaXTFE9XEtTIlzoKi,IFCWINDOW,Roof,,Finishing,Window,Exterior,5,N,,Original,,AFBOUW,Complete,Finishing,100,Low,N,,,Finishing Subcontractor,,,,,,FIN-0,Subcontract,,,,,,,,,,,5,,,EUR,,
32VIvm2_P7AQHfabzfmEqI,IFCDISTRIBUTIONELEMENT,Ground Floor,Apartment 1,General/Site,Other,Interior,1,N,39,Original,,UITVOERING,Complete,General/Site,100,Low,N,8 hrs (1 day),1,Main Contractor,1.0031,35,,,35,GEN-0,Subcontract,Install ground floor sealing membrane,130.96,354,130.96,484.96,464.41,-20.55,-4.2,479.6,464.41,5,23.22,Paid,EUR,2015-04-07,
1Dy5mWBn93FBoTxey7DIVO,IFCDISTRIBUTIONELEMENT,Ground Floor,Apartment 2,General/Site,Other,Interior,1,N,39,Original,,UITVOERING,Complete,General/Site,100,Low,N,8 hrs (1 day),1,Main Contractor,1.0031,35,,,35,GEN-0,Subcontract,Install ground floor sealing membrane,130.96,354,130.96,484.96,464.41,-20.55,-4.2,479.6,464.41,5,23.22,Paid,EUR,2015-04-07,
2eMdrGtAjDdfViY3DsFDZ2,IFCDISTRIBUTIONELEMENT,Ground Floor,Apartment 2,General/Site,Other,Interior,1,N,39,Original,,UITVOERING,Complete,General/Site,100,Low,N,8 hrs (1 day),1,Main Contractor,1.0031,35,,,35,GEN-0,Subcontract,Install ground floor sealing membrane,130.96,354,130.96,484.96,464.41,-20.55,-4.2,479.6,464.41,5,23.22,Paid,EUR,2015-04-07,
36VbipjFXB5hjKJidDw3EL,IFCDISTRIBUTIONELEMENT,Ground Floor,Apartment 1,General/Site,Other,Interior,1,N,39,Original,,UITVOERING,Complete,General/Site,100,Low,N,8 hrs (1 day),1,Main Contractor,1.0031,35,,,35,GEN-0,Subcontract,Install ground floor sealing membrane,130.96,354,130.96,484.96,464.41,-20.55,-4.2,479.6,464.41,5,23.22,Paid,EUR,2015-04-07,
3szCuhD_fEyPEluEz9S5xk,IFCDISTRIBUTIONELEMENT,Second Floor,,General/Site,Other,Interior,0,,,,,,,,,,,,,,,,,,,,,,,,,,,,,,,,,,,,
0h_GtoGPr7Te1gKRmbOxsh,IFCDISTRIBUTIONELEMENT,Second Floor,,General/Site,Other,Interior,0,,,,,,,,,,,,,,,,,,,,,,,,,,,,,,,,,,,,
1$4MpIzlf8jAtXYKS1uXr5,IFCDISTRIBUTIONELEMENT,Second Floor,,General/Site,Other,Interior,0,,,,,,,,,,,,,,,,,,,,,,,,,,,,,,,,,,,,
12w8RHXib5xO2eopGOE0eP,IFCDISTRIBUTIONELEMENT,Second Floor,,General/Site,Other,Interior,0,,,,,,,,,,,,,,,,,,,,,,,,,,,,,,,,,,,,
3flVVUsffAPeRW4B67OHos,IFCDISTRIBUTIONELEMENT,Second Floor,,General/Site,Other,Interior,0,,,,,,,,,,,,,,,,,,,,,,,,,,,,,,,,,,,,
33u1o6Tw93B803FsLjs6QE,IFCDISTRIBUTIONELEMENT,Second Floor,,General/Site,Other,Interior,0,,,,,,,,,,,,,,,,,,,,,,,,,,,,,,,,,,,,
0qGzDLWC1FxvHoBokp6VgM,IFCDISTRIBUTIONELEMENT,Second Floor,,General/Site,Other,Interior,0,,,,,,,,,,,,,,,,,,,,,,,,,,,,,,,,,,,,
0zY7noGvnFMvxM5kksFnBW,IFCDISTRIBUTIONELEMENT,Second Floor,,General/Site,Other,Interior,0,,,,,,,,,,,,,,,,,,,,,,,,,,,,,,,,,,,,
2CvI2yl2nBeP5ONcMYz18L,IFCDISTRIBUTIONELEMENT,Second Floor,,General/Site,Other,Interior,0,,,,,,,,,,,,,,,,,,,,,,,,,,,,,,,,,,,,
3Ttf7liDj6SPvSoI_zkbnL,IFCFLOWSEGMENT,Ground Floor,,General/Site,Other,Interior,1,N,39,Original,,UITVOERING,Complete,General/Site,100,Low,N,8 hrs (1 day),1,Main Contractor,1.0031,35,,,35,GEN-0,Subcontract,Install ground floor sealing membrane,130.96,354,130.96,484.96,464.41,-20.55,-4.2,479.6,464.41,5,23.22,Paid,EUR,2015-04-07,
3DJjU8G6j1xODAbQVxIUQz,IFCFLOWSEGMENT,Ground Floor,,General/Site,Other,Interior,1,N,39,Original,,UITVOERING,Complete,General/Site,100,Low,N,8 hrs (1 day),1,Main Contractor,1.0031,35,,,35,GEN-0,Subcontract,Install ground floor sealing membrane,130.96,354,130.96,484.96,464.41,-20.55,-4.2,479.6,464.41,5,23.22,Paid,EUR,2015-04-07,
3_yySJMP582fcSudu7WG0W,IFCFLOWSEGMENT,Ground Floor,,General/Site,Other,Interior,1,N,39,Original,,UITVOERING,Complete,General/Site,100,Low,N,8 hrs (1 day),1,Main Contractor,1.0031,35,,,35,GEN-0,Subcontract,Install ground floor sealing membrane,130.96,354,130.96,484.96,464.41,-20.55,-4.2,479.6,464.41,5,23.22,Paid,EUR,2015-04-07,
0bt_nRQyfDN8YfRjsoVHLW,IFCFLOWSEGMENT,Ground Floor,,General/Site,Other,Interior,1,N,39,Original,,UITVOERING,Complete,General/Site,100,Low,N,8 hrs (1 day),1,Main Contractor,1.0031,35,,,35,GEN-0,Subcontract,Install ground floor sealing membrane,130.96,354,130.96,484.96,464.41,-20.55,-4.2,479.6,464.41,5,23.22,Paid,EUR,2015-04-07,
2A3YfFTA5FVRfe_MB_nN8Y,IFCFLOWSEGMENT,Ground Floor,,General/Site,Other,Interior,1,N,39,Original,,UITVOERING,Complete,General/Site,100,Low,N,8 hrs (1 day),1,Main Contractor,1.0031,35,,,35,GEN-0,Subcontract,Install ground floor sealing membrane,130.96,354,130.96,484.96,464.41,-20.55,-4.2,479.6,464.41,5,23.22,Paid,EUR,2015-04-07,
2s5KYyjjr3VRqGnqBGzSMO,IFCFLOWSEGMENT,Ground Floor,,General/Site,Other,Interior,1,N,39,Original,,UITVOERING,Complete,General/Site,100,Low,N,8 hrs (1 day),1,Main Contractor,1.0031,35,,,35,GEN-0,Subcontract,Install ground floor sealing membrane,130.96,354,130.96,484.96,464.41,-20.55,-4.2,479.6,464.41,5,23.22,Paid,EUR,2015-04-07,
1McJJLXTj2egVhpYy4cxHf,IFCFLOWSEGMENT,Ground Floor,,General/Site,Other,Interior,1,N,39,Original,,UITVOERING,Complete,General/Site,100,Low,N,8 hrs (1 day),1,Main Contractor,1.0031,35,,,35,GEN-0,Subcontract,Install ground floor sealing membrane,130.96,354,130.96,484.96,464.41,-20.55,-4.2,479.6,464.41,5,23.22,Paid,EUR,2015-04-07,
2u6ZYt7vL1ThY38prh4L0N,IFCFLOWSEGMENT,Ground Floor,,General/Site,Other,Interior,1,N,39,Original,,UITVOERING,Complete,General/Site,100,Low,N,8 hrs (1 day),1,Main Contractor,1.0031,35,,,35,GEN-0,Subcontract,Install ground floor sealing membrane,130.96,354,130.96,484.96,464.41,-20.55,-4.2,479.6,464.41,5,23.22,Paid,EUR,2015-04-07,
1I90gZziP7BB4tkb71SiN_,IFCFLOWSEGMENT,Ground Floor,,General/Site,Other,Interior,1,N,39,Original,,UITVOERING,Complete,General/Site,100,Low,N,8 hrs (1 day),1,Main Contractor,1.0031,35,,,35,GEN-0,Subcontract,Install ground floor sealing membrane,130.96,354,130.96,484.96,464.41,-20.55,-4.2,479.6,464.41,5,23.22,Paid,EUR,2015-04-07,
1_mHNiuEP9pQJThHBOqS0E,IFCFLOWSEGMENT,Ground Floor,,General/Site,Other,Interior,1,N,39,Original,,UITVOERING,Complete,General/Site,100,Low,N,8 hrs (1 day),1,Main Contractor,1.0031,35,,,35,GEN-0,Subcontract,Install ground floor sealing membrane,130.96,354,130.96,484.96,464.41,-20.55,-4.2,479.6,464.41,5,23.22,Paid,EUR,2015-04-07,
1KOkShUpTCM9jhwtC2kwW7,IFCFLOWSEGMENT,Ground Floor,,General/Site,Other,Interior,1,N,39,Original,,UITVOERING,Complete,General/Site,100,Low,N,8 hrs (1 day),1,Main Contractor,1.0031,35,,,35,GEN-0,Subcontract,Install ground floor sealing membrane,130.96,354,130.96,484.96,464.41,-20.55,-4.2,479.6,464.41,5,23.22,Paid,EUR,2015-04-07,
0Y3_lHjebCGOW575Szydvz,IFCFLOWSEGMENT,Ground Floor,,General/Site,Other,Interior,1,N,39,Original,,UITVOERING,Complete,General/Site,100,Low,N,8 hrs (1 day),1,Main Contractor,1.0031,35,,,35,GEN-0,Subcontract,Install ground floor sealing membrane,130.96,354,130.96,484.96,464.41,-20.55,-4.2,479.6,464.41,5,23.22,Paid,EUR,2015-04-07,
0uQJf1Dj5C1BpqeoHKcCKk,IFCFLOWSEGMENT,Ground Floor,,General/Site,Other,Interior,1,N,39,Original,,UITVOERING,Complete,General/Site,100,Low,N,8 hrs (1 day),1,Main Contractor,1.0031,35,,,35,GEN-0,Subcontract,Install ground floor sealing membrane,130.96,354,130.96,484.96,464.41,-20.55,-4.2,479.6,464.41,5,23.22,Paid,EUR,2015-04-07,
2YmrFRegP1RRAmn3cnKJ_$,IFCFLOWSEGMENT,Ground Floor,,General/Site,Other,Interior,1,N,39,Original,,UITVOERING,Complete,General/Site,100,Low,N,8 hrs (1 day),1,Main Contractor,1.0031,35,,,35,GEN-0,Subcontract,Install ground floor sealing membrane,130.96,354,130.96,484.96,464.41,-20.55,-4.2,479.6,464.41,5,23.22,Paid,EUR,2015-04-07,
1rCOY$Fcz4Nf1MoezOatqz,IFCFLOWSEGMENT,Ground Floor,,General/Site,Other,Interior,1,N,39,Original,,UITVOERING,Complete,General/Site,100,Low,N,8 hrs (1 day),1,Main Contractor,1.0031,35,,,35,GEN-0,Subcontract,Install ground floor sealing membrane,130.96,354,130.96,484.96,464.41,-20.55,-4.2,479.6,464.41,5,23.22,Paid,EUR,2015-04-07,
0OTSekFTLESAzmO_ZsE2n5,IFCFLOWSEGMENT,First Floor,,General/Site,Other,Interior,0,,,,,,,,,,,,,,,,,,,,,,,,,,,,,,,,,,,,
1Nm9StVgTEQQGB5WOal1si,IFCFLOWSEGMENT,First Floor,,General/Site,Other,Interior,0,,,,,,,,,,,,,,,,,,,,,,,,,,,,,,,,,,,,
2HMWkpCs1EGgeWQMs4GRiK,IFCFLOWSEGMENT,First Floor,,General/Site,Other,Interior,0,,,,,,,,,,,,,,,,,,,,,,,,,,,,,,,,,,,,
2$ccYjoh9CDRh6W789edSj,IFCFLOWSEGMENT,First Floor,,General/Site,Other,Interior,0,,,,,,,,,,,,,,,,,,,,,,,,,,,,,,,,,,,,
1FFSqVKmL0Xwtx0P57fGxq,IFCFLOWSEGMENT,First Floor,,General/Site,Other,Interior,0,,,,,,,,,,,,,,,,,,,,,,,,,,,,,,,,,,,,
3nUvT4p0D6ae2oqX84OWGo,IFCFLOWSEGMENT,First Floor,,General/Site,Other,Interior,0,,,,,,,,,,,,,,,,,,,,,,,,,,,,,,,,,,,,
2jYQXMJuj2hBq3zWh7wY__,IFCFLOWSEGMENT,First Floor,,General/Site,Other,Interior,0,,,,,,,,,,,,,,,,,,,,,,,,,,,,,,,,,,,,
3iYQkCuxz2nwxpnW8$kdHE,IFCFLOWSEGMENT,First Floor,,General/Site,Other,Interior,0,,,,,,,,,,,,,,,,,,,,,,,,,,,,,,,,,,,,
3jHuEG8Db8cvhVT1EF7oKr,IFCFLOWSEGMENT,First Floor,,General/Site,Other,Interior,0,,,,,,,,,,,,,,,,,,,,,,,,,,,,,,,,,,,,
1YDmI78iP77BltH6f4ilkF,IFCFLOWSEGMENT,First Floor,,General/Site,Other,Interior,0,,,,,,,,,,,,,,,,,,,,,,,,,,,,,,,,,,,,
0zBScffkjCvxXQOLMo_hrw,IFCFLOWSEGMENT,First Floor,,General/Site,Other,Interior,0,,,,,,,,,,,,,,,,,,,,,,,,,,,,,,,,,,,,
2sgXLd7aX299FqEO35m2dC,IFCFLOWSEGMENT,First Floor,,General/Site,Other,Interior,0,,,,,,,,,,,,,,,,,,,,,,,,,,,,,,,,,,,,
3xnwkpT09ARgpWP_pMglGg,IFCFLOWSEGMENT,First Floor,,General/Site,Other,Interior,0,,,,,,,,,,,,,,,,,,,,,,,,,,,,,,,,,,,,
03BUw3rjn7Oh2DfUkYYjLd,IFCFLOWSEGMENT,First Floor,,General/Site,Other,Interior,0,,,,,,,,,,,,,,,,,,,,,,,,,,,,,,,,,,,,
0U11HnEL99k90SlEVMnNnK,IFCFLOWSEGMENT,First Floor,,General/Site,Other,Interior,0,,,,,,,,,,,,,,,,,,,,,,,,,,,,,,,,,,,,
1oqNG_QbD67uryAYo4g_TG,IFCFLOWSEGMENT,First Floor,,General/Site,Other,Interior,0,,,,,,,,,,,,,,,,,,,,,,,,,,,,,,,,,,,,
0V9vf9b_v9yxdM73PwoSw5,IFCFLOWSEGMENT,First Floor,,General/Site,Other,Interior,0,,,,,,,,,,,,,,,,,,,,,,,,,,,,,,,,,,,,
2MNbRX9HX0nOm5SZzCNN_V,IFCFLOWSEGMENT,First Floor,,General/Site,Other,Interior,0,,,,,,,,,,,,,,,,,,,,,,,,,,,,,,,,,,,,
1_4XnDhBHBEeryMM9w_l$s,IFCFLOWSEGMENT,First Floor,,General/Site,Other,Interior,0,,,,,,,,,,,,,,,,,,,,,,,,,,,,,,,,,,,,
0lEDNj8hX6Tgm5mUGyL6oh,IFCFLOWSEGMENT,First Floor,,General/Site,Other,Interior,0,,,,,,,,,,,,,,,,,,,,,,,,,,,,,,,,,,,,
0$Rh2Tkb9BbvQQF52csf1G,IFCFLOWSEGMENT,First Floor,,General/Site,Other,Interior,0,,,,,,,,,,,,,,,,,,,,,,,,,,,,,,,,,,,,
3IisbUHgj3QAJddoFYsEyh,IFCFLOWSEGMENT,First Floor,,General/Site,Other,Interior,0,,,,,,,,,,,,,,,,,,,,,,,,,,,,,,,,,,,,
0JovkDc9n7kfNykscy2OB_,IFCFLOWSEGMENT,First Floor,,General/Site,Other,Interior,0,,,,,,,,,,,,,,,,,,,,,,,,,,,,,,,,,,,,
2GfECyL1jFqgq1jkTVEHXo,IFCFLOWSEGMENT,First Floor,,General/Site,Other,Interior,0,,,,,,,,,,,,,,,,,,,,,,,,,,,,,,,,,,,,
0jtXGehPf0Cgo9ReyUUw8R,IFCFLOWSEGMENT,Second Floor,,General/Site,Other,Interior,0,,,,,,,,,,,,,,,,,,,,,,,,,,,,,,,,,,,,
0LMb4c46D8oe3rX6bF$mNd,IFCFLOWSEGMENT,Second Floor,,General/Site,Other,Interior,0,,,,,,,,,,,,,,,,,,,,,,,,,,,,,,,,,,,,
3YxBaA7v16xxgsGypJspiE,IFCFLOWSEGMENT,Second Floor,,General/Site,Other,Interior,0,,,,,,,,,,,,,,,,,,,,,,,,,,,,,,,,,,,,
3C1gzdB750kRwYK1jrEb7d,IFCFLOWSEGMENT,Second Floor,,General/Site,Other,Interior,0,,,,,,,,,,,,,,,,,,,,,,,,,,,,,,,,,,,,
3y0Q0TtNfB5wlipupt6$f4,IFCFLOWSEGMENT,Second Floor,,General/Site,Other,Interior,0,,,,,,,,,,,,,,,,,,,,,,,,,,,,,,,,,,,,
31dDV_Owj6NwBCsOlk1QjJ,IFCFLOWSEGMENT,Second Floor,,General/Site,Other,Interior,0,,,,,,,,,,,,,,,,,,,,,,,,,,,,,,,,,,,,
02RZkCDMT1pQT78Sc01VQE,IFCFLOWSEGMENT,Second Floor,,General/Site,Other,Interior,0,,,,,,,,,,,,,,,,,,,,,,,,,,,,,,,,,,,,
1AA79hZ_X5PgOaJM4Gj1Gn,IFCFLOWSEGMENT,Second Floor,,General/Site,Other,Interior,0,,,,,,,,,,,,,,,,,,,,,,,,,,,,,,,,,,,,
14sKJNsc1BwPzoh7DvlUdm,IFCFLOWSEGMENT,Second Floor,,General/Site,Other,Interior,0,,,,,,,,,,,,,,,,,,,,,,,,,,,,,,,,,,,,
3iSKR12Gv2qAcTVBG90U9l,IFCFLOWSEGMENT,Second Floor,,General/Site,Other,Interior,0,,,,,,,,,,,,,,,,,,,,,,,,,,,,,,,,,,,,
0f0vKgq5D02uQHm5HGkhDJ,IFCFLOWSEGMENT,Second Floor,,General/Site,Other,Interior,0,,,,,,,,,,,,,,,,,,,,,,,,,,,,,,,,,,,,
0O8aPpHmX3ex1UP9YFpmi8,IFCFLOWSEGMENT,Second Floor,,General/Site,Other,Interior,0,,,,,,,,,,,,,,,,,,,,,,,,,,,,,,,,,,,,
2nCsdBuFfETB3yr4ac8ftC,IFCFLOWSEGMENT,Second Floor,,General/Site,Other,Interior,0,,,,,,,,,,,,,,,,,,,,,,,,,,,,,,,,,,,,
27Zn$pssXDvAbYrBvDzb$x,IFCFLOWSEGMENT,Second Floor,,General/Site,Other,Interior,0,,,,,,,,,,,,,,,,,,,,,,,,,,,,,,,,,,,,
0Opm7c2Y1CsR51HkQQICul,IFCFLOWSEGMENT,Second Floor,,General/Site,Other,Interior,0,,,,,,,,,,,,,,,,,,,,,,,,,,,,,,,,,,,,
2rTC2RJBT1fRmoeGpoZ0Ql,IFCFLOWSEGMENT,Second Floor,,General/Site,Other,Interior,0,,,,,,,,,,,,,,,,,,,,,,,,,,,,,,,,,,,,
2bGXF6Haz7CQggTMZpU$GC,IFCFLOWSEGMENT,Second Floor,,General/Site,Other,Interior,0,,,,,,,,,,,,,,,,,,,,,,,,,,,,,,,,,,,,
0PvQtOU_9AeeHhxSwk9qS9,IFCFLOWSEGMENT,Second Floor,,General/Site,Other,Interior,0,,,,,,,,,,,,,,,,,,,,,,,,,,,,,,,,,,,,
0nftMTZOf4Oxe95_aPgk7X,IFCFLOWSEGMENT,Second Floor,,General/Site,Other,Interior,0,,,,,,,,,,,,,,,,,,,,,,,,,,,,,,,,,,,,
0iiT$Og5f1xvk26EXKfgVB,IFCFLOWSEGMENT,Second Floor,,General/Site,Other,Interior,0,,,,,,,,,,,,,,,,,,,,,,,,,,,,,,,,,,,,
3aeec9l$DBaepVRETomj9Y,IFCFLOWSEGMENT,Second Floor,,General/Site,Other,Interior,0,,,,,,,,,,,,,,,,,,,,,,,,,,,,,,,,,,,,
3V60v400XEBSLdGt9x8vAo,IFCOPENINGELEMENT,,,General/Site,Other,Interior,0,,,,,,,,,,,,,,,,,,,,,,,,,,,,,,,,,,,,
1pxF$WIrY17zECdxnWQm2P,IFCOPENINGELEMENT,,,General/Site,Other,Interior,0,,,,,,,,,,,,,,,,,,,,,,,,,,,,,,,,,,,,
3ib8v8dl32P5kzhn6tXbk3,IFCOPENINGELEMENT,,,General/Site,Other,Interior,0,,,,,,,,,,,,,,,,,,,,,,,,,,,,,,,,,,,,
3zAMENWkMpWjVZBUxGGlNb,IFCOPENINGELEMENT,,,General/Site,Other,Interior,0,,,,,,,,,,,,,,,,,,,,,,,,,,,,,,,,,,,,
3WMY5krdz54lIOHbK6cg3o,IFCOPENINGELEMENT,,,General/Site,Other,Interior,0,,,,,,,,,,,,,,,,,,,,,,,,,,,,,,,,,,,,
1OVySEmHFHdipc8tHw$JoP,IFCOPENINGELEMENT,,,General/Site,Other,Interior,0,,,,,,,,,,,,,,,,,,,,,,,,,,,,,,,,,,,,
2GK2888FNUDebw1bXUxS3V,IFCOPENINGELEMENT,,,General/Site,Other,Interior,0,,,,,,,,,,,,,,,,,,,,,,,,,,,,,,,,,,,,
1LBU1tL8d9DEA9BhZ9gsuc,IFCOPENINGELEMENT,,,General/Site,Other,Interior,0,,,,,,,,,,,,,,,,,,,,,,,,,,,,,,,,,,,,
1qrRkv3zXyuAMHWKz0fGJj,IFCOPENINGELEMENT,,,General/Site,Other,Interior,0,,,,,,,,,,,,,,,,,,,,,,,,,,,,,,,,,,,,
3P4AXXdMqDfySyU5JAVKQq,IFCOPENINGELEMENT,,,General/Site,Other,Interior,0,,,,,,,,,,,,,,,,,,,,,,,,,,,,,,,,,,,,
2YTu3steXE$WMJAsJFbg27,IFCOPENINGELEMENT,,,General/Site,Other,Interior,0,,,,,,,,,,,,,,,,,,,,,,,,,,,,,,,,,,,,
1slHY8IMUglWsYTrH3MaIp,IFCOPENINGELEMENT,,,General/Site,Other,Interior,0,,,,,,,,,,,,,,,,,,,,,,,,,,,,,,,,,,,,
3Loz87W2QU8ZXxJvmvicsl,IFCOPENINGELEMENT,,,General/Site,Other,Interior,0,,,,,,,,,,,,,,,,,,,,,,,,,,,,,,,,,,,,
3aaZ34vTqUdH_lsBbTmw$t,IFCOPENINGELEMENT,,,General/Site,Other,Interior,0,,,,,,,,,,,,,,,,,,,,,,,,,,,,,,,,,,,,
0IEPamUddvmzAprJOQn4F0,IFCOPENINGELEMENT,,,General/Site,Other,Interior,0,,,,,,,,,,,,,,,,,,,,,,,,,,,,,,,,,,,,
37zRds4ANdcvJxswLMHEbg,IFCOPENINGELEMENT,,,General/Site,Other,Interior,0,,,,,,,,,,,,,,,,,,,,,,,,,,,,,,,,,,,,
1E_dUDvmJWCU7qbEHGNUFL,IFCOPENINGELEMENT,,,General/Site,Other,Interior,0,,,,,,,,,,,,,,,,,,,,,,,,,,,,,,,,,,,,
1og9YKWY_EFKLC9YltQRUm,IFCOPENINGELEMENT,,,General/Site,Other,Interior,0,,,,,,,,,,,,,,,,,,,,,,,,,,,,,,,,,,,,
1sNgiC090UdtFQO5npPFM2,IFCOPENINGELEMENT,,,General/Site,Other,Interior,0,,,,,,,,,,,,,,,,,,,,,,,,,,,,,,,,,,,,
06pCH1SYZ4TC9sXztIUIP6,IFCOPENINGELEMENT,,,General/Site,Other,Interior,0,,,,,,,,,,,,,,,,,,,,,,,,,,,,,,,,,,,,
2l7rgQIFSfxzKkno1Hi5D1,IFCOPENINGELEMENT,,,General/Site,Other,Interior,0,,,,,,,,,,,,,,,,,,,,,,,,,,,,,,,,,,,,
0zkPGJjLkL9gWCbwVvNqqA,IFCOPENINGELEMENT,,,General/Site,Other,Interior,0,,,,,,,,,,,,,,,,,,,,,,,,,,,,,,,,,,,,
13Vvkc_yyjKxPao2AYC3C4,IFCOPENINGELEMENT,,,General/Site,Other,Interior,0,,,,,,,,,,,,,,,,,,,,,,,,,,,,,,,,,,,,
2FXfLj7BbJzgyZ2gjiLgfP,IFCOPENINGELEMENT,,,General/Site,Other,Interior,0,,,,,,,,,,,,,,,,,,,,,,,,,,,,,,,,,,,,
1HMu6$4nLPMJmbympAKWlh,IFCOPENINGELEMENT,,,General/Site,Other,Interior,0,,,,,,,,,,,,,,,,,,,,,,,,,,,,,,,,,,,,
0fsr4AdIiOgBwzfZa28r_o,IFCOPENINGELEMENT,,,General/Site,Other,Interior,0,,,,,,,,,,,,,,,,,,,,,,,,,,,,,,,,,,,,
06zXvol68ifaSN6A2MPov0,IFCOPENINGELEMENT,,,General/Site,Other,Interior,0,,,,,,,,,,,,,,,,,,,,,,,,,,,,,,,,,,,,
3tMTKSP5YJ505cjzpGpCoP,IFCOPENINGELEMENT,,,General/Site,Other,Interior,0,,,,,,,,,,,,,,,,,,,,,,,,,,,,,,,,,,,,
2xicW6eU04O2vo5611eb6m,IFCOPENINGELEMENT,,,General/Site,Other,Interior,0,,,,,,,,,,,,,,,,,,,,,,,,,,,,,,,,,,,,
0mwYDZf_8Aq2dXR0_oDKUO,IFCOPENINGELEMENT,,,General/Site,Other,Interior,0,,,,,,,,,,,,,,,,,,,,,,,,,,,,,,,,,,,,
0Dyqt$xH7lsEsHVNLZyqpz,IFCOPENINGELEMENT,,,General/Site,Other,Interior,0,,,,,,,,,,,,,,,,,,,,,,,,,,,,,,,,,,,,
0SlGRK9ZOVUK9BtaMmgD2V,IFCOPENINGELEMENT,,,General/Site,Other,Interior,0,,,,,,,,,,,,,,,,,,,,,,,,,,,,,,,,,,,,
1ClSPLKbrtgzKnGghFJfRG,IFCOPENINGELEMENT,,,General/Site,Other,Interior,0,,,,,,,,,,,,,,,,,,,,,,,,,,,,,,,,,,,,
0_CqIoZjW2apc6nSTYv2Dx,IFCOPENINGELEMENT,,,General/Site,Other,Interior,0,,,,,,,,,,,,,,,,,,,,,,,,,,,,,,,,,,,,
1yiR6eAmST0jHLMQDwQyya,IFCOPENINGELEMENT,,,General/Site,Other,Interior,0,,,,,,,,,,,,,,,,,,,,,,,,,,,,,,,,,,,,
3GP9QYrbayq33qri5qyt2$,IFCOPENINGELEMENT,,,General/Site,Other,Interior,0,,,,,,,,,,,,,,,,,,,,,,,,,,,,,,,,,,,,
2_5jthHi8DiV82sEu6QUir,IFCOPENINGELEMENT,,,General/Site,Other,Interior,0,,,,,,,,,,,,,,,,,,,,,,,,,,,,,,,,,,,,
2jT_OTjZM5odqgM7jd8Qq2,IFCOPENINGELEMENT,,,General/Site,Other,Interior,0,,,,,,,,,,,,,,,,,,,,,,,,,,,,,,,,,,,,
02KjFhRcI7CVZwDi31Zx0O,IFCOPENINGELEMENT,,,General/Site,Other,Interior,0,,,,,,,,,,,,,,,,,,,,,,,,,,,,,,,,,,,,
3QHlZ2Unwl2_E63a5CXgc4,IFCOPENINGELEMENT,,,General/Site,Other,Interior,0,,,,,,,,,,,,,,,,,,,,,,,,,,,,,,,,,,,,
3wQwZtXMIt8MY6jmRmfYts,IFCOPENINGELEMENT,,,General/Site,Other,Interior,0,,,,,,,,,,,,,,,,,,,,,,,,,,,,,,,,,,,,
0E6im$l57EqHL09ReZxPHt,IFCOPENINGELEMENT,,,General/Site,Other,Interior,0,,,,,,,,,,,,,,,,,,,,,,,,,,,,,,,,,,,,
0GqtzXOkvIqfkJk8AbAagN,IFCOPENINGELEMENT,,,General/Site,Other,Interior,0,,,,,,,,,,,,,,,,,,,,,,,,,,,,,,,,,,,,
2k7SwcvISjmPRfe9AnwmeV,IFCOPENINGELEMENT,,,General/Site,Other,Interior,0,,,,,,,,,,,,,,,,,,,,,,,,,,,,,,,,,,,,
0yeHirqI6mcF2qTQZ26WcN,IFCOPENINGELEMENT,,,General/Site,Other,Interior,0,,,,,,,,,,,,,,,,,,,,,,,,,,,,,,,,,,,,
0u433U_mtqmy447tYAv_dE,IFCOPENINGELEMENT,,,General/Site,Other,Interior,0,,,,,,,,,,,,,,,,,,,,,,,,,,,,,,,,,,,,
3FJMSSB3ATVembQhvKe9QY,IFCOPENINGELEMENT,,,General/Site,Other,Interior,0,,,,,,,,,,,,,,,,,,,,,,,,,,,,,,,,,,,,
2ZPLYMlv$R69hry2mM7R2B,IFCOPENINGELEMENT,,,General/Site,Other,Interior,0,,,,,,,,,,,,,,,,,,,,,,,,,,,,,,,,,,,,
1sQQnxp4yO4HQpeAeQHvRT,IFCOPENINGELEMENT,,,General/Site,Other,Interior,0,,,,,,,,,,,,,,,,,,,,,,,,,,,,,,,,,,,,
3ccxvIHVc_Chr3XroWbB9b,IFCOPENINGELEMENT,,,General/Site,Other,Interior,0,,,,,,,,,,,,,,,,,,,,,,,,,,,,,,,,,,,,
2sE8Ha8jZAEIetaRIzSZEf,IFCOPENINGELEMENT,,,General/Site,Other,Interior,0,,,,,,,,,,,,,,,,,,,,,,,,,,,,,,,,,,,,
04QTF4MUScLSzbMHxktTdB,IFCOPENINGELEMENT,,,General/Site,Other,Interior,0,,,,,,,,,,,,,,,,,,,,,,,,,,,,,,,,,,,,
2yG6PjMsJCSw$wWoUwaY4R,IFCOPENINGELEMENT,,,General/Site,Other,Interior,0,,,,,,,,,,,,,,,,,,,,,,,,,,,,,,,,,,,,
1Waj0870YwDfcS4RQijrMr,IFCOPENINGELEMENT,,,General/Site,Other,Interior,0,,,,,,,,,,,,,,,,,,,,,,,,,,,,,,,,,,,,
2Kc0O_KBDC0CH2mBZ6ePqI,IFCOPENINGELEMENT,,,General/Site,Other,Interior,0,,,,,,,,,,,,,,,,,,,,,,,,,,,,,,,,,,,,
1tknVQg$jcQGLlmYxhrZlq,IFCOPENINGELEMENT,,,General/Site,Other,Interior,0,,,,,,,,,,,,,,,,,,,,,,,,,,,,,,,,,,,,
3Ip6HsMyI1NcWFsDorI_mc,IFCOPENINGELEMENT,,,General/Site,Other,Interior,0,,,,,,,,,,,,,,,,,,,,,,,,,,,,,,,,,,,,
0UMmGnV463MLm2FMLl$rLX,IFCOPENINGELEMENT,,,General/Site,Other,Interior,0,,,,,,,,,,,,,,,,,,,,,,,,,,,,,,,,,,,,
1Gxll6B1U7YgSc0Q2yq5zA,IFCOPENINGELEMENT,,,General/Site,Other,Interior,0,,,,,,,,,,,,,,,,,,,,,,,,,,,,,,,,,,,,
3M0D3egUMBYtAWLjf7ifyp,IFCOPENINGELEMENT,,,General/Site,Other,Interior,0,,,,,,,,,,,,,,,,,,,,,,,,,,,,,,,,,,,,
3OdfN$Ive1S0F$$8adHAnR,IFCOPENINGELEMENT,,,General/Site,Other,Interior,0,,,,,,,,,,,,,,,,,,,,,,,,,,,,,,,,,,,,
1TbD1hYlkRvhSw29VgOblT,IFCOPENINGELEMENT,,,General/Site,Other,Interior,0,,,,,,,,,,,,,,,,,,,,,,,,,,,,,,,,,,,,
3Don1s7QEHh1a2pb7mpkxv,IFCOPENINGELEMENT,,,General/Site,Other,Interior,0,,,,,,,,,,,,,,,,,,,,,,,,,,,,,,,,,,,,
1mgaTBo5Ej3i1I52D7Kd99,IFCOPENINGELEMENT,,,General/Site,Other,Interior,0,,,,,,,,,,,,,,,,,,,,,,,,,,,,,,,,,,,,
264dm_Wg0ghNBAsQyrjaUO,IFCOPENINGELEMENT,,,General/Site,Other,Interior,0,,,,,,,,,,,,,,,,,,,,,,,,,,,,,,,,,,,,
1TuvwTbwpgOgwOQKGHCz13,IFCOPENINGELEMENT,,,General/Site,Other,Interior,0,,,,,,,,,,,,,,,,,,,,,,,,,,,,,,,,,,,,
1zo9HLxE57v4DmFM1Z7srY,IFCOPENINGELEMENT,,,General/Site,Other,Interior,0,,,,,,,,,,,,,,,,,,,,,,,,,,,,,,,,,,,,
1WyXfW4Hqoowfe6PwyMRfW,IFCOPENINGELEMENT,,,General/Site,Other,Interior,0,,,,,,,,,,,,,,,,,,,,,,,,,,,,,,,,,,,,
0bF$T5u17dBe6R6oW2DaAi,IFCOPENINGELEMENT,,,General/Site,Other,Interior,0,,,,,,,,,,,,,,,,,,,,,,,,,,,,,,,,,,,,
2k0WVKunoAv_AIv2NCiO8z,IFCOPENINGELEMENT,,,General/Site,Other,Interior,0,,,,,,,,,,,,,,,,,,,,,,,,,,,,,,,,,,,,
2$I6iiQ9n8n4TOgqMzA0SJ,IFCOPENINGELEMENT,,,General/Site,Other,Interior,0,,,,,,,,,,,,,,,,,,,,,,,,,,,,,,,,,,,,
1tsM6iVjMm95VTODAaeqlL,IFCOPENINGELEMENT,,,General/Site,Other,Interior,0,,,,,,,,,,,,,,,,,,,,,,,,,,,,,,,,,,,,
01l44l2PPl8f9P1d5P9HO9,IFCOPENINGELEMENT,,,General/Site,Other,Interior,0,,,,,,,,,,,,,,,,,,,,,,,,,,,,,,,,,,,,
2H8TFkE8qW1axTjo9SRRzr,IFCOPENINGELEMENT,,,General/Site,Other,Interior,0,,,,,,,,,,,,,,,,,,,,,,,,,,,,,,,,,,,,
3qtaRtgoOJ4eB7z7birJTK,IFCOPENINGELEMENT,,,General/Site,Other,Interior,0,,,,,,,,,,,,,,,,,,,,,,,,,,,,,,,,,,,,
10_3QclYzmHVaIndGIkCXa,IFCOPENINGELEMENT,,,General/Site,Other,Interior,0,,,,,,,,,,,,,,,,,,,,,,,,,,,,,,,,,,,,
1Gu952rAxgbDp5TElOy2HF,IFCOPENINGELEMENT,,,General/Site,Other,Interior,0,,,,,,,,,,,,,,,,,,,,,,,,,,,,,,,,,,,,
2qR9Q2qf_i3yhWEtsdkt4l,IFCOPENINGELEMENT,,,General/Site,Other,Interior,0,,,,,,,,,,,,,,,,,,,,,,,,,,,,,,,,,,,,
0jApD$0AtFJCJgOxoJd_ou,IFCOPENINGELEMENT,,,General/Site,Other,Interior,0,,,,,,,,,,,,,,,,,,,,,,,,,,,,,,,,,,,,
08nA3XiKsCFPSR4x8DIAVg,IFCVIRTUALELEMENT,,Apartment 3,General/Site,Other,Interior,0,,,,,,,,,,,,,,,,,,,,,,,,,,,,,,,,,,,,
1Ps_vqK8tHsfT0XCDZ923N,IFCVIRTUALELEMENT,,Apartment 2,General/Site,Other,Interior,0,,,,,,,,,,,,,,,,,,,,,,,,,,,,,,,,,,,,
2JDC55SxFn0F4s2UAqeMAP,IFCVIRTUALELEMENT,,Apartment 1,General/Site,Other,Interior,0,,,,,,,,,,,,,,,,,,,,,,,,,,,,,,,,,,,,
3omf1aomz19UFTckiuc4YD,IFCVIRTUALELEMENT,,Apartment 1,General/Site,Other,Interior,0,,,,,,,,,,,,,,,,,,,,,,,,,,,,,,,,,,,,
3IQ1ygr_Bl6XsL968Bjtyl,IFCVIRTUALELEMENT,,Apartment 6,General/Site,Other,Interior,0,,,,,,,,,,,,,,,,,,,,,,,,,,,,,,,,,,,,
3nqnuczG7hVvSt9PalogZU,IFCVIRTUALELEMENT,,Apartment 5,General/Site,Other,Interior,0,,,,,,,,,,,,,,,,,,,,,,,,,,,,,,,,,,,,
059JM2RQ1pWp49lBtElHfZ,IFCVIRTUALELEMENT,,Apartment 4,General/Site,Other,Interior,0,,,,,,,,,,,,,,,,,,,,,,,,,,,,,,,,,,,,
0nf35il59w2YM5$7fd6xtU,IFCVIRTUALELEMENT,,Apartment 4,General/Site,Other,Interior,0,,,,,,,,,,,,,,,,,,,,,,,,,,,,,,,,,,,,
0yyhwl8E0t8Y$5tymUZ9Ny,IFCVIRTUALELEMENT,,Apartment 8,General/Site,Other,Interior,0,,,,,,,,,,,,,,,,,,,,,,,,,,,,,,,,,,,,
3Olk_mPe65E0KtHIPy$_$1,IFCVIRTUALELEMENT,,Apartment 7,General/Site,Other,Interior,0,,,,,,,,,,,,,,,,,,,,,,,,,,,,,,,,,,,,
1KjO$vvpVoZVVv2TkgMMiV,IFCVIRTUALELEMENT,,Apartment 7,General/Site,Other,Interior,0,,,,,,,,,,,,,,,,,,,,,,,,,,,,,,,,,,,,
0AqwAKlfR7PF2iHZiwYgaj,IFCVIRTUALELEMENT,,Apartment 10,General/Site,Other,Interior,0,,,,,,,,,,,,,,,,,,,,,,,,,,,,,,,,,,,,
0YshRU0dY_pqHrelMDKS95,IFCVIRTUALELEMENT,,Apartment 9,General/Site,Other,Interior,0,,,,,,,,,,,,,,,,,,,,,,,,,,,,,,,,,,,,
1SVMTA56aioBMVjIKpDrkY,IFCVIRTUALELEMENT,,Apartment 9,General/Site,Other,Interior,0,,,,,,,,,,,,,,,,,,,,,,,,,,,,,,,,,,,,
MILESTONE_4,,,,,,,,Y,8,Original,,UITVOERING,Complete,Management/QA,100,High,N,0 hrs,,,1,4,,,,,,,,,,,,,,,,,,,,,True
MILESTONE_99,,,,,,,,Y,,Added (synthetic),,UITVOERING,Not Started,Management/QA,0,High,N,8 hrs (1 day),1,Site Management / QA Team,1.0095,99,98,100,,,,,,,,,,,,,,,,,,,True
MILESTONE_131,,,,,,,,Y,125,Original,,GEVEL,Complete,Management/QA,100,High,N,0 hrs,,,2,131,,,,,,,,,,,,,,,,,,,,,True
MILESTONE_182,,,,,,,,Y,150,Original,,DAK,Complete,Management/QA,100,High,N,0 hrs,,,3,182,,,,,,,,,,,,,,,,,,,,,True
MILESTONE_231,,,,,,,,Y,194,Original,,AFBOUW,Complete,Management/QA,100,High,N,0 hrs,,,4,231,,,,,,,,,,,,,,,,,,,,,True
MILESTONE_529,,,,,,,,Y,208,Original,,OPLEVEREN,Complete,Management/QA,100,High,N,0 hrs,,,5,529,,,,,,,,,,,,,,,,,,,,,True
MILESTONE_536,,,Apartment 1,,,,,Y,,Added (synthetic),Apartment 1,OPLEVEREN,Not Started,Management/QA,0,High,N,8 hrs (1 day),1,Site Management / QA Team,5.0007,536,535,,,,,,,,,,,,,,,,,,,,True
MILESTONE_540,,,Apartment 2,,,,,Y,,Added (synthetic),Apartment 2,OPLEVEREN,Not Started,Management/QA,0,High,N,8 hrs (1 day),1,Site Management / QA Team,5.0011,540,539,,,,,,,,,,,,,,,,,,,,True
MILESTONE_544,,,Apartment 3,,,,,Y,,Added (synthetic),Apartment 3,OPLEVEREN,Not Started,Management/QA,0,High,N,8 hrs (1 day),1,Site Management / QA Team,5.0015,544,543,,,,,,,,,,,,,,,,,,,,True
MILESTONE_548,,,Apartment 4,,,,,Y,,Added (synthetic),Apartment 4,OPLEVEREN,Not Started,Management/QA,0,High,N,8 hrs (1 day),1,Site Management / QA Team,5.0019,548,547,,,,,,,,,,,,,,,,,,,,True
MILESTONE_552,,,Apartment 5,,,,,Y,,Added (synthetic),Apartment 5,OPLEVEREN,Not Started,Management/QA,0,High,N,8 hrs (1 day),1,Site Management / QA Team,5.0023,552,551,,,,,,,,,,,,,,,,,,,,True
MILESTONE_556,,,Apartment 6,,,,,Y,,Added (synthetic),Apartment 6,OPLEVEREN,Not Started,Management/QA,0,High,N,8 hrs (1 day),1,Site Management / QA Team,5.0027,556,555,,,,,,,,,,,,,,,,,,,,True
MILESTONE_560,,,Apartment 7,,,,,Y,,Added (synthetic),Apartment 7,OPLEVEREN,Not Started,Management/QA,0,High,N,8 hrs (1 day),1,Site Management / QA Team,5.0031,560,559,,,,,,,,,,,,,,,,,,,,True
MILESTONE_564,,,Apartment 8,,,,,Y,,Added (synthetic),Apartment 8,OPLEVEREN,Not Started,Management/QA,0,High,N,8 hrs (1 day),1,Site Management / QA Team,5.0035,564,563,,,,,,,,,,,,,,,,,,,,True
MILESTONE_568,,,Apartment 9,,,,,Y,,Added (synthetic),Apartment 9,OPLEVEREN,Not Started,Management/QA,0,High,N,8 hrs (1 day),1,Site Management / QA Team,5.0039,568,567,,,,,,,,,,,,,,,,,,,,True
MILESTONE_572,,,Apartment 10,,,,,Y,,Added (synthetic),Apartment 10,OPLEVEREN,Not Started,Management/QA,0,High,N,8 hrs (1 day),1,Site Management / QA Team,5.0043,572,571,,,,,,,,,,,,,,,,,,,,True
